Bahia | Todos os Municípios
Município [-],Código [-],Gentílico [-],Prefeito [2025],Área Territorial - km² [2024],População no último censo - pessoas [2022],Densidade demográfica - hab/km² [2022],População estimada - pessoas [2024],Escolarização <span>6 a 14 anos</span> - % [2010],IDHM <span>Índice de desenvolvimento humano municipal</span> [2010],Mortalidade infantil - óbitos por mil nascidos vivos [2023],Total de receitas brutas realizadas - R$ [2024],Total de despesas brutas empenhadas - R$ [2024],PIB per capita - R$ [2021],
Abaíra,2900108,abairense,WELLINGTON BARBOSA SILVA,538.677,7301,13.55,7452,97.2,0.603,18.18,41373114.77,36196946.7,8086.04,
Abaré,2900207,abareense,EMANOEL MESCIAS MENEZES DE ANDRADE,1604.923,17639,10.99,18240,96.5,0.575,13.51,104917117.66,97662747.33,10127.1,
Acajutiba,2900306,acajutibense,JADIEL SOUZA JESUS,181.475,13795,76.02,14215,98,0.582,26.85,116120415.93,114159475.08,9499.76,
Adustina,2900355,adustinense,JOTA JUNIOR GONÇALVES,629.100,14201,22.57,14554,98.1,0.546,-,114022406.45,98603379.16,13986.28,
Água Fria,2900405,água-friense,RENAN ARAUJO BARROS,742.775,14497,19.52,14871,97,0.550,12.82,73397340.01,93720377.69,9269.33,
Érico Cardoso,2900504,érico-cardosense,ERALDO FÉLIX DA SILVA,735.249,10604,14.42,10948,98.8,0.584,21.51,53133336.7,50328616.35,7425.41,
Aiquara,2900603,aiquarense,VALERIA RIBEIRO SANTOS,167.877,4447,26.49,4586,98.4,0.583,63.83,43423326.13,43664143.98,12244.83,
Alagoinhas,2900702,alagoinhense,GUSTAVO AUGUSTO DE SOUZA CARMO,707.836,151055,213.40,160662,97.4,0.683,17.45,840580156.89,782264334.42,29621.32,
Alcobaça,2900801,alcobacense,GIVALDO MUNIZ,1477.929,24530,16.60,25494,96.5,0.608,28.17,162922726.47,153253002.14,15437.27,
Almadina,2900900,almadinense,MARCOS MARCIEL PINHEIRO DE JESUS,245.236,5218,21.28,5327,95.3,0.563,26.32,38709865.66,34875307.47,11924.08,
Amargosa,2901007,amargosense,GETÚLIO ALMEIDA SAMPAIO,431.655,36521,84.61,38478,96.8,0.625,22.61,208610818.99,192302445.1,12327.08,
Amélia Rodrigues,2901106,ameliense,JOÃO MANOEL BAHIA MENEZES,166.872,24138,144.65,24848,99.2,0.666,25.25,133823305.36,113394712.8,17505.45,
América Dourada,2901155,américo-douradense,JOELSON CARDOSO DO ROSARIO,822.373,15137,18.41,15583,96.6,0.561,21.62,98769492.68,88759450.11,10440.54,
Anagé,2901205,anageense,ROGERIO BONFIM SOARES,1899.683,25438,13.39,26715,96,0.540,11.24,108384047.92,97712828.03,10592.91,
Andaraí,2901304,andaraiense,WILSON PAES CARDOSO,1589.786,13080,8.22,13531,97.8,0.555,12.9,90351630.52,86737834,10254.35,
Andorinha,2901353,andorinhense,ADILBERTO EVANGELISTA DE SOUZA,1362.386,15012,11.02,15485,98,0.588,-,121609153.71,116922977.88,15500.25,
Angical,2901403,angicalense,MONICA MARIA RODRIGUES DAS CHAGAS DIAS,1530.645,13732,8.97,14178,96.9,0.625,5.99,79757919.9,72441033.86,13699.3,
Anguera,2901502,anguerense,MAURO SELMO OLIVEIRA VIEIRA,187.840,11031,58.73,11456,98.2,0.589,-,91424421.98,86303087.26,6927.47,
Antas,2901601,antense,ESSIONEIDE PIMENTEL DA SILVA MATOS,326.360,14206,44.43,15061,94.3,0.592,30.12,107837683.79,99940873.81,8179.38,
Antônio Cardoso,2901700,cardosense,JOCIVALDO BISPO DA CONCEIÇÃO DOS ANJOS,293.530,11146,37.97,11501,95.8,0.561,8.26,63958372.13,59977341.74,10644.2,
Antônio Gonçalves,2901809,antônio-gonçalvense,DJALMA DE FREITAS CARDOSO NETO,345.284,10862,31.46,11236,98.4,0.598,8.93,60949081.57,53828781.31,6917.74,
Aporá,2901908,aporense,CARINE DANTAS DE MENEZES,479.262,15922,33.22,16379,97.6,0.548,6.8,79635652.5,77698758,8332.08,
Apuarema,2901957,apuaremense,ROBERTO SANTOS AMORIM,150.830,6913,45.83,7114,95.9,0.552,-,74126840.5,70182906.18,10214.51,
Aracatu,2902005,aracatuense,BRAULINA LIMA SILVA,1489.803,13936,9.35,14422,97.7,0.581,5.68,86290714.7,73726411.82,11245.32,
Araçás,2902054,araçaense,AGAMENON OLIVEIRA COELHO,474.577,11557,24.35,11946,98.1,0.570,23.44,92796266.13,87628689.61,24447.56,
Araci,2902104,araciense,MARIA BETIVANIA LIMA DA SILVA,1496.245,48294,32.28,50336,97.4,0.534,13.38,327597263.2,365456968.39,8950.31,
Aramari,2902203,aramariense,ANTONIO LUIZ CARDOSO DANTAS,368.947,9833,26.65,10122,96.3,0.588,9.52,76965845.02,72375379.01,9008.7,
Arataca,2902252,arataquense,FERNANDO MANSUR GONZAGA,435.962,10191,23.38,10463,95.6,0.559,12.2,80818636.59,77841795.04,9308.59,
Aratuípe,2902302,aratuipense,ANTONIO MARCOS ARAUJO DE SOUZA,174.012,8677,49.86,8981,98.4,0.575,22.47,51079839.25,46583834.89,9038.92,
Aurelino Leal,2902401,aurelinense,RODRIGO CALAZANS DE ANDRADE,445.394,11179,25.10,11409,95.5,0.568,19.87,87790113.64,80111887.03,12365.87,
Baianópolis,2902500,baianopolense,WEUBE FEBRONIO DOS SANTOS,3321.755,13614,4.10,14110,98.7,0.589,18.29,95170786.37,83259813.4,18872.77,
Baixa Grande,2902609,baixa-grandense,ADROALDO DOS SANTOS RIBEIRO,967.514,18220,18.83,18680,97.2,0.585,-,96328915.55,88308322.76,9527.52,
Banzaê,2902658,banzaêense,PATRÍCIA NASCIMENTO ALMEIDA,409.507,11958,29.20,12309,98.1,0.579,7.75,104940842.89,103176479.64,8572.74,
Barra,2902708,barrense,ROMEU BATISTA PINTO JUNIOR,11428.112,51092,4.47,53528,97,0.557,14.53,190704876.3,31669403.96,7941.89,
Barra da Estiva,2902807,barrestivense,UILSON ROBSON SILVA ALVES,1657.413,26026,15.70,27582,96.8,0.575,13.3,113008010.35,110510866.77,18698.56,
Barra do Choça,2902906,barra-chocense,OBERDAM ROCHA DIAS,765.936,36539,47.71,38481,96.9,0.551,13.54,193412223.13,179854196.8,18602.26,
Barra do Mendes,2903003,barra-mendense,MANOEL GABRIEL DOS SANTOS,1436.299,13836,9.63,14345,97.5,0.630,17.34,75462934.26,70994306.02,8829.23,
Barra do Rocha,2903102,barra-rochense,JOSE LUIZ FRANCO RAMOS COSTA,214.411,5775,26.93,5920,95.7,0.577,35.09,56439130.18,54090006.15,14125.28,
Barreiras,2903201,barreirense,OTONIEL NASCIMENTO TEIXEIRA,8059.305,159734,19.84,170667,97.5,0.721,9.77,1016170714.21,928154402.75,44221.63,
Barro Alto,2903235,barro-altino,EVILAZIO JOAQUIM DE OLIVEIRA,414.510,13453,32.46,13911,98.4,0.607,16.26,64282569.7,62540610.4,7440.78,
Barrocas,2903276,barroquense,JOSE ALMIR ARAUJO QUEIROZ,207.297,15203,73.34,15743,98.7,0.610,9.52,116546752.18,130586161.26,21334.14,
Barro Preto,2903300,barro-pretense,JURACI DIAS DE JESUS,201.585,5833,28.94,5966,96.2,0.602,18.87,53993080.82,50758400.62,15044.1,
Belmonte,2903409,belmontense,IEDO JOSE MENEZES ELIAS,1920.642,20121,10.37,20567,96.5,0.598,12.55,115467649.08,105055993.69,15875.7,
Belo Campo,2903508,belo-campense,FIDELIS PEREIRA REIS,772.756,18412,23.83,19042,95.2,0.575,38.46,118948903.74,115830062.87,9968.92,
Biritinga,2903607,biritinguense,GILMÁRIO SOUZA DE OLIVEIRA,553.762,15146,27.35,15606,98,0.538,23.12,118460400.7,115390105.77,9096.16,
Boa Nova,2903706,boa-novense,LUCAS SANTOS MEIRA,848.857,13690,16.13,14052,97.2,0.567,21.9,64676862.84,57878621.13,9270.48,
Boa Vista do Tupim,2903805,tupinense,SAVIO BULCAO DOS SANTOS,2972.109,16873,5.68,17307,96.8,0.551,5.59,100663953.08,90022606.84,8399.59,
Bom Jesus da Lapa,2903904,lapense,EURES RIBEIRO PEREIRA,4114.491,65550,15.93,68704,95.7,0.633,17.32,368097258.87,359889029.42,19356.52,
Bom Jesus da Serra,2903953,bom-jesuense,WELTON SILVA ANDRADE,467.909,9730,20.79,10028,98.3,0.546,-,55731633.76,48849168.81,7162.09,
Boninal,2904001,boninalense,CELESTE AUGUSTA ARAUJO PAIVA,896.857,13622,15.19,14104,96.3,0.612,19.61,80005633.64,71792846.54,8127.31,
Bonito,2904050,bonitense,EDIVAM JOSE CEDRO DE SOUZA,791.276,15844,20.02,16393,97.6,0.561,15.08,124366729.97,103933360.15,15926.9,
Boquira,2904100,boquirense,ALAN MACHADO FRANÇA,1426.233,19322,13.55,19829,98.8,0.603,29.54,103751417.42,101721947.72,8800.66,
Botuporã,2904209,botuporãense,EDIMILSON ANTONIO SARAIVA,627.612,11024,17.56,11411,98.1,0.575,-,73231854.05,71541810.27,10949.08,
Brejões,2904308,brejoense,RICARDO CASTRO CERQUEIRA,518.566,12943,24.96,13272,97.9,0.597,22.06,81905063.56,77851224.25,10196.49,
Brejolândia,2904407,brejolandense,EDEZIO NUNES BASTOS,2247.208,9108,4.05,9377,98.4,0.592,12.5,54608055.49,48415039.29,11827.72,
Brotas de Macaúbas,2904506,brotense,ANTONIO KLEBER RIBEIRO,2520.817,11765,4.67,12169,97.6,0.570,38.22,76992737.61,68165346.65,9019.03,
Brumado,2904605,brumadense,FABRICIO ABRANTES PIRES DE SOUZA OLIVEIRA,2207.612,70510,31.94,74095,96.8,0.656,17.16,383365019.13,331698167.47,26432.55,
Buerarema,2904704,bueraremense,GERIVALDO SOUZA FREITAS,219.487,14804,67.45,15056,91.5,0.613,48.39,85241405.32,79960963.16,11436.46,
Buritirama,2904753,buritiramense,LÉO MIRANDA SÃO MATEUS,4046.736,19589,4.84,20212,97.3,0.565,32.52,117642449.42,103407330.2,7251.29,
Caatiba,2904803,caatibense,HUMBERTO DE ALMEIDA ANTUNES,512.436,6205,12.11,6224,89.9,0.561,-,42760943.36,42147617.39,12419.86,
Cabaceiras do Paraguaçu,2904852,cabaceirense,PEDRO ANDRÉ BRAZ SILVA SANTANA,222.027,16559,74.58,17039,98.8,0.581,29.54,116516940.76,110040779.28,7427.62,
Cachoeira,2904902,cachoeirano,ELIANA GONZAGA DE JESUS,394.894,29250,74.07,30550,97.8,0.647,19.35,132194040.28,0.01,14239.25,
Caculé,2905008,caculense,PEDRO DIAS DA SILVA,610.983,22462,36.76,23246,97.3,0.637,15.27,124155560.53,119488509.41,15563.12,
Caém,2905107,caenense,ARNALDO DE OLIVEIRA FILHO,540.908,10384,19.20,10729,98.8,0.546,9.43,75938776.97,71293401.15,10356.18,
Caetanos,2905156,caetanense,EDAS JUSTINO DOS SANTOS,767.146,11266,14.69,11500,96.9,0.542,7.69,72629038.72,68627196,6991.41,
Caetité,2905206,caetiteense,VALTÉCIO NEVES AGUIAR,2651.536,52012,19.62,54572,98.3,0.625,14.45,215422456.1,207378662.28,21464.71,
Cafarnaum,2905305,cafarnauense,CARLAN NOVAIS SENA XAVIER,643.660,17466,27.14,18039,98.6,0.584,13.51,117849948.28,106837295.55,11697.42,
Cairu,2905404,cairuense,HILDÉCIO ANTÔNIO MEIRELES FILHO,448.846,17761,39.57,18486,98.8,0.627,7.49,181231806.85,164306183.6,80656.9,
Caldeirão Grande,2905503,caldeirão-grandense,PEDRO HENRIQUE ARAUJO BEZERRA,458.312,13080,28.54,13566,97.8,0.573,25.81,90324372.76,89187037.22,7581.19,
Camacan,2905602,camacaense,PAULO CESAR BOMFIM DE OLIVEIRA,584.848,22579,38.61,22756,92.5,0.581,27.97,130449684.43,125178547.41,11067.74,
Camaçari,2905701,camaçariense,LUIZ CARLOS CAETANO,785.421,300372,382.43,319394,96.7,0.694,11.76,2513001333.76,2402430319.84,109866.84,
Camamu,2905800,camamuense,JAIRO PEREIRA CRUZ,839.702,30469,36.29,31775,96,0.565,18.42,156855850.49,151849710.13,13215.31,
Campo Alegre de Lourdes,2905909,campo-alegrense,TADEU DIAS DOS SANTOS,2914.575,30671,10.52,32377,98.3,0.557,18.15,177470167.71,172467197.48,10246.22,
Campo Formoso,2906006,campo-formosense,ELMO ALUIZIO VIEIRA NASCIMENTO,7161.827,71377,9.97,74894,98,0.586,13.9,458834190.04,475661229.59,28885.32,
Canápolis,2906105,canapolense,REGINALDO DE SOUZA PEREIRA,460.388,10225,22.21,10612,96.9,0.565,17.09,57521184.39,48535539.19,8764.22,
Canarana,2906204,canaraense,MARLEIDE BARBOSA DE OLIVEIRA,579.726,24206,41.75,24989,98.9,0.587,15.2,143432943.65,137421664,9778.68,
Canavieiras,2906303,canavieirense,PAULO CEZAR RAMOS CARVALHO,1334.284,32683,24.49,34343,94.9,0.590,9.93,140912219.09,146204586.79,12876.82,
Candeal,2906402,candealense,RENATO PEREIRA LIMA JUNIOR,447.578,7772,17.36,7969,98.2,0.587,25.97,43320408.52,40152585.86,8360.25,
Candeias,2906501,candeense,ERITON DOS SANTOS RAMOS,251.808,72382,287.45,75083,97.6,0.691,16.85,693427992.05,689858425.15,77650.5,
Candiba,2906600,candibense,REGINALDO MARTINS PRADO,433.642,13016,30.02,13425,98.3,0.591,7.87,71929915.39,63215677.04,9769.54,
Cândido Sales,2906709,cândido-salense,MAURÍLIO LEMOS DAS VIRGENS,1169.814,25247,21.58,26465,96.2,0.601,6.49,132693938.39,120330442.28,9819.28,
Cansanção,2906808,cansançãoense,VILMA ROSA DE OLIVEIRA GOMES,1351.891,37439,27.69,39556,98.6,0.557,12.07,272299645.9,264821712.76,10100.52,
Canudos,2906824,canudense,JILSON CARDOSO DE MACEDO,3565.377,16105,4.52,16662,98.6,0.562,-,112697258.83,104641682.97,9098.77,
Capela do Alto Alegre,2906857,capelense,LUIS ROMEU OLIVEIRA MASCARENHAS,629.586,10744,17.07,11055,98.6,0.599,10.53,80454859.59,77315138.99,11169.61,
Capim Grosso,2906873,capim-grossense,JOSÉ SIVALDO RIOS DE CARVALHO,464.776,33235,71.51,35228,96.2,0.621,20.1,189892289.41,169801519.79,18670.35,
Caraíbas,2906899,caraibense,RENATO LIMA DOS SANTOS,805.629,9940,12.34,10260,97.3,0.555,11.24,65069519.92,67012438.03,9955.16,
Caravelas,2906907,caravelense,ADAUTO RONALDO AZEVEDO DA COSTA,2377.889,20580,8.65,21229,95.4,0.616,15,142984493.15,140559807.06,16145.53,
Cardeal da Silva,2907004,cardinalense,ANTONIO AUGUSTO SALES DE JESUS,293.456,8365,28.51,8634,98.1,0.552,18.52,86679187.88,83744195.69,12530.82,
Carinhanha,2907103,carinhanhense,FRANCISCA ALVES RIBEIRO,2525.512,28869,11.43,30375,98.8,0.576,7.43,142461129.19,163540109.92,9910.07,
Casa Nova,2907202,casa-novense,ANISIO VIANA DE CASTRO NETO,9647.072,72086,7.47,75815,95.5,0.570,17.22,307969860.26,295173449.27,11975.02,
Castro Alves,2907301,castro-alvense,JADSON SOUZA CUNHA SOARES,713.789,24712,34.62,25471,95.9,0.613,14.76,171394808.51,158971491,12030.84,
Catolândia,2907400,catolandiano,GIOVANNI MOREIRA DOS SANTOS,702.504,3434,4.89,3560,98.4,0.582,25,29154887.86,26711351.28,22354.47,
Catu,2907509,catuense,NARLISON BORGES DE SALES,426.955,48148,112.77,50153,97.3,0.677,12.45,260773165.87,238246680.67,12592.64,
Caturama,2907558,caturamense,ANTÔNIO LEÃO BOMFIM,716.261,8841,12.34,9115,98.7,0.571,27.78,50632616.67,46472257.48,8412.58,
Central,2907608,centralense,JOSÉ WILKER ALENCAR MACIEL,566.974,16348,28.83,16849,98.9,0.596,18.75,95397679.34,82331056.35,8935.69,
Chorrochó,2907707,chorrochoense,UILDE IRLÃ DE OLIVEIRA,3005.319,10579,3.52,10929,96.6,0.600,15.27,78353218.25,69319702.61,9401.51,
Cícero Dantas,2907806,cícero-dantense,VINICIUS JOSE ARAUJO BORGES DE SOUZA,817.023,30907,37.69,32268,98,0.585,13.7,183280638.5,187745366.7,12258.65,
Cipó,2907905,cipoense,JOSE MARQUES DOS REIS,168.330,17230,102.36,17836,97.6,0.601,9.39,187482491.14,178609700.69,8929.66,
Coaraci,2908002,coaraciense,MILTON DIAS CERQUEIRA MICHELI SANTOS,274.500,17333,63.14,17663,95.1,0.613,21.39,99737686.28,92304445.44,11847.5,
Cocos,2908101,coquense,CLEWTON DOMINGUES DE SOUZA,10138.250,19151,1.89,19817,97,0.596,8.55,143179019.73,127036720.85,29725.02,
Conceição da Feira,2908200,conceiçoense,JOÃO PEDRO LABRIOLA CARDOZO,164.798,20800,126.22,21499,98.8,0.634,9.3,132123665.67,128647973.51,16397.98,
Conceição do Almeida,2908309,almeidense,RENATA SUELY NOGUEIRA DE SANTANA BARROS,284.836,15794,55.45,16184,95.6,0.606,23.95,90342422.24,77268294.04,11720.12,
Conceição do Coité,2908408,coiteense,MARCELO PASSOS DE ARAUJO,1015.251,67825,66.81,71316,97.9,0.611,9.16,271280783.86,252098585.03,13126.28,
Conceição do Jacuípe,2908507,conjacuipense,TANIA MARLI RIBEIRO YOSHIDA,114.869,35308,307.38,37409,98.4,0.663,11.17,222454253.82,226482193.72,82100.68,
Conde,2908606,condense,JOSÉ ANÍSIO ALMEIDA DE OLIVEIRA,931.106,23654,25.40,24434,96.8,0.560,7.14,138889982.93,131272473.66,11018.15,
Condeúba,2908705,condeubense,MICAEL BATISTA SILVEIRA,1348.039,17053,12.65,17571,98.1,0.582,6.54,100536685.16,92985437.3,9996.28,
Contendas do Sincorá,2908804,contendense,UELITON VALDIR PALMEIRA SOUZA,977.455,4333,4.43,4490,99,0.577,47.62,29954585.34,30763908.56,12615.63,
Coração de Maria,2908903,mariense,KLEY CARNEIRO LIMA,378.420,26692,70.54,28258,98.8,0.592,13.16,187951411.27,180150156.52,10109.67,
Cordeiros,2909000,cordeirense,DEVANI PEREIRA DA SILVA,523.640,7546,14.41,7763,98,0.579,13.51,48406107.99,46511977.68,8165.47,
Coribe,2909109,coribense,MURILLO FERREIRA VIANA,2665.141,13990,5.25,14464,97.7,0.600,16.04,113957508.86,95265471.39,11985.85,
Coronel João Sá,2909208,joão-saense,CARLOS FERNANDO OLIVA SILVEIRA,797.434,17056,21.39,17593,96,0.535,26.74,167619252.36,155217633.62,11271.2,
Correntina,2909307,correntinense,WALTER MARIANO MESSIAS DE SOUZA,11504.314,32457,2.82,34179,97.6,0.603,8.47,354603903.05,333974382.49,101729.95,
Cotegipe,2909406,cotegipano,BEATRIZ BATISTA RIBEIRO CALADO,4282.775,13063,3.05,13472,94.5,0.590,24.1,76033717.44,73587728.52,12456.61,
Cravolândia,2909505,cravolandense,CELSO COELHO DA SILVA,182.518,4415,24.18,4514,97.6,0.599,19.61,38138045.33,39690737.59,8577.98,
Crisópolis,2909604,crisopolense,LEANDRO DANTAS DE JESUS COSTA,636.609,19729,30.99,20343,96.1,0.543,8.58,182652988.75,150590011.5,9714.12,
Cristópolis,2909703,cristopolense,ERIVALDO CONEGUNDES DA CÂMARA,1052.837,13993,13.29,14514,98.3,0.614,5.78,77245716.99,65950095.08,11289.8,
Cruz das Almas,2909802,cruz-almense,EDNALDO JOSÉ RIBEIRO,139.117,60348,433.79,63203,97.2,0.699,12.77,245230803,246951766.03,16307.21,
Curaçá,2909901,curaçaense,ROBSON MURILO BOMFIM DA SILVA,5950.614,34180,5.74,36021,97.4,0.581,11.7,187512131.95,181853516.12,10130.36,
Dário Meira,2910008,dário-meirense,MARIVANE DIAS SANTOS,413.637,10820,26.16,11094,93,0.540,37.31,74496733.89,82860574.48,12191.08,
Dias d'Ávila,2910057,diasdavilense,ALBERTO PEREIRA CASTRO,183.759,71485,389.01,75053,98,0.676,11.83,414888295.1,350952938.71,36442.65,
Dom Basílio,2910107,dom-basiliense,FERNANDO SILVA SANTOS,689.516,11884,17.24,12309,96.1,0.591,8.26,75527245.65,70398083.11,11587.29,
Dom Macedo Costa,2910206,macedense,ANTÔNIO DOS SANTOS FRÓES,94.778,4407,46.50,4588,99.3,0.632,-,37422213.07,33101433.57,10611.99,
Elísio Medrado,2910305,medradense,LINSMAR MOURA BITTENCOURT SANTOS,179.329,7808,43.54,8066,99.6,0.623,32.79,53933282.99,48756860.51,9439.42,
Encruzilhada,2910404,encruzilhadense,PEDRO ALVES DE LACERDA SOBRINHO,1890.133,19107,10.11,19535,95,0.544,8.97,106787913.29,108005566.19,16098.09,
Entre Rios,2910503,entrerriense,MANOELITO ARGOLO DOS SANTOS JUNIOR,1187.766,38098,32.08,39902,95.6,0.615,6.06,174030092.05,161515843.67,16224.35,
Esplanada,2910602,esplanadense,JOSE NAUDINHO ALVES DOS SANTOS,1299.355,32554,25.05,34146,97.7,0.589,16.79,246550854.73,204721350.97,19310.56,
Euclides da Cunha,2910701,euclidense,HELDER MACEDO DA SILVA,2025.368,61456,30.34,64547,97.8,0.567,8.93,378878280.14,376383152.87,13015.7,
Eunápolis,2910727,eunapolitano,JOSÉ ROBÉRIO BATISTA DE OLIVEIRA,1425.970,113710,79.74,120515,96.2,0.677,17.52,523975752.39,516890112.38,27765.39,
Fátima,2910750,fatimense,FABIO JOSE REIS DE ARAUJO,368.342,17895,49.11,18469,98.4,0.559,18.63,124828541.27,118156405.09,15735.76,
Feira da Mata,2910776,matense,VALMIR MACEDO RODRIGUES,1176.504,5631,4.79,5825,97.5,0.588,37.74,42732294.92,37099492.39,11153.59,
Feira de Santana,2910800,feirense,JOSE RONALDO DE CARVALHO,1304.425,616272,472.45,657948,97.4,0.712,10.54,2156596832.76,2257436721.6,27691.08,
Filadélfia,2910859,filadelfense,ANDRÉ LUIZ RIBEIRO MAIA,579.686,17897,30.87,18573,98.4,0.565,17.54,120339626.24,117453807.43,8543.03,
Firmino Alves,2910909,firmino-alvense,FABIANO DE JESUS SAMPAIO,172.353,4873,28.27,5006,95,0.578,-,53002519,49847915.93,12562.8,
Floresta Azul,2911006,floresta-azulense,HERMANIO LEONARDO SANTOS DA SILVA,321.013,11059,34.45,11442,92.8,0.557,13.16,55905078.79,49892026.2,9648.1,
Formosa do Rio Preto,2911105,formosense,MANOEL AFONSO DE ARAÚJO,15634.328,25899,1.66,27421,97.3,0.618,17.41,339290818.5,281200091.99,176491.78,
Gandu,2911204,ganduense,DAIANA SANTOS SANTANA,229.661,32178,140.11,33938,96.8,0.632,7.16,236759118.6,231791954.59,14071.41,
Gavião,2911253,gavionense,LAURINDO NAZÁRIO DA SILVA,384.592,4360,11.34,4493,98.8,0.599,-,41241896.4,39448020.68,11301.64,
Gentio do Ouro,2911303,gentiense,CICERO ELIZEU OLIVEIRA DA FRANCA,3817.946,10884,2.85,11263,97.9,0.559,9.17,108433929.28,106386111.64,11827.29,
Glória,2911402,gloriense,ENA VILMA PEREIRA DE SOUZA NEGROMONTE,1566.609,15524,9.91,16072,97.4,0.593,5.59,89510431.83,89154427.65,16667.38,
Gongogi,2911501,gongogiense,ADRIANO MENDONÇA PINHEIRO,202.194,5555,27.47,5567,96.8,0.576,29.85,55290287.34,51534816.23,11159.75,
Governador Mangabeira,2911600,mangabeirense,MANUELA PEDREIRA RODRIGUES SILVA,106.848,20605,192.84,21314,95.6,0.643,16.88,122743733.14,110123192.29,10672.92,
Guajeru,2911659,guajeruense,JILVAN TEIXEIRA RIBEIRO,872.867,8050,9.22,8225,97.1,0.569,-,52861146.13,47753879.64,10780.99,
Guanambi,2911709,guanambiense,ARNALDO PEREIRA DE AZEVEDO,1272.366,87817,69.02,93065,97.8,0.673,16.33,431938122.92,416541699.46,19386.67,
Guaratinga,2911808,guaratinguense,RAFAEL GANDHI MARQUES DAS VIRGENS,2189.404,19049,8.70,19490,94.6,0.558,17.65,96440931.54,92306459.17,13590.15,
Heliópolis,2911857,heliopoliense,JOSE MENDONÇA DANTAS,314.669,12309,39.27,13074,98.3,0.563,18.69,84254093.92,76753469.96,10865.5,
Iaçu,2911907,iaçuense,NIXON DUARTE MUNIZ FERREIRA,2342.497,24607,10.50,25333,97.8,0.574,3.33,154206359.86,147582917.27,9901.89,
Ibiassucê,2912004,ibiassuceense,TADEU PRADO REBOUÇAS PRATES,483.274,10429,21.58,10754,98.5,0.611,9.01,57301730.82,52294059.91,11182.71,
Ibicaraí,2912103,ibicaraiense,MONALISA GONCALVES TAVARES,230.953,21665,93.81,22200,98,0.625,19.05,113196100.51,104113305.31,9808.89,
Ibicoara,2912202,ibicoarense,GILMADSON CRUZ DE MELO,817.355,20785,25.43,21690,96.3,0.591,16.18,155395319.67,130705382.87,22178.77,
Ibicuí,2912301,ibicuiense,SALOMÃO BRITO DE CERQUEIRA,1139.378,13934,12.23,14306,98.2,0.584,23.26,92294688.78,88828427.02,12074.07,
Ibipeba,2912400,ibipebense,RHALLBER VIEIRA DE SOUSA,1382.008,16603,12.01,17128,97.6,0.616,12.5,81449147.82,81252195.97,9651.64,
Ibipitanga,2912509,ibipitanguense,HUMBERTO RAIMUNDO RODRIGUES DE OLIVEIRA,954.373,13863,14.53,14316,96.9,0.584,7.19,125847020.87,106949449.12,7837.77,
Ibiquera,2912608,ibiquerense,CARLOS CEZAR DE ALMEIDA SANTOS QUEIROZ,698.245,3725,5.33,3837,96.2,0.511,-,35753262.67,28865420.49,9225.14,
Ibirapitanga,2912707,ibirapitanguense,JEAN PEREIRA DE ASSUNÇÃO,472.664,25344,53.62,26794,95.9,0.558,17.24,125547361.14,115862380.77,12198.46,
Ibirapuã,2912806,ibirapuense,CARLA ANDREIA SOARES CHACARA,771.098,8896,11.54,9259,99.2,0.614,24,79312365.63,68286659.16,51568.29,
Ibirataia,2912905,ibirataense,ALEXSANDRO FREITAS SILVA,318.129,18792,59.07,19375,97.6,0.576,29.41,116145826.18,110633172.6,14325.97,
Ibitiara,2913002,ibitiarense,WILSON DOS SANTOS SOUZA,1834.002,14637,7.98,15062,96.2,0.585,-,85537742.23,73817511.25,6906.7,
Ibititá,2913101,ibititaense,AFONSO FERREIRA MENDONÇA,573.033,16969,29.61,17509,96.6,0.602,22.47,91575073.42,86220478.59,9120.25,
Ibotirama,2913200,ibotiramense,LAERCIO SILVA DE SANTANA,1740.113,26309,15.12,27670,96.4,0.636,28.87,183456288.33,182317025.99,15348.75,
Ichu,2913309,ichuense,JOSÉ GONZAGA CARNEIRO,138.016,6190,44.85,6415,98.4,0.631,-,45410524.56,40660002.55,9048.63,
Igaporã,2913408,igaporaense,NEWTON FRANCISCO NEVES COTRIM,836.586,15527,18.56,16047,97.3,0.614,17.54,92535908.18,73797266.55,12664.23,
Igrapiúna,2913457,igrapiunense,MANOEL RIBEIRO DOS SANTOS,591.312,13151,22.24,13528,97.2,0.574,14.81,80394726.28,74634993.33,16288.25,
Iguaí,2913507,iguaiense,DAVID CÉSAR LOUZADA ÁLVARES MACEDO,860.223,21491,24.98,21897,94.1,0.552,7.72,118031089.37,110789871.77,9125.5,
Ilhéus,2913606,ilheuense,VALDERICO LUIZ DOS REIS JÚNIOR,1588.555,178649,112.46,189028,96.7,0.690,22.55,827342015.33,810254523.32,32756,
Inhambupe,2913705,inhambupense,HUGO CAVALCANTI REIS SIMÕES,1082.283,33790,31.22,35397,97.2,0.565,15.87,204006807.88,153683730.73,15368.34,
Ipecaetá,2913804,ipecaetense,ELCYDES PIAGGIO DE OLIVEIRA JUNIOR,372.565,13709,36.80,14064,96.1,0.550,7.3,104182391.08,100587083.78,7390.06,
Ipiaú,2913903,ipiauense,LARYSSA ANDRADE SANTOS FERNANDES DIAS,280.454,40706,145.14,42507,97.4,0.670,10.02,218247138.97,229558906.25,12373.92,
Ipirá,2914000,ipiraense,THIAGO OLIVEIRA DO VALE,3105.280,56876,18.32,59264,95.9,0.549,9.17,271444386.1,254516318.38,11216.33,
Ipupiara,2914109,ipupiarense,MARCUS VINICIUS RODRIGUES MORENO,1055.760,9935,9.41,10318,98.8,0.590,31.58,52852876.43,48840526.26,10101.62,
Irajuba,2914208,irajubense,ANTONIO OLIVEIRA SAMPAIO,459.047,6101,13.29,6255,98.2,0.576,18.87,59544148.76,54280268.03,10689.38,
Iramaia,2914307,iramaense,AGRIPINO RAMOS DA SILVA,1708.115,10752,6.29,11060,97.3,0.571,37.04,82541436.99,72852805.88,13042.63,
Iraquara,2914406,iraquarense,WALTERSON RIBEIRO COUTINHO,991.822,23879,24.08,24759,99.1,0.599,20.96,143367555.83,133309179.98,34878.97,
Irará,2914505,iraraense,NASSARA MENEZES DE SANTANA,267.880,28043,104.68,29509,98.7,0.620,15.94,144485943.07,149644945.05,9764.11,
Irecê,2914604,ireceense,MURILO FRANCA PAIVA SILVA,319.174,74507,233.44,78425,96.4,0.691,10.12,386347576.74,356189924.04,20694.32,
Itabela,2914653,itabelense,RICARDO DE JESUS FLAUZINO,924.914,28165,30.45,29563,95.8,0.599,17.58,154657853.25,152991844.42,16648.04,
Itaberaba,2914703,itaberabense,JOÃO ALMEIDA MASCARENHAS FILHO,2386.390,65073,27.27,68244,96.2,0.620,16.39,331943739.04,338233648.81,15384.75,
Itabuna,2914802,itabunense,AUGUSTO NARCISO CASTRO,401.028,186708,465.57,196676,96.6,0.712,22.36,1125106005.56,1219011904.21,19618.7,
Itacaré,2914901,itacareense,EDSON ARANTE SANTOS MENDES,726.265,27704,38.15,29337,94.7,0.583,16.3,176264848.14,168971846.33,14680.53,
Itaeté,2915007,itaeteense,ZENILDO MATOS DE OLIVEIRA,1331.822,13472,10.12,13822,98.1,0.572,17.65,85418565.34,77456433.07,7842.24,
Itagi,2915106,itagiense,SAULO ISLAN SANTOS SOLEDADE,310.621,13803,44.44,14314,95.6,0.543,27.21,100675164.05,94727653.75,10595.26,
Itagibá,2915205,itagibaense,MARCOS VALÉRIO BARRETO,810.994,15310,18.88,15792,95.4,0.589,11.7,149412286.67,141481898.92,76971.85,
Itagimirim,2915304,itagimiriense,LUIZ CARLOS JÚNIOR SILVA DE OLIVEIRA,876.800,6347,7.24,6512,96.2,0.634,34.48,58301735.49,52480837.34,18787.88,
Itaguaçu da Bahia,2915353,itaguaçuense,ADÃO ALVES DE CARVALHO FILHO,4310.238,12311,2.86,12683,96.9,0.562,5.92,137937440.01,138187799.14,10422.22,
Itaju do Colônia,2915403,itajuense,ELDER MARQUES FONTES,1225.287,6037,4.93,6157,98.4,0.592,15.87,51279150.97,47327531.62,13741.79,
Itajuípe,2915502,itajuipense,LEANDRO JUNQUILHO CUNHA,270.752,18781,69.37,19249,96.3,0.599,26.6,135712304.9,121258827.11,12583.72,
Itamaraju,2915601,itamarajuense,JORGE LUIS COSTA SULZ DE ALMEIDA,2360.584,59605,25.25,62065,95.7,0.627,17.08,305449220.97,297215005.72,17246.19,
Itamari,2915700,itamariense,EVERTON BORGES VASCONCELOS,143.479,7051,49.14,7219,95.9,0.578,8.85,43494334.53,38176022.48,12969.76,
Itambé,2915809,itambeense,JOSÉ CÂNDIDO ROCHA ARAÚJO,1534.575,24394,15.90,25108,96,0.578,33.33,119724836.09,103176479.64,13117.21,
Itanagra,2915908,itanagrense,MARCUS GUSTAVO DE SOUZA SARMENTO,533.634,5914,11.08,6087,98.1,0.584,11.24,50583877.67,49054820.02,12733.07,
Itanhém,2916005,itanhense,MILTON FERREIRA GUIMARÃES,1394.174,17813,12.78,18258,97.7,0.637,6.9,93709052.59,85436498.9,15276.69,
Itaparica,2916104,itaparicano,JOSÉ ELIAS DAS VIRGENS OLIVEIRA,121.373,19789,163.04,20369,98.3,0.670,40.2,142918152.4,125939117.19,11005.21,
Itapé,2916203,itapeense,REINALDO MARTINS DE ALMEIDA,453.144,10341,22.82,10658,96.1,0.599,48.54,65050645.11,55147501.09,12829.96,
Itapebi,2916302,itapebiense,ISAN DO NASCIMENTO BOTELHO,1031.879,9174,9.06,9501,97.4,0.572,-,66420628.83,61106208.48,32993.84,
Itapetinga,2916401,itapetinguense,EDUARDO JORGE ALMEIDA HAGGE,1651.158,65897,39.91,68735,96.8,0.667,11.78,328890689.41,297186308.95,18952.34,
Itapicuru,2916500,itapicuruense,JOSÉ MOREIRA DE CARVALHO NETO,1557.685,31679,20.34,33254,95.6,0.486,16.08,207497966.82,194192574.5,12139.08,
Itapitanga,2916609,itapitanguense,GLISLAINE DÓREA ALVES,420.663,10279,24.44,10630,97,0.571,-,75508596.09,67162727.48,9207.43,
Itaquara,2916708,itaquarense,ROGÉRIO RODRIGUES DOS SANTOS,344.093,8153,23.69,8448,94.5,0.553,16.39,43838880.84,44325140.68,12028.25,
Itarantim,2916807,itarantinense,FABIO PEREIRA GUSMAO,1674.029,17052,10.19,17517,96.6,0.610,41.88,93680589.09,80339653.94,16610.89,
Itatim,2916856,itatinhense,DAIANE SILVA DOS ANJOS,547.510,15737,28.74,16375,97.9,0.582,-,117554627.19,108615619.99,29483.13,
Itiruçu,2916906,itiruçuense,UBIRATAN MORAES DA SILVA,322.243,10999,34.13,11261,96.7,0.600,-,62909785.5,63676326.42,9672.65,
Itiúba,2917003,itiubense,JOSE FRANCISCO DOS SANTOS FILHO,1650.593,33872,20.52,35491,95.5,0.544,12.14,201210636.74,183153286.09,9731.99,
Itororó,2917102,itororoense,ADAUTO OLIVEIRA DE ALMEIDA,313.839,16617,52.95,16945,98.6,0.594,10.7,104001199.31,108910444.48,12310.7,
Ituaçu,2917201,ituaçuense,PHELLIPE RAMONN GONÇALVES BRITO,1199.374,17914,14.94,18493,98.2,0.570,18.02,104177833.96,99615374.4,13448.72,
Ituberá,2917300,ituberense,REGES JONAS ARAGAO SANTOS,415.428,21902,52.72,22299,97.8,0.606,19.76,142701343.21,133793555.7,12734.98,
Iuiu,2917334,iuiuense,NUCIVALDA AMERICA DA SILVA,1532.703,11118,7.29,11532,98.3,0.591,7.94,68161805.12,77530156.74,12087.01,
Jaborandi,2917359,jaborandiense,MARCOS ANTÔNIO MATOS DA SILVA,9955.113,9275,0.93,9592,96.1,0.613,6.9,123875952.78,112111216.65,164407.7,
Jacaraci,2917409,jacaraciense,DEUSDEDIT CARVALHO ROCHA,1332.420,14436,10.83,14901,98.3,0.593,22.9,91032120.96,102691560.75,8274.98,
Jacobina,2917508,jacobinense,VALDICE CASTRO VIEIRA DA SILVA,2192.905,82590,37.66,86649,97.3,0.649,11.65,446285348.91,442296220.23,23131.75,
Jaguaquara,2917607,jaguaquarense,EDIONE OLIVEIRA AGOSTINONE,924.512,45964,49.72,47738,94.7,0.580,15.72,224110841.95,201877890.1,12349.81,
Jaguarari,2917706,jaguarariense,ANTÔNIO FERREIRA DO NASCIMENTO,2466.009,32703,13.26,34440,98.3,0.659,14.42,240817706.71,220470196.29,35329.66,
Jaguaripe,2917805,jaguaripense,FÁBIO NONATO BARBOSA,863.424,17659,20.45,18300,97.6,0.556,17.54,115296633.23,118670783.21,10789.9,
Jandaíra,2917904,jandairense,GILDASIO MENDES LOPES,640.772,9285,14.49,9535,99,0.550,16.13,82418711.47,76238862.24,15659.59,
Jequié,2918001,jequieense,ZENILDO BRANDÃO SANTANA,2969.039,158813,53.49,168733,97.4,0.665,16.79,778202321.83,797342265.42,20325.74,
Jeremoabo,2918100,jeremoabense,JOÃO BATISTA MELO DE CARVALHO,4267.488,37626,8.82,39501,97.2,0.547,18.06,201639445.54,189517318.63,12278.09,
Jiquiriçá,2918209,jiquiriçaense,LUCAS LEAL DOS SANTOS BARRETO,238.660,13629,57.11,14066,97.8,0.553,21.13,105457567.97,102339209.76,10314.26,
Jitaúna,2918308,jitaunense,MARCELO PECORELLI GOMES,262.050,14355,54.78,14815,96.7,0.575,14.93,110740498.82,99291244.03,16772.13,
João Dourado,2918357,joão-douradense,DIAMERSON COSTA CARDOSO DOURADO,913.258,24854,27.21,25799,96.5,0.593,15.53,162195279.32,142095056.56,11604.44,
Juazeiro,2918407,juazeirense,MARCOS ANDREI SOUZA GONÇALVES DA SILVA,6721.237,237821,35.38,254481,96.7,0.677,16.76,1298063475.42,1250263965.04,23601.32,
Jucuruçu,2918456,jucuruçuense,ARIVALDO DE ALMEIDA COSTA,1457.656,9655,6.62,9944,91.5,0.541,10.64,51139946.42,49693855.69,14417.25,
Jussara,2918506,jussarense,TACIANO MENDES DA SILVA,1355.173,16354,12.07,16956,97.2,0.571,11.05,106834846.67,97288977.28,7456.05,
Jussari,2918555,jussariense,ORLEANS MASCARENHAS DOS SANTOS,329.190,5888,17.89,6059,94.5,0.567,54.05,56252540.54,53119775.16,12528.13,
Jussiape,2918605,jussiapense,JOSÉ SANTOS LUZ,589.763,7379,12.51,7585,98.4,0.602,27.78,43428394.34,40024084.03,11898.43,
Lafaiete Coutinho,2918704,lafaietense,FLÁVIO BRANDÃO SANTANA,498.110,4075,8.18,4221,99.1,0.599,-,41081068.05,36599771.45,15087.98,
Lagoa Real,2918753,lagoa-realense,JOSÉ CARLOS TRINDADE DUCA,912.222,14105,15.46,14546,97.5,0.545,14.49,70399932.43,58053312.33,7536.82,
Laje,2918803,lajista,JACIARA REIS DOS SANTOS,449.834,21052,46.80,21704,96.9,0.586,20.58,133454156.36,119721712.37,12075.74,
Lajedão,2918902,lajedãoense,ARISTON ALMEIDA PASSOS FILHO,624.353,3845,6.16,3986,98.7,0.632,32.26,46783444.35,40823861.21,28301.41,
Lajedinho,2919009,lajedinhense,ANTONIO MARIO LIMA SILVA,846.728,3527,4.17,3621,97.5,0.546,24.39,36712933.33,32173521.51,16301.42,
Lajedo do Tabocal,2919058,lagedense,ANTÔNIO MARCOS ARAÚJO DE SENA,382.936,7494,19.57,7702,97.8,0.584,15.63,65427619.19,58191255.43,9120.23,
Lamarão,2919108,lamarãoense,MARIA LUZINEIDE COSTA SILVA DE ARAUJO,189.259,9015,47.63,9305,95.2,0.518,-,51113546.94,44349926.44,8049.98,
Lapão,2919157,lapoense,MARCIO ANTONIO MESSIAS DA SILVA,642.882,25736,40.03,26998,97,0.596,3.07,175973879.5,162387488.45,11066.55,
Lauro de Freitas,2919207,lauro-freitense,DÉBORA REGIS DOS SANTOS FILHA,57.942,203331,3509.22,217960,97.2,0.754,15.28,1126613711.32,1103814872.41,35778.64,
Lençóis,2919306,lençoense,VANESSA DOS ANJOS TELES SENNA,1282.980,10774,8.40,11170,97.2,0.623,-,80572526.9,73068211.36,14642.25,
Licínio de Almeida,2919405,licínio-de-almeidense,RONEY FRANCISCO COTRIM,856.626,11834,13.81,12208,98.4,0.621,-,68628717.42,70402687.77,12747.54,
Livramento de Nossa Senhora,2919504,livramentense,JOANINA BATISTA SILVA MORAIS SAMPAIO,1952.510,43903,22.49,46249,98.1,0.611,14.26,250772814.92,223641301.91,12415.24,
Luís Eduardo Magalhães,2919553,luiseduardense,ONDUMAR FERREIRA BORGES JUNIOR,4033.040,107909,26.74,116662,96.4,0.716,10.16,1011534045.68,918330848.46,95182.4,
Macajuba,2919603,macajubense,LUCIANO PAMPONET DE SOUSA,701.171,10454,14.91,10758,97.6,0.524,8.7,74970058.45,70126101.68,8021.62,
Macarani,2919702,macaraniense,SELMA RODRIGUES SOUTO,1210.106,21599,17.85,22596,96.7,0.605,19.87,84842186.01,82222005.37,11918.82,
Macaúbas,2919801,macaubense,ALOÍSIO MIGUEL REBONATO,2459.102,41859,17.02,43725,97.9,0.609,19.92,227924484.5,215576672.45,8545.27,
Macururé,2919900,macururense,LEANDRO BERGUE GOMES DA CRUZ,2545.856,7256,2.85,7455,97.1,0.604,9.8,52119555.51,50652925.43,8711.97,
Madre de Deus,2919926,madre-deusense,DAILTON RAIMUNDO DE JESUS FILHO,33.032,18504,574.64,19173,98.5,0.708,16.39,317557563.69,303216842.91,23697.45,
Maetinga,2919959,maetinguense,SERGIO BARROS MOREIRA,614.834,6973,11.34,7212,96.8,0.538,14.08,45488464.39,46468534.36,21006.45,
Maiquinique,2920007,maiquiniquense,VALERIA FERREIRA SILVEIRA MOREIRA,588.297,8731,14.84,9011,98.1,0.576,-,64684955.34,61054825.1,19907.79,
Mairi,2920106,mairiense,GUSTAVO ALVES FERREIRA CARNEIRO,906.680,17674,19.49,18161,98,0.572,6.06,96017662.66,88658997.96,8568.25,
Malhada,2920205,malhadense,GIMMY EVERTON MOURARIA RAMOS,1971.632,15398,7.78,15834,97.4,0.562,10,120929295.32,96808207.01,11144.59,
Malhada de Pedras,2920304,malhada-pedrense,CARLOS ROBERTO SANTOS DA SILVA,550.550,8670,15.75,8972,97.4,0.578,-,68997765.31,62559733.94,9685.22,
Manoel Vitorino,2920403,manoel-vitorinense,VINICIUS COSTA BISPO DE SENA,2201.764,13860,6.29,14295,98.2,0.566,7.14,74190546.54,66386777.91,10804.93,
Mansidão,2920452,mansidãoense,JUVIO FERREIRA DE OLIVEIRA,3129.588,13919,4.45,14484,99.3,0.599,-,77344054.21,66479032.38,6778.15,
Maracás,2920502,maracaense,NELSON LUIZ DOS ANJOS PORTELA,2413.270,27620,11.45,29197,97.2,0.607,19.08,174849929.4,160705661.08,32865.72,
Maragogipe,2920601,maragogipano,VALNICIO ARMEDE RIBEIRO,437.610,35859,81.94,37225,96.8,0.621,22.78,190594785.71,192886355.63,8971.96,
Maraú,2920700,marauense,ISRAVAN LEMOS BARCELOS,848.885,24527,28.89,25626,95,0.593,19.29,148377741.95,132888859.13,16520.48,
Marcionílio Souza,2920809,marcionilense,HERMINIO JOSE OLIVEIRA MERCES,1099.283,9267,8.43,9507,96.1,0.561,-,76626441.37,73491814.65,9115.8,
Mascote,2920908,mascotense,SEBASTIÃO MOREIRA CARVALHO,742.688,13544,18.24,13941,95,0.581,15.04,84623392.58,76663225.94,11858.24,
Mata de São João,2921005,matense,AGOSTINHO BATISTA DOS SANTOS NETO,605.168,42566,70.34,44839,98.1,0.668,28.24,448315890.23,467324856.43,27889.83,
Matina,2921054,matinense,OLGA GENTIL DE CASTRO CARDOSO,773.280,10330,13.36,10629,97.5,0.572,20.41,68448269.97,66595574.62,7422.78,
Medeiros Neto,2921104,medeirosnetense,ADALBERTO ALVES PINTO,1311.739,22194,16.92,22925,96.7,0.625,-,146998916.59,130919538.59,22632.21,
Miguel Calmon,2921203,calmonense,MARINALDO SAMPAIO DE SOUZA FILHO,1599.672,24661,15.42,25317,97.5,0.586,15.81,151167122.45,112080782.33,10599.55,
Milagres,2921302,milagrense,MARCOS QUEIROZ RIBEIRO,420.357,11071,26.34,11434,98.9,0.622,27.78,69238057.97,65529530.29,13287.94,
Mirangaba,2921401,mirangabense,DIRCEU MENDES RIBEIRO,1751.778,15734,8.98,16185,98.4,0.542,15.27,123122553.83,117041619.77,7602.4,
Mirante,2921450,mirantense,EDNO SILVA NASCIMENTO,1172.861,10187,8.69,10523,97.3,0.527,12.35,47486409.72,44272198.47,9514.96,
Monte Santo,2921500,monte-santense,SILVANIA SILVA MATOS,3034.197,47780,15.75,49823,98.1,0.506,16.03,318402610.55,312745972.05,9360.71,
Morpará,2921609,morparaense,NATALITO RIBEIRO DE ALCANTARA,2093.872,7996,3.82,8232,97.9,0.558,38.46,57686422.4,51674660.67,9281.16,
Morro do Chapéu,2921708,morrense,JULIANA PEREIRA ARAUJO LEAL,5744.969,33594,5.85,35224,96.5,0.588,13.05,257499617.5,252663567.65,17648.85,
Mortugaba,2921807,mortugabense,RITA DE CÁSSIA CERQUEIRA DOS SANTOS,528.214,11143,21.10,11487,99.7,0.618,27.27,74552763.68,62928279.96,8854.99,
Mucugê,2921906,mucugeense,ANA OLIMPIA HORA MEDRADO,2462.689,12137,4.93,12650,97.5,0.606,13.42,96794522.84,85594817.08,88818.38,
Mucuri,2922003,mucuriense,ROBERTO CARLOS FIGUEIREDO COSTA,1787.626,37977,21.24,40005,94.1,0.665,14.58,260913630.01,263138464.08,51787.26,
Mulungu do Morro,2922052,mulunguense,ACÁCIO TELES DOS SANTOS,646.621,13152,20.34,13625,98.4,0.566,25.97,91108010.99,86431697.68,20336.37,
Mundo Novo,2922102,mundo-novense,ANA PAULA DE OLIVEIRA COSTA,1491.990,17305,11.60,17417,96.5,0.590,6.29,123630697.19,111771194.62,7337.41,
Muniz Ferreira,2922201,ferreirense,GILENO PEREIRA DOS SANTOS,104.540,7190,68.78,7443,98.2,0.617,-,49876467.38,45575047.91,8950.97,
Muquém do São Francisco,2922250,sanfranciscano,AILSON DE SOUZA SELIS,3852.111,10443,2.71,10796,97.1,0.549,27.03,84089617.35,79144621.48,18319.58,
Muritiba,2922300,muritibano,ROSILVANDA OLIVEIRA REIS,86.312,28707,332.60,30146,96.7,0.660,22.73,139208417.9,134779661.54,9407.81,
Mutuípe,2922409,mutuipense,JOÃO CARLOS RAUEDYS CARDOSO DA SILVA,275.854,20037,72.64,20612,98.7,0.601,25.64,119528390.2,108650645.04,21100.38,
Nazaré,2922508,nazareno,CARLOS BENON SAMPAIO CARDOSO,278.629,27060,97.12,28403,96.9,0.641,12.77,191944759.95,191378362.76,11540.19,
Nilo Peçanha,2922607,nilo-peçanhense,JACQUELINE SOARES DE OLIVEIRA,388.936,12063,31.02,12418,94.9,0.547,18.4,87501669.77,105128634.49,13139.06,
Nordestina,2922656,nordestinense,ELIETE DE ANDRADE ARAUJO,465.407,18523,39.80,19500,98.7,0.560,12.82,143730123.77,133389781.57,12189.34,
Nova Canaã,2922706,canaense,WADSON OLIVEIRA ROCHA,804.617,13715,17.05,14035,96.9,0.545,17.7,104630574.03,86540340.47,10572.94,
Nova Fátima,2922730,fatimense,JOSE DE ASSIS DE OLIVEIRA PORTO,346.784,7967,22.97,8264,98.5,0.597,-,40267035.02,38188841.87,12158.12,
Nova Ibiá,2922755,nova-ibiaense,MARCIO TARANTINE SOUZA SAMPAIO,203.198,6501,31.99,6701,97,0.570,-,50993771.68,51165451.55,15600.07,
Nova Itarana,2922805,nova-itaranense,ELMO RICARDO GALVAO DE SOUZA  SILVA,475.381,7780,16.37,8059,97.4,0.524,23.53,64929471.77,66258347.76,8800.02,
Nova Redenção,2922854,nova-redençoense,ADEMAR MARTINS DE OLIVEIRA FILHO,565.356,7538,13.33,7708,95.1,0.567,27.78,37782635.84,36385997.99,8283.67,
Nova Soure,2922904,nova-souriense,ALAN CAMILO BARRETO REIS,966.993,24236,25.06,24906,97.6,0.555,24.56,142378272.67,130892546.55,10047.07,
Nova Viçosa,2923001,nova-viçosense,LUCIANA SOUSA MACHADO RODRIGUES,1316.379,39509,30.01,41551,97,0.654,22.9,216331764.97,180489008.88,13040.8,
Novo Horizonte,2923035,novo-horizontino,ROGERIO DE OLIVEIRA PRADO,627.500,11162,17.79,11565,97.4,0.597,15.63,92165933.87,88610819.49,8316.99,
Novo Triunfo,2923050,novo-triunfense,MATHEUS BARROS DE SANTANA,299.125,10660,38.28,11197,94.6,0.554,11.36,95425053.78,88174548.12,6729.14,
Olindina,2923100,olindinense,LUIZ ALBERTO ARAÚJO DANTAS FILHO,637.317,22633,35.51,23085,91.4,0.559,22.62,141969778.95,124370657.39,8535.66,
Oliveira dos Brejinhos,2923209,brejinhense,CLERISTON UAIDE REIS GUEDES PEREIRA,3313.418,20715,6.25,21334,97.8,0.554,7.97,148694367.98,147375473.7,13393.04,
Ouriçangas,2923308,ouriçanguense,RONIVALDO CERQUEIRA DE ARAÚJO,156.982,7716,49.15,7939,98.7,0.607,-,57243649.92,60334776.99,9404.52,
Ourolândia,2923357,ourolandense,JOSÉ RAIMUNDO ARAUJO DE SOUZA,1544.988,19243,12.46,20037,97.7,0.560,15.15,135712826.31,127265824.85,15949.53,
Palmas de Monte Alto,2923407,monte-altense,MARCOS TULIO LARANJEIRA ROCHA,2560.027,20078,7.84,20677,99,0.586,8.62,99090259.85,91268602.87,10905.54,
Palmeiras,2923506,palmeirense,WILSON JOSE DA ROCHA,737.797,10339,14.02,10819,96.2,0.643,13.99,62756582.55,50610670.67,11814.68,
Paramirim,2923605,paramirinhense,JOÃO RICARDO BRASIL MATOS,1087.061,20351,18.72,21009,96.7,0.615,8.33,125162851.17,115259019.26,12441.24,
Paratinga,2923704,paratinguense,VITOR FERREIRA DE SANTANA,2624.998,29252,11.14,30671,98.9,0.590,26.39,153452074.43,151212427.23,8074.4,
Paripiranga,2923803,paripiranguense,TALISSON SANTA ROSA NASCIMENTO,442.186,26604,60.16,27866,97.4,0.577,31.75,160361161.59,143380473.44,15610.33,
Pau Brasil,2923902,pau-brasilense,ROBSON VENÂNCIO DO NASCIMENTO,626.306,9370,14.96,9584,96.9,0.583,22.9,55347534.22,48641547.27,11070.88,
Paulo Afonso,2924009,paulo-afonsino,MARIO CESAR BARRETO AZEVEDO,1544.388,112870,73.08,119128,96.4,0.674,13.41,594528661.42,545322073.7,33262.53,
Pé de Serra,2924058,pé-de-serrense,ZEDIVAN DE FREITAS RIOS,596.771,13243,22.19,13675,98,0.587,31.45,86436142.36,82246009.34,9712.24,
Pedrão,2924108,pedronense,MARCILIO MENEZES,158.488,6235,39.34,6415,98.3,0.588,13.33,44071933,42179249.33,7028.06,
Pedro Alexandre,2924207,pedro-alexandrense,YURI CESAR DE ANDRADE MENEZES,889.572,13954,15.69,14288,94.4,0.513,15.96,99172237.96,87452838.37,7145.33,
Piatã,2924306,piatãense,MARCOS PAULO SANTOS AZEVEDO,1825.856,20086,11.00,20859,98.6,0.571,-,121467552.65,110587057.35,14405.06,
Pilão Arcado,2924405,pilão-arcadense,LEOSMIR ATANAZIO GAMA,11597.936,35357,3.05,37272,95.8,0.506,16.67,173572777.59,161655090.11,8255.65,
Pindaí,2924504,pindaiense,JOÃO EVANGELISTA VEIGA PEREIRA,628.469,14731,23.44,15146,98.5,0.603,26.88,112368199.96,93958144.44,18183.92,
Pindobaçu,2924603,pindobaçuense,DAVID MENEZES FARIAS,495.845,19083,38.49,19625,98.6,0.577,20.91,151024628.89,138597861.64,7836.92,
Pintadas,2924652,pintadense,VALCYR ALMEIDA RIOS,647.144,10325,15.95,10656,96.7,0.612,-,62791166.33,54005808.78,10561.22,
Piraí do Norte,2924678,piraiense,HELITON FABIANO TAVARES DA SILVA PEREIRA,193.427,10974,56.73,11429,95.4,0.533,24.69,45479391.1,45811797.43,11643.35,
Piripá,2924702,piripaense,CRISTIANO SANTOS SILVA,504.395,9152,17.88,9255,97.3,0.575,-,60961505.77,57131273.58,7744.84,
Piritiba,2924801,piritibano,LEANDRA BELITARDO BARRETTO DE ANDRADE LIMA,980.328,17566,17.92,17838,97.9,0.578,9.71,98577410.45,86431638.71,7467.76,
Planaltino,2924900,planaltinense,RONALDO LISBOA DA SILVA,955.454,8022,8.40,8254,96.6,0.572,-,58445964.98,52112204.33,8412.61,
Planalto,2925006,planaltense,CLOVES ALVES ANDRADE,769.000,23334,30.34,24036,97.1,0.560,19.08,121771556.37,108639874.3,11658.15,
Poções,2925105,poçoense,IRENILDA CUNHA DE MAGALHÃES,937.855,48293,51.49,50642,96.5,0.604,20.99,218331022.16,194336239.21,12232.18,
Pojuca,2925204,pojucano,LUIZ CARLOS COSTA TRINCHÃO,314.932,32136,102.04,33608,96.7,0.666,15.02,281644558.29,280961790.68,45629.19,
Ponto Novo,2925253,ponto-novense,FABIANE AZEVEDO MAIA DE OLIVEIRA,530.143,17938,33.84,18670,98.1,0.580,3.64,139287644.77,136152566.8,9683.61,
Porto Seguro,2925303,porto-segurense,JANIO NATAL ANDRADE BORGES,2285.734,168326,73.64,181007,96.9,0.676,12.3,1080028517.62,1024897355.22,24702.76,
Potiraguá,2925402,potiragüense,ELIAS DE CARVALHO FILHO,1111.567,10274,9.24,10636,97.6,0.625,33.33,59227057.66,55741110.28,17359.62,
Prado,2925501,pradense,GILVAN DA SILVA SANTOS,1692.100,35003,20.69,37241,96.5,0.621,7.92,199049461.8,188773541.59,22139.06,
Presidente Dutra,2925600,presidutrense,ROBERTO CARLOS ALVES DE SOUZA,232.064,15130,65.20,15650,96,0.614,43.1,82914786.08,75683406.11,8707.33,
Presidente Jânio Quadros,2925709,janio-quadrense,LELIO ALVES BRITO JUNIOR,1208.566,12621,10.44,12986,97,0.542,7.58,78908617.85,72430597.9,8347.41,
Presidente Tancredo Neves,2925758,tancredense,JOSUE PAULO DOS SANTOS FILHO,441.820,27734,62.77,29343,97.5,0.559,23.81,159379954.8,152718808.7,11967.89,
Queimadas,2925808,queimadense,RICARDO MARCOS BATISTA LOPES,2011.060,25988,12.92,27362,98,0.592,20.33,134615353.51,129206872.55,10141.66,
Quijingue,2925907,quijinguense,JOSÉ ROMERO ROCHA MATOS FILHO,1380.798,25272,18.30,26457,98.4,0.544,9.9,137749786.36,122519252.88,8232.09,
Quixabeira,2925931,quixabeirense,EDINALDO OLIVEIRA RIOS,366.387,9461,25.82,9815,98.6,0.578,48.78,98035222.57,98486457.71,8623.21,
Rafael Jambeiro,2925956,jambeirense,MARINALVO FERNANDES SERRA,1090.552,19662,18.03,20146,96.3,0.564,-,112509475.47,112345080.28,17496.89,
Remanso,2926004,remansense,MARCOS CARVALHO PALMEIRA,4573.505,40586,8.87,42746,96.3,0.579,12.94,216800820.36,202663918.21,11780.33,
Retirolândia,2926103,retirolandense,JOSÉ EGNILDO DOS SANTOS,242.329,13651,56.33,14147,98.5,0.636,16.39,82565001.39,79553533.26,10276.38,
Riachão das Neves,2926202,riachão-nevense,MOAB NASCIMENTO DE SANTANA,5969.305,21642,3.62,22323,95,0.578,3.82,179105346.07,158002789.98,68947.75,
Riachão do Jacuípe,2926301,jacuipense,JOSÉ CARLOS DE MATOS SOARES,1155.419,33386,28.90,35118,98.3,0.628,16.39,142150810.17,136448590.88,12249.9,
Riacho de Santana,2926400,riachense,JOAO VITOR MARTINS LARANJEIRA,3183.909,30711,9.65,32103,96.8,0.615,12.7,146667894.06,134764147.87,8884.2,
Ribeira do Amparo,2926509,amparense,TETIANA DE PAULA FONTES CEDRO BRITTO,666.038,13841,21.48,14525,98.8,0.512,7.87,98215020.52,85884693.7,13146.19,
Ribeira do Pombal,2926608,pombalense,ERIKSSON SANTOS SILVA,1228.126,54010,43.13,56170,96.6,0.601,13.47,275126813.81,271391113.19,13246.03,
Ribeirão do Largo,2926657,ribeirense,JESUINA MOREIRA BORGES,1363.700,9740,7.14,10039,97.7,0.540,10.64,59913889.53,60189459.11,22675.04,
Rio de Contas,2926707,rio-contense,CELIO EVANGELISTA DA SILVA,1115.252,13184,11.82,13627,97.9,0.605,19.42,72324166.69,64836035.57,12108.56,
Rio do Antônio,2926806,rio-antoniense,GERSON DE SOUZA RIBEIRO,777.904,13146,16.90,13520,96.5,0.576,33.9,65742450.39,70324381.36,7454.11,
Rio do Pires,2926905,rio-pirense,JOSE MARCOS PEREIRA,656.223,10497,16.00,10801,97.2,0.594,-,75306913.44,66904835.57,8603.79,
Rio Real,2927002,rio-realense,GIANCARLO ALVES DE ALCANTARA SOUZA,739.775,35362,47.80,36997,97.5,0.572,18.74,180564212.51,185034531.58,25033,
Rodelas,2927101,rodelense,EMANUEL RODRIGUES FERREIRA,2207.159,10308,4.67,10801,96.5,0.632,20.27,70570911.48,67350811.58,15034.87,
Ruy Barbosa,2927200,rui-barbosense,NEY DIAS,1991.772,28282,14.20,29606,97.9,0.610,11.2,131632526.94,122918880.51,12712.32,
Salinas da Margarida,2927309,salinense,MARIA DE FÁTIMA PÊPE CERQUEIRA,150.569,14987,99.54,15568,97.9,0.617,25,100770165.09,101160931.45,12550.18,
Salvador,2927408,soteropolitano / salvadorense,BRUNO SOARES REIS,692.589,2417678,3486.49,2568928,95.9,0.759,14.86,13979792584.69,12696169055.76,21706.06,
Santa Bárbara,2927507,barbarense,EDIFRANCIO DE JESUS OLIVEIRA,347.021,20952,60.38,21723,99,0.583,13.64,113732718.93,113320344.36,8610.77,
Santa Brígida,2927606,santa-brigidense,ELTON CARLOS MAGALHÃES,934.461,14965,16.01,15421,97.2,0.546,-,88156421.18,73502177.34,8574.39,
Santa Cruz Cabrália,2927705,santa-cruzense,GIRLEI LIMA NAZARETH,1462.942,29185,19.95,30862,96.4,0.654,14.93,201824685.67,190283490.48,19546.74,
Santa Cruz da Vitória,2927804,santa-cruzense,MAURÍCIO LOPES DOS SANTOS,284.083,4681,16.48,4721,92,0.610,-,43726721.98,40761181.11,11405.46,
Santa Inês,2927903,santinense,SANDRO SANTOS SILVA,374.525,10300,27.16,10628,98.3,0.574,9.8,87746386.6,84443839.83,7198.73,
Santaluz,2928000,luzense,ARISMÁRIO BARBOSA JUNIOR,1623.445,37834,23.30,39922,97.5,0.598,14.06,244379714.17,230492569.07,13851.52,
Santa Luzia,2928059,santa-luziense,FERNANDO SCHUELER BRITO,824.473,13896,16.85,14377,92.5,0.556,6.62,80052015.15,75258785.19,10098.66,
Santa Maria da Vitória,2928109,santamariense,ANTONIO ELSON MARQUES DA SILVA,1984.910,38604,19.45,40467,98.9,0.614,6.33,243833442.68,236676242.33,15124.72,
Santana,2928208,santanense,JOSÉ RAUL ALKMIM LEÃO,1909.353,24755,12.97,25520,99.7,0.608,23.18,119450011.32,115506413.15,12840.88,
Santanópolis,2928307,santanopolinense,GILSON CERQUEIRA ALMEIDA,222.686,8716,39.14,9023,99,0.592,59.7,51299853.56,54228815.63,7662.32,
Santa Rita de Cássia,2928406,santa-ritense,JOSÉ BENEDITO ROCHA ARAGÃO,6030.491,27390,4.54,28826,97.7,0.605,27.32,147330495.8,130527102.87,9998.2,
Santa Terezinha,2928505,santa-teresinhense,AGNALDO FIGUEIREDO ANDRADE,719.257,10441,14.52,10847,97.5,0.587,20.41,70632195.01,64606640.18,9640.48,
Santo Amaro,2928604,santamarense,FLAVIANO ROHRS DA SILVA BONFIM,494.502,56012,113.27,58413,98.2,0.646,12.2,262779471.28,240004570.98,18905.29,
Santo Antônio de Jesus,2928703,santo-antoniense,GENIVAL DEOLINO SOUZA,261.740,103055,393.73,109267,97.4,0.700,18.12,487423986.99,452115297.01,23746.79,
Santo Estêvão,2928802,santo-estevense,TIAGO GOMES DIAS,360.334,52276,145.08,54940,97.7,0.626,16.64,272979147.31,265203536.23,17032.58,
São Desidério,2928901,são-desideriano,JOAO ANTONIO RODRIGUES LINHARES,15158.733,32828,2.17,34783,95.8,0.579,9.17,445692497.79,403195434.2,168146.14,
São Domingos,2928950,são-dominguense,ILARIO ANTONIO NETO RIOS CARNEIRO,289.963,8426,29.06,8693,97.7,0.640,-,39971202.67,53219472.02,9739.29,
São Félix,2929008,são-felista,JOSE GERALDO TOSTA ALBERGARIA DA SILVA,103.226,11026,106.81,11198,97.5,0.639,18.02,96084590.65,94658390.05,11695.55,
São Félix do Coribe,2929057,são-felense,TONI MARCOS SANTOS,1751.671,15194,8.67,15740,97.6,0.639,27.03,112863038.93,89849013.96,15338.81,
São Felipe,2929107,são-felipense,ANTÔNIO GREGÓRIO DE OLIVEIRA BARBOSA,222.407,20283,91.20,20918,99.7,0.616,32.09,139622078.3,137804745.04,10071.81,
São Francisco do Conde,2929206,franciscano,ANTONIO CARLOS VASCONCELOS CALMON,269.736,38733,143.61,40932,97.9,0.674,15.35,719948764.54,865702394.13,321810.96,
São Gabriel,2929255,são-gabrielense,MATEUS MACHADO ROCHA,1146.054,18600,16.23,19210,97.1,0.592,28.85,107061230.46,97776324.69,8139.76,
São Gonçalo dos Campos,2929305,são-gonçalense,TARCÍSIO TORRES PEDREIRA,294.768,39513,134.05,41909,97.8,0.627,8.5,172234257.32,137335292.74,30154.12,
São José da Vitória,2929354,são-joseense,RODSON PEREIRA COSTA,127.925,5315,41.55,5451,97.3,0.546,-,39136709.94,32752950.21,12061.38,
São José do Jacuípe,2929370,jacuipense,ALBERLAN PERIS MOREIRA DA CUNHA,362.365,10187,28.11,10556,98.5,0.552,-,81212711.9,78277173.5,12014.8,
São Miguel das Matas,2929404,miguelense,VALDELINO DE JESUS SANTOS,230.906,10334,44.75,10634,98.7,0.593,-,58514162.22,57518727.16,15046.12,
São Sebastião do Passé,2929503,sebastianense,MARIA NILZA DA MATA SANTANA,536.678,40958,76.32,42936,97.7,0.657,16.04,250643265.86,237287949.74,19080.47,
Sapeaçu,2929602,sapeaçuense,RAMON DE SENA SOUZA,131.218,17963,136.89,18609,98.1,0.614,8.44,146828627.04,149385659.51,12247.06,
Sátiro Dias,2929701,satirense,PEDRO RAIMUNDO SANTANA DA CRUZ,949.223,16008,16.86,16485,97.2,0.527,9.52,170673908.16,176766754.31,14878.8,
Saubara,2929750,saubarense,FELIPE SUZART DA SILVA,166.428,11438,68.73,11842,98.4,0.617,10.1,64902429.09,66174745.52,12031.98,
Saúde,2929800,saudense,AUCICLEI COSTA RODRIGUES,509.098,10478,20.58,10715,97.1,0.549,21.51,70992020.25,58808795.13,7948.36,
Seabra,2929909,seabrense,JOAQUIM INACIO DE SOUZA NETO,2402.170,46160,19.22,48530,98.1,0.635,15.02,210596093.17,192031176.72,14103.88,
Sebastião Laranjeiras,2930006,sebastianense,PEDRO ANTONIO PEREIRA MALHEIROS,1984.511,9360,4.72,9610,96.7,0.615,-,56648119.27,53227347.52,9256.21,
Senhor do Bonfim,2930105,bonfinense,LAÉRCIO MUNIZ DE AZEVEDO JUNIOR,789.361,74523,94.41,77976,98,0.666,13.74,335427511.66,325608366.89,12512.82,
Serra do Ramalho,2930154,serra-malhense,ELI CARLOS DOS ANJOS SANTOS,2341.703,34222,14.62,36119,97.4,0.595,13.21,194459608.9,178261412.07,13121.69,
Sento Sé,2930204,sento-seense,GISELDA CARVALHO DOS SANTOS RODRIGUES,11980.172,38154,3.18,40147,97.5,0.585,24.39,309667675.91,285284855.62,41541.36,
Serra Dourada,2930303,serra-douradense,AUZENILDO SOUSA COSTA,1592.245,17066,10.72,17580,98.8,0.608,8.81,94619996.09,90735784.01,11590.91,
Serra Preta,2930402,serra-pretense,FRANKLIN LEITE DA SILVA,595.297,17996,30.23,18685,98.1,0.566,29.13,102428035.51,90573480.58,9506.26,
Serrinha,2930501,serrinhense,CYRO OLIVEIRA SILVA NOVAIS,583.311,80435,137.89,84428,97.3,0.634,11.4,432675217.07,406199160.36,13303.2,
Serrolândia,2930600,serrolandense,GILDO MOTA BISPO,322.022,13335,41.41,13831,98.8,0.590,9.8,82086655.28,75252420.13,8781.78,
Simões Filho,2930709,simões-filhense,DEVALDO SOARES DE SOUZA,201.528,114559,568.45,120394,95.9,0.675,20.47,801160554.3,734989098.39,46196.74,
Sítio do Mato,2930758,sítio-matense,ALFREDO DE OLIVEIRA MAGALHÃES JUNIOR,1627.805,13408,8.24,13935,98.8,0.564,8.33,78719366.98,78164280.96,9156.98,
Sítio do Quinto,2930766,sítio-quintense,BENEDITO JOSE DE JESUS REIS,656.837,14773,21.60,14359,97.9,0.533,14.29,87488354.28,81094845.69,10956.57,
Sobradinho,2930774,sobradinhense,REGIS CLEIVYS SAMPAIO BENTO,1355.972,25475,18.79,26959,97.8,0.631,15.15,162860957.94,146524247.84,36229.7,
Souto Soares,2930808,souto-soarense,LUCAS TADEU DE OLIVEIRA,1026.634,17054,16.61,17674,97.1,0.592,19.61,107519703.94,80436080.99,7944.5,
Tabocas do Brejo Velho,2930907,taboquense,FLAVIO DA SILVA CARVALHO,1437.189,11979,8.34,12368,98.2,0.584,6.06,76793314.69,74191564.33,21439.63,
Tanhaçu,2931004,tanhaçuense,VALDEMIR BRITO AGUIAR GONDIM,1277.515,21006,16.44,21741,98.2,0.577,8.85,94989848.16,84079627.52,12431.64,
Tanque Novo,2931053,tanque-novense,PAULO RICARDO BONFIM CARNEIRO,729.516,17158,23.52,17770,98.4,0.599,4.12,104098879.41,113881362.4,10442.62,
Tanquinho,2931103,tanquinhense,JOSÉ LUIZ DOS SANTOS REIS,243.839,7717,31.65,7983,96,0.597,-,54537028.29,51466215.42,8402.92,
Taperoá,2931202,taperoense,CHRISTIANNE MARY PEREIRA GUIMARÃES,454.081,18044,39.74,18571,96.1,0.566,19.23,116145876.71,110528100.9,10352.23,
Tapiramutá,2931301,tapiramutaense,ROBERTO VENÂNCIO DOS SANTOS,714.691,15818,22.13,16253,95,0.594,7.46,102351148.46,89215757.17,8789.96,
Teixeira de Freitas,2931350,teixeirense,MARCELO GUSMÃO PONTES BELITARDO,1165.622,145216,124.58,153332,96.5,0.685,9.68,718363667.54,641113173.48,17504.82,
Teodoro Sampaio,2931400,teodorense,JOÃO PAULO VAZ GÓES,244.613,7110,29.07,7301,95.8,0.594,-,48451445.67,42977620.32,24308.53,
Teofilândia,2931509,teofilandense,HIGO MOURA MEDEIROS,351.892,21176,60.18,21827,96.8,0.566,7.81,123808090.21,120462263.23,8462.37,
Teolândia,2931608,teolandense,MARIA BAITINGA DE SANTANA,289.782,15332,52.91,15919,90.5,0.555,13.42,122623869.27,113283715.53,14358.22,
Terra Nova,2931707,terra-novense,EDER SAO PEDRO MENEZES,193.241,10798,55.88,11035,96.7,0.578,15.38,72533726.72,68074276.57,13089.85,
Tremedal,2931806,tremedalense,JOSE CARLOS VIEIRA BAHIA,2017.659,16296,8.11,16691,96.6,0.528,13.07,103321215.46,92237620.33,8360.65,
Tucano,2931905,tucanense,RICARDO MAIA CHAVES DE SOUZA FILHO,2198.237,48736,22.17,50959,98.2,0.579,18.38,303160068.18,283756350.55,10705.98,
Uauá,2932002,uauaense,MARCOS HENRIQUE LOBO ROSA,3060.116,24665,8.06,25441,97.3,0.605,15.63,201202782.61,184600166.69,9798.34,
Ubaíra,2932101,ubairense,UILDBERGER ALVES RABELO,663.891,18626,28.26,19162,97.8,0.582,5.24,113594461.86,114105267.43,11544.35,
Ubaitaba,2932200,ubaitabense,MARIA DAS GRAÇAS DE DEUS VIANA,181.102,17596,97.16,17967,95.8,0.611,9.01,104398723.47,102050203.66,13137.19,
Ubatã,2932309,ubatense,VINICIUS DO VALE DE SOUZA,177.643,16094,90.60,16097,94.5,0.593,18.63,107618100.4,97275631.89,8148.97,
Uibaí,2932408,uibaiense,AIDERLENE ROCHA LEVI,545.298,13432,24.63,13880,97.7,0.617,18.35,67092318.79,61791623.51,12659.64,
Umburanas,2932457,umburanense,FABRICIO LOPES RIBEIRO DE ALMEIDA,1775.633,13642,7.68,13888,95.7,0.515,6.06,104092709.14,87737821.85,13434.87,
Una,2932507,unense,ROGERIO MARTINS BORGES,1126.733,18131,16.09,18403,96.8,0.560,4.69,137116891.93,121926693.29,18605.54,
Urandi,2932606,urandiense,WARLEI OLIVEIRA DE SOUZA,902.402,15355,17.02,15794,98.1,0.598,6.37,121295401.24,115094983.51,11987.35,
Uruçuca,2932705,uruçuquense,MAGNOLIA ANDRADE BARRETO,510.098,21420,41.99,22130,95.8,0.616,17.67,117110939.98,108342624.87,14575.09,
Utinga,2932804,utinguense,ATILA SANT ANA KARAOGLAN,633.760,16277,25.68,16691,96.9,0.590,20.1,76611850.36,91251425.44,9620.61,
Valença,2932903,valenciano,MARCOS ANTONIO MEDRADO,1123.975,85655,76.21,90028,97.1,0.623,17.32,394225894.11,408795045.07,17784.63,
Valente,2933000,valentense,UBALDINO AMARAL DE OLIVEIRA,394.877,24362,61.70,25126,98.7,0.637,14.34,141110826.26,130945444.99,9237.34,
Várzea da Roça,2933059,varzeano,DANILLO SANTOS SALES RIOS,468.407,13800,29.46,14279,97.9,0.539,30.77,88953424.82,80216419.15,7937.78,
Várzea do Poço,2933109,varzeapense,EVERSON MARCOS MATT,206.478,8101,39.23,8344,98.8,0.575,29.85,45257498.83,44629394.99,12564.78,
Várzea Nova,2933158,várzea-novense,DAIANE SEVERINA PEREIRA,1225.892,13377,10.91,13847,95.9,0.555,6.25,79791177.63,75944337.26,18469.87,
Varzedo,2933174,varzedense,GILMAR BORBA BITENCOURT,221.399,9913,44.77,10296,97.9,0.586,16.26,59732876.15,54353567.47,15487.45,
Vera Cruz,2933208,vera-cruzense,IGOR PINHO SANTOS,297.537,42529,142.94,44978,99.3,0.645,15.38,225512726.2,212175676.46,13641.18,
Vereda,2933257,veredense,MANRICK GREGÓRIO PRATES TEIXEIRA,782.159,6003,7.67,6171,98.1,0.577,-,51380482.95,43646725.74,15186.69,
Vitória da Conquista,2933307,conquistense,ANA SHEILA LEMOS ANDRADE,3254.186,370879,113.97,394024,96.8,0.678,13.46,1577310957.53,1497584675.86,23907.93,
Wagner,2933406,wagnense,THIAGO ROCHA LADEIA,522.370,9503,18.19,9847,96.6,0.587,10.31,49670818.02,44870749.87,9591.73,
Wanderley,2933455,wanderleiense,CAMARGO ANTÔNIO PINTO CRISOSTOMO,2920.579,12968,4.44,13436,96.1,0.600,16.48,90212760.22,81360271.38,13835.65,
Wenceslau Guimarães,2933505,wenceslau-guimarãense,BENEDITO GABRIEL DE ANDRADE GOMES,655.057,24474,37.36,25430,94.6,0.544,21.01,134978141.63,126393450.23,15896.95,
Xique-Xique,2933604,xiquexiquense,RENAN PINTO DANTAS BRAGA,5079.662,44757,8.81,46979,96.9,0.585,15.87,248783539.11,241027179.85,9904.22,

<table class="fontes-container"><tr><th>Notas:</th></tr><tr><td>Escolarização <span>6 a 14 anos</span>: [população residente no município de 6 a 14 anos de idade matriculada no ensino regular/total de população residente no município de 6 a 14 anos de idade] x 100</td></tr><tr><th>Fontes:</th></tr><tr><td>Área Territorial: Área territorial brasileira 2022. Rio de Janeiro: IBGE, 2023</td></tr><tr><td>População no último censo: Censo 2022: População e Domicílios - Primeiros Resultados - Atualizado em 22/12/2023</td></tr><tr><td>Densidade demográfica: Censo 2022: População e Domicílios - Primeiros Resultados - Atualizado em 22/12/2023</td></tr><tr><td>População estimada: IBGE, Diretoria de Pesquisas, Coordenação de População e Indicadores Sociais, Estimativas da população residente com data de referência 1o de julho de 2024</td></tr><tr><td>Escolarização <span>6 a 14 anos</span>: IBGE, Censo Demográfico 2010</td></tr><tr><td>IDHM <span>Índice de desenvolvimento humano municipal</span>: Programa das Nações Unidas para o Desenvolvimento - PNUD</td></tr><tr><td>Mortalidade infantil: Ministério da Saúde, Departamento de Informática do Sistema Único de Saúde - DATASUS 2022</td></tr><tr><td>Total de receitas brutas realizadas: Siconfi: Sistema de Informações Contábeis e Fiscais do Setor Público Brasileiro. Brasília, DF, [2023]. Disponível em: https://siconfi.tesouro.gov.br/siconfi/pages/public/consulta_finbra/finbra_list.jsf. Acesso em: jun. 2024, Contas anuais. Receitas orçamentárias realizadas (Anexo I-C) 2023 e Despesas orçamentárias empenhadas (Anexo I-D) 2023. In: Brasil. Secretaria do Tesouro Nacional</td></tr><tr><td>Total de despesas brutas empenhadas: Siconfi: Sistema de Informações Contábeis e Fiscais do Setor Público Brasileiro. Brasília, DF, [2023]. Disponível em: https://siconfi.tesouro.gov.br/siconfi/pages/public/consulta_finbra/finbra_list.jsf. Acesso em: jun. 2024, Contas anuais. Receitas orçamentárias realizadas (Anexo I-C) 2023 e Despesas orçamentárias empenhadas (Anexo I-D) 2023. In: Brasil. Secretaria do Tesouro Nacional</td></tr><tr><td>PIB per capita: IBGE, em parceria com os Órgãos Estaduais de Estatística, Secretarias Estaduais de Governo e Superintendência da Zona Franca de Manaus - SUFRAMA</td></tr></table>