Paraná | Todos os Municípios
Município [-],Código [-],Gentílico [-],Prefeito [2025],Área Territorial - km² [2024],População no último censo - pessoas [2022],Densidade demográfica - hab/km² [2022],População estimada - pessoas [2024],Escolarização <span>6 a 14 anos</span> - % [2010],IDHM <span>Índice de desenvolvimento humano municipal</span> [2010],Mortalidade infantil - óbitos por mil nascidos vivos [2023],Total de receitas brutas realizadas - R$ [2023],Total de despesas brutas empenhadas - R$ [2023],PIB per capita - R$ [2021],
Abatiá,4100103,abatiense,SONIA APARECIDA DE SOUZA CHAVES,228.717,7241,31.66,7271,96.5,0.687,-,48184401.79,40393403.63,30140.55,
Adrianópolis,4100202,adrianopolitano ou adrianopolense,VANDIR DE OLIVEIRA ROSA,1349.311,6256,4.64,6327,95.8,0.667,-,65885671.73,60528116.73,63631.39,
Agudos do Sul,4100301,agudense-do-sul ou agudense,GENEZIO GONÇALVES DA LUZ,192.261,10233,53.22,10646,96.3,0.660,29.85,56439846.05,48989315.67,22674.09,
Almirante Tamandaré,4100400,tamandareense,CAMILO DANIEL LOVATO,194.228,119825,616.93,124788,95.6,0.699,6.57,469814308.45,432867643.62,15947.74,
Altamira do Paraná,4100459,altamirense,ELZA APARECIDA DA SILVA,386.945,3590,9.28,3543,97.5,0.667,21.28,46198534.1,43168730.04,67332.6,
Altônia,4100509,altoniano,DIEGO JARDIM PERGO,661.560,18742,28.33,18750,99.7,0.721,4.9,128448172.29,124523869.72,20747.69,
Alto Paraná,4100608,alto-paranaense,CLAUDEMIR JOIA PEREIRA,407.719,13909,34.11,14138,96,0.696,24.84,98195545.18,97629840.31,29192.99,
Alto Piquiri,4100707,alto-piquirense,GIOVANE MENDES DE CARVALHO,447.666,9727,21.73,9802,97.7,0.676,16,72062780.26,64639205.19,42092.67,
Alvorada do Sul,4100806,alvoradense-do-sul,MARCOS ANTONIO GASPARELLI,424.250,10326,24.34,10478,97.4,0.708,10.53,98949998.52,98055609.52,29176.4,
Amaporã,4100905,amaporense,MARCOS MARIN,384.735,4762,12.38,4736,98.3,0.669,-,58267629.95,51115528.84,18911.54,
Ampére,4101002,amperense,DOUGLAS DIEMS MOROCKOSKI POTRICH,298.349,19620,65.76,20199,99.3,0.709,18.12,134464313.94,121726775.85,38549.37,
Anahy,4101051,anaiense,ARILSON BATISTA DE SOUZA,102.895,2918,28.36,2965,97.4,0.695,96.77,42860517.06,38037548.76,41475.92,
Andirá,4101101,andiraense,EDNYRA APARECIDA SANCHES BUENO DE GODOY FERREIRA,235.944,19878,84.25,20044,99.1,0.725,9.17,140743965.98,140625577.22,41191.94,
Ângulo,4101150,angulense,ALEXANDRE DE SOUSA PROFETA,106.021,3235,30.51,3332,100,0.721,25.64,48566439.7,48971722.19,52613.12,
Antonina,4101200,antoninense,ROZANE MARISTELA BENEDETTI OSAKI,891.582,18091,20.29,18223,97.6,0.687,20.62,158785532.22,151028487.72,37048.49,
Antônio Olinto,4101309,antoniolintense,FABIO STANISZEWSKI MACHIAVELLI,469.620,7018,14.94,7071,98.6,0.656,14.49,50575449.05,49357482.33,31445.78,
Apucarana,4101408,apucaranense,RODOLFO MOTA DA SILVA,556.990,130134,233.64,134306,97.8,0.748,9.68,687565975.37,652889778,28189.54,
Arapongas,4101507,araponguense,RAFAEL FELIPE CITA,382.215,119138,311.70,123863,97.3,0.748,11.5,770873051.87,668998564.05,39149.76,
Arapoti,4101606,arapotiense,IRANI JOSE BARROS,1360.742,25777,18.98,26310,97.7,0.723,19.83,190171421.16,161373750.11,50824.66,
Arapuã,4101655,arapuense,MANOEL SALVADOR,217.371,3527,16.23,3573,97.1,0.676,23.81,43140389.47,37505507.81,51561.44,
Araruna,4101705,ararunense,GUSTAVO FRANÇA DOS SANTOS,493.191,14485,29.37,14824,99.1,0.704,17.65,101642497.11,89235336.09,39018.11,
Araucária,4101804,araucariano,LUIZ GUSTAVO BOTOGOSKI,469.240,151666,323.22,160038,97.4,0.740,9.46,2018828659.28,1765535101.33,170125.52,
Ariranha do Ivaí,4101853,ariranhense do ivaí,THIAGO EPIFANIO DA SILVA,234.075,2329,9.95,2351,99.4,0.670,35.71,42855937.32,38805906.32,63664.72,
Assaí,4101903,assaiense,MICHEL ANGELO BOMTEMPO,440.347,13797,31.33,13643,98,0.728,-,106687291.65,93803567.87,36478.15,
Assis Chateaubriand,4102000,assis-chateaubriense,MARCEL HENRIQUE MICHELETTO,980.727,36808,37.53,38105,98.6,0.729,13.73,261374160.5,229221344.51,49040.24,
Astorga,4102109,astorgano,SUZIE APARECIDA PUCILLO ZANATTA,434.792,25475,58.59,26145,97.4,0.747,17.01,182822095.24,173367909.48,33567.88,
Atalaia,4102208,atalaiense,CARLOS EDUARDO ARMELIN MARIANI,137.663,3980,28.91,4045,99.6,0.736,32.26,50133856.31,45344326.9,45806.54,
Balsa Nova,4102307,balsa-novense,CLEVER APARECIDO IAVOLSKI POLETTO,348.926,13395,38.39,13871,87.4,0.696,6.54,117021798.03,115621852.08,69966.95,
Bandeirantes,4102406,bandeirantense,JAELSON RAMALHO MATTA,445.192,31273,70.25,31807,97.8,0.727,2.8,162043670.2,145774258.73,33274.08,
Barbosa Ferraz,4102505,barbosense,CARLOS ROSA ALVES,538.636,10795,20.04,10692,98.2,0.696,16.26,75370246.08,72347928.49,26524.95,
Barracão,4102604,barraconense,JORGE LUIZ SANTIN,161.213,9759,60.53,9900,95.3,0.706,16.53,76388435.91,61353893.26,25538.63,
Barra do Jacaré,4102703,barrense,LUIZ FABIANO ZANATTA,115.855,2814,24.29,2866,98.7,0.744,-,40385608.97,32421150.7,53994.67,
Bela Vista da Caroba,4102752,bela-vistense,GELSON MAFFI,148.107,4031,27.22,4100,99.5,0.681,-,41382474.8,37302761.25,31414.33,
Bela Vista do Paraíso,4102802,bela-vistense,FABRICIO PASTORE,242.689,14833,61.12,14998,97.3,0.716,10.64,119485717.9,100966627.03,34014.05,
Bituruna,4102901,biturenense,RODRIGO ROSSONI,1276.140,15533,12.58,15689,98.2,0.667,7.72,140712641.98,126950852.95,33658.71,
Boa Esperança,4103008,boa-esperansense,JOEL CELSO BUSCARIOL,302.890,4558,15.06,4622,99,0.720,24.39,71969832.31,61581438.68,71587.36,
Boa Esperança do Iguaçu,4103024,boaesperencense,GIVANILDO TRUMI,151.797,2455,16.17,2448,98.3,0.700,34.48,43954872.54,38308780.19,58521.93,
Boa Ventura de São Roque,4103040,boa venturense,NESTOR KENEAR,608.179,6378,10.28,6244,97.5,0.655,11.76,73000253.55,64236259.62,56993.31,
Boa Vista da Aparecida,4103057,boa-vistense,EDUARDO JOSE HENRICHS,266.175,7924,29.77,8034,99.2,0.670,9.01,69182922.66,66289264.63,24632.62,
Bocaiúva do Sul,4103107,bocaiuvense,JOAO DE LIMA,825.665,13299,16.11,13804,95.1,0.640,5.81,77778634.23,71068933.33,21066.48,
Bom Jesus do Sul,4103156,bonjesuense,HELIO JOSE SURDI,176.129,3980,22.60,4061,99.4,0.697,-,43583376.17,37940796.42,33318.79,
Bom Sucesso,4103206,bom-sucessense,ROSANA FERREIRA LOPES,322.755,6581,20.39,6677,95.5,0.686,37.5,54036265.93,50544365.34,22143.17,
Bom Sucesso do Sul,4103222,bomsucessense do sul,MAICO DIOGO FAVERSANI,195.931,3202,16.34,3234,98.3,0.742,-,54172649.07,48287290.92,92499.86,
Borrazópolis,4103305,borrazopolitano,ADILSON LUCCHETTI,334.378,7735,23.13,7824,99,0.717,13.7,59929206.59,52503166.49,39060.72,
Braganey,4103354,braganense,VALDIR ZIELINSKI,343.321,4854,14.14,4802,98,0.701,-,57149972.46,57805708.92,45249.28,
Brasilândia do Sul,4103370,brasilandiense,ALEX ANTONIO CAVALCANTE,291.036,3708,12.74,3828,97.8,0.681,-,51693906.24,43785456.5,109465.23,
Cafeara,4103404,cafearense,ELTON FÁBIO LAZARETTI,185.800,2627,14.14,2655,99.5,0.693,-,42776845.82,40971513.33,38364.98,
Cafelândia,4103453,cafelandense,JUNIOR MOTTER,274.904,18997,69.10,19844,98,0.748,3.36,162724053.05,153654507.71,103778.69,
Cafezal do Sul,4103479,cafezalense,PEDRO MINORU INOUE,335.392,4473,13.34,4561,98.4,0.692,-,50602155.35,50181924.25,37483.08,
Califórnia,4103503,californiano,PAULO SÉRGIO CHILEIDE,141.817,8710,61.42,8921,97.2,0.722,-,57772271.82,52473108.68,29304.69,
Cambará,4103602,cambaraense,WALCIR JOAQUIM,366.153,23212,63.39,23430,97.3,0.721,12.35,151770157.53,128051264.74,32034.21,
Cambé,4103701,cambeense,CONRADO ANGELO SCHELLER,495.375,107208,216.42,111009,97.5,0.734,10.93,562504341.03,588430190.84,46520.49,
Cambira,4103800,cambirense,ANA LÚCIA DE OLIVEIRA,164.786,9460,57.41,9899,97.5,0.725,14.71,65461704,59743519.93,35173.74,
Campina da Lagoa,4103909,campinense-da-lagoa,GIANNY JOSE GRACIOSO BENTO,796.614,15723,19.74,15979,97.3,0.704,10.2,105674392,103439728.35,41647.39,
Campina do Simão,4103958,campineiro do simão,ANDRÉ JUNIOR DE PAULA,448.424,3936,8.78,3973,98.4,0.630,24.69,61586804.51,48427438.48,39254.11,
Campina Grande do Sul,4104006,campinense-do-sul,LUIZ CARLOS ASSUNÇÃO,539.245,47825,88.69,49971,98,0.718,11.22,335333825.47,297994794.18,49376.42,
Campo Bonito,4104055,campo-bonitense,MARIO WEBER,433.832,4027,9.28,4032,97.4,0.681,-,53000665.71,50328576.29,60821.41,
Campo do Tenente,4104105,tenentiano,WEVERTON WILLIAN VIZENTIN,304.488,7508,24.66,7666,98.7,0.686,-,60113769.64,57573606.91,32185.94,
Campo Largo,4104204,campo-larguense,MAURICIO ROBERTO RIVABEM,1243.787,136327,109.63,142695,97.7,0.745,10.08,752752760.5,679042084.37,42257.57,
Campo Magro,4104253,campomagrense,RILTON BOZA,275.352,30160,109.53,31555,96.1,0.701,2.93,152891870.13,145703280.2,17964.99,
Campo Mourão,4104303,mourãoense,JOÃO DOUGLAS FABRÍCIO,749.637,99432,132.64,103340,98.2,0.757,6.88,753018501.03,713812990.1,53562.73,
Cândido de Abreu,4104402,cândido-abreuense,RENAN MENCK ROMANICHEN,1510.160,15244,10.09,15255,98.1,0.629,10.42,97683799.75,90232656.54,28869.34,
Candói,4104428,candoianos,ALDOINO GOLDONI FILHO,1513.038,14973,9.90,15174,93.8,0.635,4.72,135332592.46,120127847.84,52715.43,
Cantagalo,4104451,cantagalense,JOAO KONJUNSKI,568.054,10933,18.74,10799,96,0.635,22.35,67033603.6,63685040.87,25184.85,
Capanema,4104501,capanemense,NEIVOR KESSLER,418.805,20481,48.88,21022,98.2,0.706,15.33,139422503.99,126669659.53,57726.48,
Capitão Leônidas Marques,4104600,leônidas-marquesiense,MAXWELL SCAPINI,280.063,14648,52.30,14796,98.2,0.716,21.62,113027355.55,98570194.32,79030.78,
Carambeí,4104659,carambiense,ELISANGELA PEDROSO DE OLIVEIRA NUNES,649.679,23283,35.84,24159,98.2,0.728,13.97,207563918.88,179995061.59,65176.2,
Carlópolis,4104709,carlopolitano,NILTON DOUGLAS DE MEIRA,451.418,16905,37.45,17567,98.1,0.713,4.29,96088748.3,71933659.45,31871.53,
Cascavel,4104808,cascavelense,RENATO DA SILVA,2091.199,348051,166.44,364104,98.1,0.782,11.24,2082393908.97,1985057166.78,46976.49,
Castro,4104907,castrense,REINALDO CARDOSO,2531.503,73075,28.87,75291,97.2,0.703,7.79,490199030.51,414196530.31,50347.9,
Catanduvas,4105003,catanduvense,ADEMAR LUIZ BURCKHARDT,580.421,10446,18.00,10627,97.8,0.678,-,74799384.06,72941317.82,35091.66,
Centenário do Sul,4105102,centenariense,MELQUIADES TAVIAN JUNIOR,371.834,10832,29.13,10936,97.9,0.668,-,73399157.63,67228057.89,40960.07,
Cerro Azul,4105201,cerro-azulense,EDSON CORDEIRO DO NASCIMENTO,1341.189,16134,12.03,16240,92.9,0.573,10.87,99647814.56,90190531.95,22652.48,
Céu Azul,4105300,céu-azulense,LAURINDO SPEROTTO,1180.361,11087,9.40,11251,98.4,0.732,26.32,99071847.74,82950920.24,79412.65,
Chopinzinho,4105409,chopinzinhense,ÁLVARO DÊNIS CENI SCOLARO,959.770,21085,21.97,21559,98.1,0.740,22.15,195015911.27,175571977.94,47651.2,
Cianorte,4105508,cianortense,MARCO ANTONIO FRANZATO,811.665,79527,97.98,82359,98.2,0.755,12.28,598958657.72,553932117.55,35771.57,
Cidade Gaúcha,4105607,cidade-gauchense ou citadino,ALEXANDRE LUCENA,403.045,11467,28.45,11684,98.5,0.718,14.71,77712089.72,64655685.87,33349.14,
Clevelândia,4105706,clevelandense,RAFAELA MARTINS LOSI,703.695,15070,21.42,14975,96,0.694,14.29,131436997.47,124847677.1,51273.61,
Colombo,4105805,colombense,HELDER LUIZ LAZAROTTO,197.580,232212,1175.28,240720,96.6,0.733,11.51,948803592.32,955914965.89,22842.86,
Colorado,4105904,colorado,ROSIMEIRE CHIQUIM,407.568,22896,56.18,23278,98.1,0.730,20.69,207826154.2,190366811.4,32809.41,
Congonhinhas,4106001,congonhinhense,JOSE OLEGARIO RIBEIRO LOPES,535.963,8320,15.52,8442,98.7,0.668,11.24,72304884.71,71431529.71,32108.39,
Conselheiro Mairinck,4106100,mairinquense,JOSELEI APARECIDO DE CARVALHO,204.705,3461,16.91,3486,98.7,0.707,-,40303215.06,36631010.09,39176.79,
Contenda,4106209,contendense,ANTONIO ADAMIR DIGNER,299.037,19128,63.97,19827,99.6,0.681,4.24,128087364.98,116855489.54,29222.03,
Corbélia,4106308,corbeliano,THIAGO DAROSS STEFANELLO,529.137,17470,33.02,17862,97.9,0.738,-,145408393.46,140717222.24,62009.98,
Cornélio Procópio,4106407,procopense,RAPHAEL DIAS SAMPAIO,635.100,45206,71.18,45830,98.7,0.759,10.92,258495418.31,234343278.68,37882.76,
Coronel Domingos Soares,4106456,domingosoarense,MARIA ANTONIETA DE ARAUJO ALMEIDA,1513.709,5649,3.63,5516,95.9,0.600,8.77,76956328.13,67569619.02,42947.64,
Coronel Vivida,4106506,coronel-vividense,ANDERSON MANIQUE BARRETO,684.201,23331,34.09,23859,97.5,0.723,26.94,175325880.99,171105307.52,43433.82,
Corumbataí do Sul,4106555,corumbataiense,ALEXANDRE DONATO,164.341,3760,22.88,3780,97,0.638,28.57,44525088.71,40261445.92,28866.17,
Cruzeiro do Iguaçu,4106571,cruzeirense,RENI KOVALSKI,161.862,4133,25.53,4171,98.4,0.709,-,51206595.42,42637210.99,41898.39,
Cruzeiro do Oeste,4106605,cruzeirense,ARMANDO CERCI JUNIOR,775.984,23831,30.71,24622,97.7,0.717,26.92,138853321.18,127882170.46,40998.59,
Cruzeiro do Sul,4106704,cruzeirense-do-sul,MARCOS CÉSAR SUGIGAN,259.103,4494,17.34,4547,98.5,0.713,-,51105250.26,42602437.64,46357.24,
Cruz Machado,4106803,cruz-machadense,CARLOS NOWAK,1478.350,15978,10.81,15910,96.9,0.664,5.52,116623638.51,107743485.18,26907.14,
Cruzmaltina,4106852,cruzmaltinense,MAURÍCIO BUENO DE CAMARGO,312.299,2892,9.26,2896,99.3,0.666,-,40718528.58,36506772.52,52273.46,
Curitiba,4106902,curitibano,EDUARDO PIMENTEL SLAVIERO,435.277,1773718,4078.53,1829225,97.6,0.823,7.9,13433545313.32,14293532478.3,49907.02,
Curiúva,4107009,curiuvense,CHRISTIANO GIUNTA BORGES,576.263,13647,23.68,13802,98.7,0.656,11.76,92157503.97,81289936.71,18055.67,
Diamante do Norte,4107108,diamantense,ELIEL DOS SANTOS CORREA,242.887,5142,21.17,5164,97.2,0.723,-,57445554.64,55834569.82,59944.36,
Diamante do Sul,4107124,sul-diamantino,DARCI TIRELLI,347.233,3171,9.13,3170,99.4,0.608,-,42252570.75,33754783.45,21926.22,
Diamante D'Oeste,4107157,diamantense,AMARILDO APARECIDO DA SILVA,309.110,4557,14.74,4557,98.2,0.644,43.48,46826281.27,41596572.5,24255.65,
Dois Vizinhos,4107207,duovizinhense,LUIS CARLOS TURATTO,418.648,44869,107.18,47014,98.4,0.767,11.2,331295036.23,299090835.63,48921.89,
Douradina,4107256,douradinense,OBERDAM JOSÉ DE OLIVEIRA,420.604,9161,21.78,9525,97.2,0.724,24.39,79969417.93,71067049.3,93597.1,
Doutor Camargo,4107306,camarguense,DOUGLAS RIBEIRO DO PRADO,118.285,6327,53.49,6484,98.6,0.746,13.16,48475477.11,41896465.36,33469.25,
Enéas Marques,4107405,enéas-marquense,EDSON LUPATINI,192.203,5999,31.21,6070,99.3,0.752,-,59239924.82,52824520.48,52715.48,
Engenheiro Beltrão,4107504,engenheiro-beltrense,ADALMIR JOSÉ GARBIM JÚNIOR,467.646,12454,26.64,12431,97.8,0.730,17.24,94859264.34,87341150.03,40584.18,
Esperança Nova,4107520,esperançanovense,EVERTON BARBIERI,141.286,1849,13.09,1858,98.5,0.689,-,38603378.77,34442046.76,39954.49,
Entre Rios do Oeste,4107538,entrerriense,JAIR BOKORNI,120.967,4575,37.82,4729,100,0.761,-,83123871.13,63613512.23,67333.74,
Espigão Alto do Iguaçu,4107546,espigãoense,AGENOR BERTONCELO,326.440,4797,14.69,4881,97.9,0.636,17.54,54170399.79,51216840.73,40911,
Farol,4107553,farolense,OCLECIO DE FREITAS MENESES,289.232,3039,10.51,3023,97.1,0.715,-,49910392.76,44762737.94,72035.16,
Faxinal,4107603,faxinalense,HERMES ANTONIO SANTA ROSA,715.943,16389,22.89,16618,96.3,0.687,14.56,112285112.72,95387025.4,28779.4,
Fazenda Rio Grande,4107652,fazendense,MARCO ANTONIO MARCONDES SILVA,116.678,148873,1275.93,161506,95.8,0.720,7.7,757581131.64,656585313.86,31927.39,
Fênix,4107702,fenexense,EURIPEDES MOLINA TASCA JUNIOR,234.099,4492,19.19,4512,99.1,0.716,22.73,45387187,40824310.49,44967.52,
Fernandes Pinheiro,4107736,fernandespinheirense,OZIEL NEIVERT,406.500,6255,15.39,6387,96.5,0.645,12.82,68420575.79,58830982.41,45649.28,
Figueira,4107751,figueirense,VALDECIR GARCIA,129.769,8062,62.13,8144,98.1,0.677,-,47297388.94,42181165.8,21181.49,
Floraí,4107801,floraiense,EDNA DE LOURDES CARPINE CONTIN,191.133,4792,25.07,4825,97,0.745,-,50183382.64,41326527.06,49000.9,
Flor da Serra do Sul,4107850,sulflorense,VALMOR FELIPE JUNIOR,255.721,4364,17.07,4367,98.7,0.682,-,62092054.78,53711999.59,39855.65,
Floresta,4107900,florestense,ROGERIO PEREIRA MENDES,158.334,10458,66.10,11226,98.8,0.736,12.58,80001566.78,68595282.86,39148.52,
Florestópolis,4108007,florestopolitano,ONICIO DE SOUZA,246.853,11446,46.37,11639,97.2,0.701,15.63,73307310.25,67651644.57,38640.04,
Flórida,4108106,floridense,ANTONIO EMERSON SETTE,83.046,2652,31.93,2704,96.3,0.732,28.57,39175340.42,29719791.08,29746.95,
Formosa do Oeste,4108205,formosense-do-oeste,ORIVALDO MUNICELLI,275.901,7635,27.67,7756,96.4,0.723,13.51,69061641.97,65803389.57,58437.29,
Foz do Iguaçu,4108304,iguaçuense,JOAQUIM SILVA E LUNA,609.192,285415,468.51,295500,96.4,0.751,9.26,2047585291.54,2037545310.27,73534.49,
Francisco Alves,4108320,alvense,ALIRIO JOSÉ MISTURA,321.898,8116,25.21,8464,98.6,0.669,8.4,61421577.28,53243488.16,48899.41,
Francisco Beltrão,4108403,beltronense,ANTONIO PEDRON,735.111,96666,131.50,101302,98.8,0.774,14.31,665598483.91,646852924.84,39597.05,
Foz do Jordão,4108452,fozjordense,FRANCISCO CLEI DA SILVA,234.733,4926,20.93,4925,96.4,0.645,-,53735638.39,48823045.6,41213.59,
General Carneiro,4108502,carneirense,JOEL RICARDO MARTINS FERREIRA,1071.183,11062,10.33,10861,96.7,0.652,24.15,97645004.95,76104109.5,32611.06,
Godoy Moreira,4108551,godoense,PRIMIS DE OLIVEIRA,131.012,2977,22.72,2970,100,0.675,35.71,34589857.76,35734931.86,25416.43,
Goioerê,4108601,goio-erense,PEDRO ANTÔNIO DE OLIVEIRA COELHO,564.456,28437,50.41,28970,97.4,0.731,15.72,178752680.17,150664208.1,37392.3,
Goioxim,4108650,goioxinhense,EDER DOS SANTOS,702.959,6566,9.35,6531,98.1,0.641,31.58,56673181.31,54923402,44184.49,
Grandes Rios,4108700,grande-riense,WILLIAM JOSÉ GONÇALVES,311.889,5641,17.95,5586,96.1,0.658,14.71,52406740.47,48086129.77,32114.19,
Guaíra,4108809,guairense,GILEADE GABRIEL OSTI,563.742,32097,56.94,32966,95.9,0.724,8.77,277026041.3,283570178.04,34033.18,
Guairaçá,4108908,guairaçaense,MARCELO ALVES DE OLIVEIRA,493.940,6587,13.34,6733,96.9,0.693,30,52696128.49,46980450.77,41008.09,
Guamiranga,4108957,guamiranguense,MARCELO LEITE,244.795,7856,32.09,7961,97.5,0.669,-,60804998.82,49514719.03,33226.19,
Guapirama,4109005,guapiramense,PEDRO DE OLIVEIRA,189.100,4626,24.46,4792,98.6,0.702,13.89,48637326.73,38230430.14,46978.22,
Guaporema,4109104,guaporemense,GILBERTO CASTIGLIONI,201.150,2191,10.89,2217,98.4,0.719,41.67,43020143.15,32241550.59,34904.03,
Guaraci,4109203,guaraciense,MARCOS ANTÔNIO DE SOUZA,211.680,4748,22.43,4762,99.3,0.698,20,60884683.77,51081157.74,40288.15,
Guaraniaçu,4109302,guaraniaçuano,JURACI RONALDO CAZELLA,1238.320,13735,11.09,13814,96.9,0.677,28.17,112779066.07,109260745.95,42780.95,
Guarapuava,4109401,guarapuavano,DENILSON BAITALA,3167.830,182093,57.48,188710,97.1,0.731,14.25,1053763010.8,962993704.45,45219.68,
Guaraqueçaba,4109500,guaraqueçabano,ALESSANDRO CARNEIRO SOARES TRUCHINSKI,2011.357,7430,3.69,7474,95.3,0.587,25.97,60518485.28,50754567.99,15643.19,
Guaratuba,4109609,guaratubano,MAURICIO LENSE,1326.670,42062,31.70,44323,97.8,0.717,19.05,27619576.89,30856722.61,25866.35,
Honório Serpa,4109658,honório serpense,JOÃO CARLOS GARBIN,502.170,4941,9.84,4872,99.1,0.683,13.51,62330625.4,57186341.19,59356.44,
Ibaiti,4109708,ibaitiense,ROBERTO REGAZZO,898.221,28830,32.10,29440,96.5,0.710,16.91,181981897.22,138825495.73,27578.3,
Ibema,4109757,ibemense,VIVIANE COMIRAN,145.446,6218,42.75,6327,98,0.685,23.53,48598781.45,43409113.66,28551.26,
Ibiporã,4109807,ibiporanense,JOSÉ MARIA FERREIRA,297.742,51603,173.31,53054,96.8,0.726,12.72,439007751.83,413273689.6,59501.61,
Icaraíma,4109906,icaraimense,DEVAIR FABRIS,675.240,8991,13.32,9139,97.8,0.666,26.55,78237186.03,71722102.9,32253.35,
Iguaraçu,4110003,iguaraçuense,CLAUDIO APARECIDO BERNIN,164.983,5338,32.35,5599,98.3,0.758,-,57775331.81,51351895.03,47491.38,
Iguatu,4110052,iguatuense,MARTINHO LUCAS DE GODOY,106.937,2144,20.05,2162,96.7,0.703,-,39007641.69,34110273.26,37319.79,
Imbaú,4110078,imbauense,DAYANE SOVINSKI RODRIGUES,330.734,14249,43.08,14815,97.2,0.622,6.58,77416071.05,68896340.68,20535.37,
Imbituva,4110102,imbituvense,BERTOLDO ROVER,756.535,29924,39.55,30757,95.9,0.660,9.43,199001058.32,178191954.28,38757,
Inácio Martins,4110201,inácio-martinense,EDMUNDO VIER,936.645,9670,10.33,9633,94.5,0.600,15.63,83634557.61,75719753.04,23903.16,
Inajá,4110300,inajaense,JOÃO EDER AGUILAR,194.704,2536,13.02,2510,98.6,0.705,-,28784036.08,25208814.85,18680.84,
Indianópolis,4110409,indianopolitano,PAULO CEZAR RIZZATO MARTINS,122.622,4448,36.27,4531,100,0.724,40,58016547.71,53418793.98,113474.61,
Ipiranga,4110508,ipiranguense,DOUGLAS DAVI CRUZ,900.721,14142,15.70,14338,97.4,0.652,13.7,120031906.89,105655676.75,40139.66,
Iporã,4110607,iporãense,ROBERTO DA SILVA,647.894,15746,24.30,16062,99.2,0.706,23.26,117602681.73,110070411.83,43768.84,
Iracema do Oeste,4110656,iracemense,ELZA HAASE RODRIGUES,81.538,2343,28.74,2344,98.3,0.707,52.63,34598441.24,28308479.96,87715.1,
Irati,4110706,iratiense,EMILIANO AUGUSTO ROCHA GOMES,999.517,59250,59.28,60796,98.5,0.726,7.79,339667827.38,322516044.81,37212.5,
Iretama,4110805,iretamense,SAME SAAB,570.459,10684,18.73,10843,98.7,0.665,21.58,85479519.82,71150066.33,35316.65,
Itaguajé,4110904,itaguajeense,RENATO FELIX DE SOUZA,194.353,4481,23.06,4532,98.9,0.707,-,51286972.17,56003630.54,27517.51,
Itaipulândia,4110953,itaipulandiense,LINDOLFO MARTINS RUI,330.846,11485,34.71,11984,99.2,0.738,6.94,792259339.8,228415942.45,45291.86,
Itambaracá,4111001,itambaracaense,AMARILDO TOSTES,207.342,5908,28.49,5874,99.5,0.694,17.24,45651379.61,40279521.36,34321.07,
Itambé,4111100,itambenense,ANANIAS SOARES VIEIRA,243.822,6111,25.06,6215,99.2,0.746,-,47998356.8,41107919.87,37372.99,
Itapejara d'Oeste,4111209,itapejarense,VILMAR SCHMOLLER,254.014,12344,48.60,12766,100,0.731,-,94924306.44,82068234.11,61623.39,
Itaperuçu,4111258,itaperuçuense,EDILSON RUIZ DE FREITAS,322.991,31217,96.65,32890,94.9,0.637,16.67,151272473.25,137336649.23,21258.32,
Itaúna do Sul,4111308,itaunense,GILSON JOSÉ DE GOIS,128.870,3572,27.72,3620,93.6,0.656,22.22,47201297.73,42968056.22,32503.7,
Ivaí,4111407,ivaiense,ORLI ANTONIO CAMARGO DE CRISTO,607.848,13229,21.76,13473,97.2,0.651,14.71,88294781.28,75737682.49,35427.84,
Ivaiporã,4111506,ivaiporãnense,LUIZ CARLOS GIL,437.254,32720,74.88,33529,98.3,0.730,12.66,202084329.41,178947227.43,29727.09,
Ivaté,4111555,ivateense,DENILSON VAGLIERI PREVITAL,410.156,6831,16.65,6833,98.1,0.706,13.89,56666706.08,46241627.49,24589.82,
Ivatuba,4111605,ivatubense,VARLEI VERCEZI,96.427,2708,28.02,2705,99.2,0.766,33.33,49805896.38,45604568.39,43529.53,
Jaboti,4111704,jabotiense,REGIS WILLIAM SIQUEIRA RODRIGUES,139.277,5427,38.97,5576,97.6,0.718,-,51773587.37,45095001.53,30019.41,
Jacarezinho,4111803,jacarezinhense,MARCELO JOSE BERNARDELI PALHARES,602.528,40375,67.01,41400,98.1,0.743,17.82,245386447.75,226724125.26,40697.5,
Jaguapitã,4111902,jaguapitãense,EDISON RODRIGUES DE ALMEIDA,475.004,15122,31.84,15719,98.9,0.715,4.93,118006668.49,105985753.38,75709.97,
Jaguariaíva,4112009,jaguariaivense,JOSÉ SLOBODA,1447.811,35141,24.18,36231,98,0.743,8.37,274986910.66,243234104.38,50833.4,
Jandaia do Sul,4112108,jandaiense-do-sul,BENEDITO JOSE PUPIO,187.600,21408,114.12,21851,99.2,0.747,33.06,138187385.5,123454896.68,37131.72,
Janiópolis,4112207,janiopolitano,EIDES GUEDES,336.800,5870,17.49,5835,99,0.696,16.13,55098336.15,53038940.28,48899.02,
Japira,4112306,japirense,HARIEL VIEIRA FOGAÇA,187.802,4972,26.47,5060,98.3,0.696,-,46142342.99,37885318.45,33157.3,
Japurá,4112405,japuraense,ADRIANA CRISTINA POLIZER,165.185,9144,55.36,9354,98.4,0.712,18.35,77102677.71,68373908.56,33552.33,
Jardim Alegre,4112504,jardim-alegrense,MOISES LNORTOVZ DOS SANTOS,413.386,12004,29.04,12130,98.1,0.689,16.67,80763191.11,76129177.2,33805.27,
Jardim Olinda,4112603,jardinolindense,WEVERTON JOSÉ DOS SANTOS LIMA,128.515,1343,10.45,1353,97.5,0.682,111.11,40536621.15,35610916.03,43584.29,
Jataizinho,4112702,jatainhense,WILSON FERNANDES,159.178,11813,74.21,11971,97.9,0.687,6.33,80248892.49,68554307.78,22283.34,
Jesuítas,4112751,jesuitense,EDICARLOS GRIZOTTO DE OLIVEIRA,247.496,10506,42.45,10860,97.6,0.705,-,76080634.77,71911597.94,53568.47,
Joaquim Távora,4112801,tavorense,GELSON MANSUR NASSAR,289.173,11945,41.31,12280,97.4,0.700,17.65,88295086.16,70431476.79,56092.66,
Jundiaí do Sul,4112900,jundiaiense-do-sul,PAULO ROBERTO PEDRO,320.816,3333,10.39,3366,99,0.688,-,42619273.97,34217826.42,39430.86,
Juranda,4112959,jurandense,JOELMA DAMASCENO DEMENECK,354.364,7771,21.93,7898,98.2,0.708,22.22,66567507.42,66707362.53,60870.69,
Jussara,4113007,jussarense,MOACIR LUIZ PEREIRA VALENTINI,210.869,6690,31.73,6795,97,0.718,-,74038244.5,72951934.94,57314.41,
Kaloré,4113106,kaloreense,WASHINGTON LUIZ DA SILVA,193.299,4582,23.70,4657,95.9,0.721,-,46480050.15,45974017.07,41457.2,
Lapa,4113205,lapeano,DIEGO TIMBIRUSSU RIBAS,2093.859,45003,21.49,45857,98.8,0.706,13.08,324618290.56,266251560.07,58401.14,
Laranjal,4113254,laranjaense,MAYCON LOPES SIMIONI,559.439,5600,10.01,5575,97.2,0.585,13.33,60535186.37,47713514.2,19763.62,
Laranjeiras do Sul,4113304,laranjeirense-do-sul,JAISON RODRIGO MENDES,674.584,32227,47.84,33103,96.3,0.706,14.52,218656478.96,207035145.3,31951.5,
Leópolis,4113403,leopolense,LEOMAR MONTEIRO,344.918,3752,10.88,3751,98.8,0.707,31.25,51554982.53,43110983.15,58364.13,
Lidianópolis,4113429,lidianopolitano,APARECIDO BUZATO,151.456,3938,26.00,3989,99.4,0.680,-,43055426.71,42648726.44,39839.41,
Lindoeste,4113452,lindo-estense,SILVIO DE SOUZA,347.093,5175,14.91,5226,98.9,0.666,-,55018544.87,51593997.37,44761.21,
Loanda,4113502,loandense,JOSE MARIA PEREIRA FERNANDES,722.497,23225,32.15,23813,97.9,0.725,20.76,162957000.23,148933220.87,29837.55,
Lobato,4113601,lobatense,FABIO CHICAROLI,240.904,4601,19.10,4693,98.8,0.744,71.43,55619771.68,53739928.42,44449.25,
Londrina,4113700,londrinense,JOSÉ TIAGO CAMARGO DO AMARAL,1652.569,555965,336.42,577318,97.3,0.778,11.81,3625461358.9,3879678799.31,40636.89,
Luiziana,4113734,luizianense,EDSON LISS,916.839,6690,7.30,6696,98.1,0.668,-,87312443.99,75817971.03,75776.65,
Lunardelli,4113759,lunardelliense,LUIZ WANDERLEI MARSON SARDI,199.213,4872,24.46,4902,98.5,0.690,-,47473967.44,45291659.53,30292.4,
Lupionópolis,4113809,lupionopolense,JOSÉ CARLOS TIBÉRIO,121.066,4813,39.76,4911,98.5,0.710,25.64,46270603.44,38827955.14,26466.49,
Mallet,4113908,malletense,PEDRO KOWALCZYK,760.224,13428,17.66,13655,98.5,0.708,-,94421759.64,84469396.76,55371.69,
Mamborê,4114005,mamborense,SEBASTIÃO ANTONIO MARTINEZ,788.061,13452,17.07,13572,98.8,0.719,6.49,122005337.88,97168404.25,61489.61,
Mandaguaçu,4114104,mandaguaçuense,JOSE ROBERTO MENDES,294.019,31457,106.99,33752,96.8,0.718,13.7,171174438.96,149523796.25,29426.09,
Mandaguari,4114203,mandaguariense,IVONÉIA DE ANDRADE APARECIDO FURTADO,335.814,36716,109.33,38050,98.7,0.751,2.21,229445147.3,202789788.37,53014.37,
Mandirituba,4114302,mandiritubense,FELIPE CLAUDINO MACHADO,379.179,27439,72.36,28761,94.7,0.655,12.2,164709532.99,146748581.05,23966.47,
Manfrinópolis,4114351,manfrinopolitano,AMARILDO ALVES CARNEIRO,215.779,2770,12.84,2761,98.3,0.645,-,39649412.29,35779736.43,33366.74,
Mangueirinha,4114401,mangueirinhense,LEANDRO DORINI,1055.458,16603,15.73,16764,97.6,0.688,10.49,176737003.46,138833335.3,107007.02,
Manoel Ribas,4114500,manoel-ribense,JOSE CARLOS DA SILVA CORONA,571.135,14240,24.93,14576,95.6,0.716,14.02,103181278.36,92638686.84,39322.07,
Marechal Cândido Rondon,4114609,rondonense,ADRIANO BACKES,745.748,55836,74.87,58140,98.5,0.774,9.43,469953463.23,395385765.54,54115.26,
Maria Helena,4114708,maria-helenense,MARLON RANCER MARQUES,486.224,5865,12.06,5935,97.8,0.703,-,61858128.69,56107148.46,24040.1,
Marialva,4114807,marialvense,FLAVIA CHERONI DA SILVA BRITA,475.493,41851,88.00,44098,99.2,0.735,12.22,296060301.52,249027103.57,73526.3,
Marilândia do Sul,4114906,marilandense,WALMIR PERES,384.424,8677,22.57,8774,98.7,0.691,-,72177029.48,62570640.26,53048.12,
Marilena,4115002,marilenense,CELIO LELIS DA MATA,232.363,7253,31.21,7409,98.5,0.681,10.42,58535781.74,50421286.2,24602.47,
Mariluz,4115101,mariluzense,PAULO ARMANDO DA SILVA ALVES,433.170,9847,22.73,9934,99.1,0.639,8.4,86719666.48,78725062.55,27537.3,
Maringá,4115200,maringaense,SILVIO MAGALHAES BARROS II,487.026,409657,841.16,425983,98.4,0.808,10.82,3205625892.81,2974063957.42,51908.79,
Mariópolis,4115309,mariopolitano,MARIO EDUARDO LOPES PAULEK,230.365,6371,27.66,6475,97.5,0.698,-,83745921.51,74322002.89,66104.97,
Maripá,4115358,maripaense,RODRIGO ANDRE SCHANOSKI,283.793,6555,23.10,6767,99.6,0.758,-,72405980.9,63896439.75,85964.22,
Marmeleiro,4115408,marmeleirense,JANDER LUIZ LOSS,387.612,15901,41.02,16386,98.1,0.722,28.3,110153865.08,92957324.35,44085.52,
Marquinho,4115457,marquinhense,ELIO BOLZON JUNIOR,518.648,4504,8.94,4521,99.4,0.614,34.48,57876698.64,52960864.44,26024.98,
Marumbi,4115507,marumbiense,ELAINE MARIA FERREIRA COSTA,208.470,4699,22.54,4778,97.1,0.721,-,52830094.65,50332675.87,22126.59,
Matelândia,4115606,matelandiense,GABRIEL DA SILVA CADINI,639.208,18450,28.84,19022,98.8,0.725,4.07,180706208.26,143586186.8,60024.71,
Matinhos,4115705,matinhense,EDUARDO ANTONIO DALMORA,117.479,39259,332.99,41416,98.7,0.743,24.67,326821314.21,299026252.12,24992.19,
Mato Rico,4115739,mato-riquense,EDELIR DE JESUS RIBEIRO DA SILVA,394.533,3267,8.28,3237,97.1,0.632,35.71,56404163.84,49842246.57,39211.07,
Mauá da Serra,4115754,mauaense da serra,GIVANILDO LOPES,108.324,9383,86.62,9628,98.6,0.652,7.58,84754438.12,72615374.14,33993.16,
Medianeira,4115804,medianeirense,ANTONIO FRANÇA BENJAMIM,328.732,54369,165.39,57120,98.7,0.763,9.89,354391073.63,306694043.73,52026.64,
Mercedes,4115853,mercedense,LAERTON WEBER,197.136,5931,30.09,6136,99.6,0.740,14.08,73110574.31,59905139.21,49534.82,
Mirador,4115903,miradorense,FABIANO MARCOS DA SILVA TRAVAIN,221.708,2238,10.09,2258,97.2,0.680,-,39378225.73,29714290.27,58094.56,
Miraselva,4116000,miraselvano,JOAO MARCOS FERRER,90.294,1966,21.77,2008,99.6,0.748,-,35602640.29,28971720.39,29302.32,
Missal,4116059,missalense,ADILTO LUIS FERRARI,324.397,11064,34.11,11301,97.5,0.711,-,128148803.74,117265500.25,43570.31,
Moreira Sales,4116109,moreira-salense,LUIZ ANTONIO VOLPATO,353.475,11175,31.59,11137,98.3,0.675,15.15,83978798.4,83355596.77,25586.92,
Morretes,4116208,morretense,SEBASTIÃO BRINDAROLLI JUNIOR,684.580,18309,26.74,18908,96.6,0.686,26.6,114993867.7,98962984.84,23612.37,
Munhoz de Melo,4116307,munhozense,ÁUREO GOMES,137.018,3951,28.84,4045,98.4,0.726,-,54168262.15,48044291.56,33946.78,
Nossa Senhora das Graças,4116406,gracense,CLODOALDO APARECIDO RIGIERI,185.769,3669,19.75,3685,97.1,0.709,-,42824590.14,42323811.75,24826.1,
Nova Aliança do Ivaí,4116505,ivaiense,ULISSES DE SOUZA,131.272,1323,10.08,1327,97.5,0.717,-,30395471.44,25027285.83,33292.16,
Nova América da Colina,4116604,nova-americanense,TANIA CRISTINA DA SILVA BASSO,129.476,3280,25.33,3299,97.8,0.698,27.03,41034374.44,38983584.35,28507.42,
Nova Aurora,4116703,nova-aurorense,JOSE APARECIDO DE PAULA E SOUZA,470.642,13765,29.25,14219,95.8,0.733,-,125801252.02,112218709.68,80918.59,
Nova Cantu,4116802,nova-cantuense,AIRTON ANTONIO AGNOLIN,555.488,6790,12.22,6799,96.8,0.658,-,78708740.75,67985112.52,72116.33,
Nova Esperança,4116901,nova-esperancense,JOAO EDUARDO PASQUINI,401.587,26585,66.20,27142,98.7,0.722,3.44,177103025.37,164825478.68,33612.53,
Nova Esperança do Sudoeste,4116950,novaesperancense,JAIME DA SILVA STANG,208.472,5597,26.85,5744,98.6,0.714,10.75,56591891.46,55312168.97,32869.52,
Nova Fátima,4117008,fatimense,RENATA MONTENEGRO BALAN XAVIER,283.423,7225,25.49,7201,99.3,0.688,-,56826351.92,48130152.14,38786.71,
Nova Laranjeiras,4117057,nova laranjeirense,FABIO ROBERTO DOS SANTOS,1209.313,12074,9.98,12287,95.5,0.642,5.62,80795742.01,73918109.63,26898.21,
Nova Londrina,4117107,nova-londrinense,LUIZ GUSTAVO MAIOR BONO,269.389,12923,47.97,13085,98.6,0.758,6.67,109339860.05,99499750.79,33588.39,
Nova Olímpia,4117206,novaolimpiense,LUIZ LAZARO SORVOS,136.347,5833,42.78,5960,98.8,0.710,15.63,56757587.17,50157923.46,18682.89,
Nova Santa Bárbara,4117214,bárbaraense,CLAUDEMIR VALÉRIO,76.887,4184,54.42,4280,97.6,0.680,23.26,43080970.28,35739779.64,25733.07,
Nova Santa Rosa,4117222,nova-santa-rosense,LARI HITZ,204.665,8322,40.66,8535,99.5,0.731,-,85760784.21,81458596.94,52914.12,
Nova Prata do Iguaçu,4117255,pratense,ELIZETE CAVAZIN,352.565,12699,36.02,13196,97.9,0.716,-,100431267.82,87313528.02,46729.6,
Nova Tebas,4117271,nova-tebense,PEDRO LOURENÇO,545.686,6848,12.55,6870,97.5,0.651,11.36,71362366.38,68833341.82,36140.29,
Novo Itacolomi,4117297,itacolomiense,JOAO PEDRO MAGON,161.411,3125,19.36,3210,97.9,0.710,-,46237165.38,39628256.96,32234.85,
Ortigueira,4117305,ortigueirense,ARY DE OLIVEIRA MATTOS,2429.520,24192,9.96,24627,95.1,0.609,8.4,264264904.97,240537900,125166.19,
Ourizona,4117404,ourizonense,JANILSON MARCOS DONASAN,176.457,3187,18.06,3206,96.9,0.720,-,48699903.37,40540173.37,48701.95,
Ouro Verde do Oeste,4117453,ouro-verdense,LUCIAN ALUISIO DIERINGS,293.042,6785,23.15,7031,98.8,0.709,-,64383484.48,57559477.8,52789.8,
Paiçandu,4117503,paiçanduense,ISMAEL BATISTA,171.379,45962,268.19,48207,97.2,0.716,11.86,196327703.06,177828916.75,25035.43,
Palmas,4117602,palmense,DANIEL RICARDO LANGARO,1559.338,48247,30.97,49891,92.8,0.660,17.65,248816692.47,205815621.74,30790.74,
Palmeira,4117701,palmeirense,ALTAMIR SANSON,1471.296,33855,23.03,34806,95.5,0.718,14.05,260243945.8,244481994.5,48142.63,
Palmital,4117800,palmitalense,ROBERTO CARLOS ROSSI,817.647,13033,15.94,12967,97,0.639,11.76,99983423.66,88571326.14,25939.77,
Palotina,4117909,palotinense,RODRIGO RIBEIRO,651.238,35011,53.76,36623,99.4,0.768,6.02,328907643.36,298211967.29,86939.78,
Paraíso do Norte,4118006,paraisense-do-norte,CARLOS ALBERTO VIZZOTTO,204.564,13245,64.75,13634,97.7,0.746,23.26,94891213.18,92258102.56,26547.42,
Paranacity,4118105,paranacitense,JOSE CLAUDIO BATISTA,348.631,9557,27.41,9597,99,0.717,-,70964233.61,68031432.4,27859.98,
Paranaguá,4118204,parnanguara,ADRIANO RAMOS,822.838,145829,177.23,149819,98,0.750,7.66,1284861375.13,1169939526.74,86717.02,
Paranapoema,4118303,paranapoemense,SIDNEI FRAZATTO,175.875,2398,13.63,2378,98.5,0.709,100,41673793.58,41355693.79,28083.2,
Paranavaí,4118402,paranavaiense,MAURÍCIO GEHLEN,1202.266,92001,76.52,95525,98.7,0.763,14.15,531620523.22,507185886.27,35548.61,
Pato Bragado,4118451,pato bragadense,JOHN JEFERSON WEBER NODARI,135.600,5733,42.28,5939,100,0.747,20.41,97577787.88,79123196.25,42312.81,
Pato Branco,4118501,pato-branquense,GERI NATALINO DUTRA,539.311,91836,170.35,96602,98.7,0.782,9.77,705721876.08,676705164.48,53648.87,
Paula Freitas,4118600,paula-freitense,SEBASTIÃO ALGACIR DALPRA,421.409,5666,13.45,5778,98,0.717,-,61397875.45,52511978.29,74045.21,
Paulo Frontin,4118709,frontinense,IRENEU INACIO ZACHARIAS,363.351,6343,17.46,6369,99.4,0.708,-,62626898.67,55904127.84,53483.78,
Peabiru,4118808,peabiruense,JOSÉ MARCOS GONÇALVES LOPES,468.594,13346,28.48,13496,98,0.723,6.06,105098622.73,95728453.58,32407.58,
Perobal,4118857,perobalense,CRISTIANO CEZAR MERLINI DE ALBUQUERQUE,409.050,7189,17.57,7496,98.1,0.713,8.4,66247120.96,50972240.07,45512.01,
Pérola,4118907,perolense,VALDETE CARLOS OLIVEIRA GONCALVES DA CUNHA,236.186,11878,50.29,12275,99.4,0.700,7.81,103013281.84,109015786.81,31537,
Pérola d'Oeste,4119004,pérolatense,EDSOM LUIZ BAGETTI,205.279,6221,30.31,6235,99.1,0.726,-,57415280.47,50684278.9,38184.61,
Piên,4119103,pienense,MAICON GROSSKOPF,254.792,13655,53.59,14179,97.5,0.694,10,125750338.63,109444849.56,70453.65,
Pinhais,4119152,pinhaense,ROSA MARIA DE JESUS COLOMBO,60.871,127019,2086.76,131199,97.2,0.751,9.11,902100210.63,808718589.02,59079.55,
Pinhalão,4119202,pinhalense ou pinhalãoense,LUIZ EDUARDO DE CASTRO VANZELI,220.625,6566,29.76,6707,99.4,0.697,-,59565366.86,59743592.88,39773.88,
Pinhal de São Bento,4119251,pinhalense,PAULO FALCADE DE OLIVEIRA,97.463,2761,28.33,2819,99.6,0.695,-,37036032.24,32373785.16,29268.85,
Pinhão,4119301,pinhãoense,VALDECIR BIASEBETTI,2002.652,29886,14.93,30472,96,0.654,20.28,222869572.6,197543537.56,54851.08,
Piraí do Sul,4119400,piraiense,HENRIQUE DE OLIVEIRA CARNEIRO,1346.139,23651,17.58,24000,97.5,0.708,6.76,187831706.16,164673567.49,46229,
Piraquara,4119509,piraquarense,MARCUS MAURICIO DE SOUZA TESSEROLLI,227.042,118730,522.94,124934,96.5,0.700,13,561639697.34,504662569.1,13213.37,
Pitanga,4119608,pitanguense,DIRCEU MORAES,1693.402,33567,20.18,34513,99,0.702,7.48,228522177.69,198152835.15,38430.52,
Pitangueiras,4119657,pitangueirense,SAMUEL TEIXEIRA,123.229,3046,24.72,3121,100,0.710,29.41,42334060.76,37088793.29,36948.03,
Planaltina do Paraná,4119707,planaltinense,CELSO MAGGIONI,356.192,4070,11.43,4123,100,0.705,-,46042154.92,34441764.51,24276.36,
Planalto,4119806,planaltense,LUIZ CARLOS BONI,346.241,14374,41.51,14663,99.8,0.706,-,105118831.21,100772806.35,31778.1,
Ponta Grossa,4119905,ponta-grossense,ELIZABETH SILVEIRA SCHMIDT,2053.265,358371,174.41,372562,98.2,0.763,7.78,1752654516.95,1760851129.38,54316.58,
Pontal do Paraná,4119954,pontalense,RUDISNEY GIMENES FILHO,200.830,30425,151.81,32426,97.4,0.738,19.89,230134995.56,238141740.99,22903.26,
Porecatu,4120002,porecatuense,AGAMEMNON AUGUSTO ARAUJO PADUAN,291.663,11624,39.85,11438,96.9,0.738,-,82525526.25,77959621.33,44031.43,
Porto Amazonas,4120101,porto-amazonense,ELIAS JOCID GOMES DA COSTA,186.581,4098,21.96,4099,97.8,0.700,-,49812087.42,47335506.73,33301.6,
Porto Barreiro,4120150,porto barreirense,EMANOEL VANDERLEI VOLFF,361.021,3110,8.61,3078,99.5,0.688,55.56,70450157.49,59809958.02,54269.08,
Porto Rico,4120200,porto-riquense,VALTER BATISTA DOS SANTOS,217.676,3182,14.62,3316,97.1,0.735,16.39,74300192.4,69314434.46,42532.26,
Porto Vitória,4120309,porto-vitoriense,FABIANO JOSÉ GLAAB,213.013,3562,16.72,3549,98,0.685,-,42513541.3,36847953.36,24340.57,
Prado Ferreira,4120333,prado ferreirense,SILVIO ANTONIO DAMACENO,152.876,3709,24.26,3799,97.8,0.710,-,45303210.68,35310543.72,44913.54,
Pranchita,4120358,pranchitano,RONIMAR ELEANDRO SARTOR,226.140,5737,25.37,5833,99.6,0.752,-,65612280.04,57747953.19,65434.42,
Presidente Castelo Branco,4120408,castelo-branquense,JOÃO PERICLES MARTINATI,155.734,4336,27.84,4336,99,0.713,-,49232259.08,41692783.27,27323.94,
Primeiro de Maio,4120507,primaiense,BRUNO EDUARDO SANTA ROSA BAUERMAMM ESTEVAM,414.442,10082,24.33,10121,97.2,0.701,9.52,78901826.62,66251685.16,33335.27,
Prudentópolis,4120606,prudentopolitano,ADELMO LUIZ KLOSOWSKI,2245.850,49393,21.98,50428,97,0.676,9.38,285395012.95,254786014.75,29782.6,
Quarto Centenário,4120655,quarto centenariense,WILSON AKIO ABE,320.779,4201,13.05,4170,98.3,0.710,-,51126272.64,41569517.99,82131.21,
Quatiguá,4120705,quatiguaense,IZILDA GLEICIANY RODRIGUES CARRO,112.689,8099,71.87,8357,99,0.714,36.14,55773382.46,51334058.49,28269.42,
Quatro Barras,4120804,quatro-barrense,LORENO BERNARDO TOLARDO,180.471,24191,134.04,25109,97.1,0.742,12.4,213729979.46,199187760.02,80039.23,
Quatro Pontes,4120853,quatro pontense,CESAR ALEXANDRE SEIDEL,114.393,4480,39.16,4636,99.2,0.791,-,60623973.56,49590497.31,62721.52,
Quedas do Iguaçu,4120903,quedas-iguaçuense,RAFAEL CIRYLLO CHIAPETTI ALVES DE MOURA,821.503,30738,37.42,31405,97.1,0.681,15.45,187967910.99,170880561.73,42255.94,
Querência do Norte,4121000,querenciano,ALEX SANDRO FERNANDES,914.763,10685,11.68,10693,99.1,0.688,8.7,81557127.88,73641396.19,21471.28,
Quinta do Sol,4121109,quinta-solense,LEONARDO LAZZARETTI ROMERO,326.177,5001,15.33,5060,96.1,0.715,14.93,49166503.5,39011746.31,57939.58,
Quitandinha,4121208,quitandinhense,JOSÉ RIBEIRO DE MOURA,447.024,18398,41.16,18823,98.4,0.680,9.43,125282071.12,106154530.21,26262.3,
Ramilândia,4121257,ramilandiense,EDSON DOS SANTOS,237.196,4221,17.80,4293,97.8,0.630,-,44967747.39,41234624.7,25285.9,
Rancho Alegre,4121307,alegrense,FLAVIO HENRIQUE PEREIRA,167.646,3512,20.95,3501,98.3,0.707,-,37214133.11,33612972.64,49378.6,
Rancho Alegre D'Oeste,4121356,rancho alegrense,EVERTON CÁSSIO ZANUTO,241.185,2618,10.85,2638,98.6,0.704,-,40064578.68,38078627.02,90246.03,
Realeza,4121406,realezense,PAULO CEZAR CASARIL,353.416,19247,54.46,19903,97.4,0.722,8.03,134277654.96,130273388.42,43774.47,
Rebouças,4121505,reboucense,LAERCIO ANTONIO CIPRIANO,481.840,14514,30.12,14754,98.3,0.672,9.76,96587851.18,90094170.73,35785.75,
Renascença,4121604,renascenseano,FABIELI MANFREDI,425.273,6845,16.10,6946,97.7,0.733,-,67643571,61965249.27,62394.97,
Reserva,4121703,reservense,LUCAS MACHADO RIBEIRO,1635.535,24573,15.02,24851,96.2,0.618,8.2,158235066.59,141623423.57,28122.36,
Reserva do Iguaçu,4121752,reservense do iguaçu,VITORIO ANTUNES DE PAULA,834.232,6553,7.86,6543,98.3,0.648,10.53,80675119.05,78888290.18,31998.12,
Ribeirão Claro,4121802,ribeirão-clarense,LISANDRO JOSÉ NÉIA BAGGIO,629.224,12364,19.65,12770,98.2,0.716,7.46,91761779.18,88140750.88,36125.48,
Ribeirão do Pinhal,4121901,ribeiro-pinhalense,DARTAGNAN CALIXTO FRAIZ,374.732,13060,34.85,13180,98.5,0.701,6.54,80925224.74,63017578.35,26269.94,
Rio Azul,4122008,rio-azulense,LEANDRO JASINSKI,599.056,14025,23.41,14214,96.2,0.687,-,113161040.21,96332405.38,47275,
Rio Bom,4122107,rio-bonense,MOISÉS JOSÉ DE ANDRADE,177.836,3197,17.98,3223,100,0.729,32.26,42535124.39,41919182.53,33008.65,
Rio Bonito do Iguaçu,4122156,rio bonitense,SEZAR AUGUSTO BOVINO,681.403,13929,20.44,14234,97.6,0.629,10.36,114746368.05,92985158.37,33349.16,
Rio Branco do Ivaí,4122172,riobranquense,PEDRO TABORDA DESPLANCHES,378.050,3808,10.12,3850,97.2,0.640,-,48277843.82,42960024.82,28043.39,
Rio Branco do Sul,4122206,rio-branquense,KARIME FAYAD,811.425,37558,46.29,39307,93.9,0.679,7.55,224281931.62,207939501.49,42153.61,
Rio Negro,4122305,rio-negrense,ALESSANDRO CRISTIAN VON LINSINGEN,604.138,31324,51.85,31992,98.2,0.760,14.45,193621109.23,178822717.48,37477.75,
Rolândia,4122404,rolandense,AILTON APARECIDO MAÍSTRO,459.024,71670,156.14,74935,97.5,0.739,12.89,465056905.02,406866524.28,52447.59,
Roncador,4122503,roncadorense,MARILIA PEROTTA BENTO GONÇALVES,742.121,11251,15.16,11371,98.7,0.681,6.71,99770962.52,92112835.39,63312.92,
Rondon,4122602,rondonense,ROBERTO APARECIDO CORREDATO,555.125,9097,16.39,9240,97,0.713,-,65121772.52,58747124.55,36225.59,
Rosário do Ivaí,4122651,rosariense,ANIZIO CESAR LINO SILVA,377.572,5435,14.40,5491,96.8,0.662,35.71,48300659.54,40719475.17,28266.01,
Sabáudia,4122701,sabaudiense,EDSON HUGO MANUEIRA,190.329,8822,46.35,9320,98.6,0.740,42.37,75219473.12,72960262.01,101429.37,
Salgado Filho,4122800,salgadense,VOLMAR DUARTE,181.015,4075,22.51,4097,98.3,0.700,-,47541278.45,44736362.86,36692.89,
Salto do Itararé,4122909,saltense-do-itararé,CLAUDECI JOSÉ DE OLIVEIRA,200.520,5192,25.89,5267,98.5,0.704,-,46895475.25,39252732.91,21322.09,
Salto do Lontra,4123006,salto-lontrense,FERNANDO ALBERTO CADORE,312.717,15223,48.68,15636,96.5,0.718,6.33,110687130.94,92505001.07,35429.43,
Santa Amélia,4123105,ameliense,ANTONIO CARLOS TAMAIS,78.045,3394,43.49,3386,96.9,0.653,-,34610157.34,32713186.78,31442.18,
Santa Cecília do Pavão,4123204,pavonense,CLAUDIO COVRE,105.076,3365,32.02,3375,97.7,0.723,24.39,40207247.98,33289578.71,47193.99,
Santa Cruz de Monte Castelo,4123303,monte-castelense,WILLIAN CEZAR VIEGA,442.013,8613,19.49,8806,98.7,0.710,30.93,70713812.88,62460064.79,48684.56,
Santa Fé,4123402,santa-feense,EDSON PALOTTA NETTO,276.241,11378,41.19,11669,97.9,0.705,7.19,91858247.63,83987144.29,25928.17,
Santa Helena,4123501,santa-helenense,CLADEMAR JOAO MARASKIN,754.701,25492,33.78,26341,99.4,0.744,3.02,403809725.57,365866257.49,54197.49,
Santa Inês,4123600,santa-ineense,ADENILSON PACHECO,156.935,1748,11.14,1760,100,0.717,-,20798124.71,16035425.70,32841.43,
Santa Isabel do Ivaí,4123709,santa-isabelense,JOÃO CARLOS DA SILVA MENDES,349.497,8912,25.50,9059,100,0.720,12.5,71931415.3,63194268.67,29837.51,
Santa Izabel do Oeste,4123808,santa-izabelense,JEAN PIERR CATTO,321.182,14070,43.81,14385,97.1,0.696,6.13,106621927.74,95395457.49,31293.06,
Santa Lúcia,4123824,santaluciense,SILVANO TORTELLI,126.813,3644,28.74,3657,97.1,0.687,23.26,42692531.44,36754388.68,36922.32,
Santa Maria do Oeste,4123857,santa-mariense,OSCAR DELGADO,819.288,9934,11.87,9985,95.5,0.609,23.26,73247162.53,61772891.55,29026.17,
Santa Mariana,4123907,santa-marianense,JOSE MARCELO PIOVAN GUIMARAES,427.193,11066,25.90,11034,98.2,0.700,8.85,82812104.38,69528097.98,42791.96,
Santa Mônica,4123956,moniquense,LUAN GUSTAVO FRAZATTO,259.957,3356,12.91,3373,99.7,0.704,30.3,45476774.93,42853780.49,22463.39,
Santana do Itararé,4124004,santanense,ELCIO JOSÉ VIDAL,251.269,5514,21.94,5628,97.5,0.687,-,56627089.31,54205320.01,34909.63,
Santa Tereza do Oeste,4124020,santa-terezense,AMARILDO RIGOLIN,326.190,13174,40.39,13749,97.7,0.705,15.38,95634058.78,86612990.75,57894.02,
Santa Terezinha de Itaipu,4124053,itaipuense,ANTONIO LUIZ BENDO,268.258,24262,90.44,25055,99.6,0.738,19.23,192088836.41,170866924.98,28728.52,
Santo Antônio da Platina,4124103,platinense,GILSON DE JESUS ESTEVES,721.472,44369,61.50,45534,96.2,0.718,5.21,228591445.28,194971261.81,32377.92,
Santo Antônio do Caiuá,4124202,santo-antoniense,JOSÉ GABRIEL GONÇALVES FACHIANO,219.068,2493,11.38,2496,98,0.696,43.48,36279251.46,30950587.85,20707.25,
Santo Antônio do Paraíso,4124301,santo-antoniense,DEVANIR MARTINELLI,167.014,2125,12.72,2116,97.7,0.716,-,40519791.04,29196003.64,52081.94,
Santo Antônio do Sudoeste,4124400,santo-antoniense,RICARDO ANTONIO ORTINA,325.651,23673,72.69,24644,96.6,0.671,14.81,137369647.03,126097659.35,31852.54,
Santo Inácio,4124509,santo-inaciense,GENY VIOLATTO,280.133,6181,22.06,6397,99.3,0.739,11.9,62120929.59,52065578.16,98142.7,
São Carlos do Ivaí,4124608,são-carlense,PAULO FRANCISCO MARINHO DUTRA,225.079,6587,29.27,6712,98.2,0.682,34.88,60180822.52,55493107.03,56894.74,
São Jerônimo da Serra,4124707,jeronimense,VENICIUS DJALMA ROSA,823.774,10830,13.15,10913,96.2,0.637,24.69,76843342.02,67370860.74,29122.78,
São João,4124806,são-joanense,CLOVIS MATEUS CUCCOLOTTO,388.059,11886,30.63,12230,97.6,0.727,7.52,96026660.51,90798390.11,87991.12,
São João do Caiuá,4124905,caiuense,STEFAN TOMÉ PAUKA,304.413,5586,18.35,5620,95,0.664,-,48393264.19,42558899.19,26569.18,
São João do Ivaí,4125001,são-joanense,FÁBIO HIDEK MIURA,353.331,10667,30.19,10700,98.7,0.693,23.08,72805760.4,63620403.55,36497.91,
São João do Triunfo,4125100,triunfense,MARIO CEZAR DA SILVA,720.407,13726,19.05,13923,96.9,0.629,19.87,96925898.77,86276334.04,37735.83,
São Jorge d'Oeste,4125209,são-jorgense ou jorgense,GELSON COELHO DO ROSÁRIO,379.545,9378,24.71,9550,98.9,0.722,8.33,87956660.16,85532403.87,52566.77,
São Jorge do Ivaí,4125308,são-jorgense,AGNALDO CARVALHO GUIMARÃES,315.088,5168,16.40,5193,98.4,0.743,23.26,60805933.08,51003556,72507.92,
São Jorge do Patrocínio,4125357,patrocinense,RONALDO TINTI,406.413,6504,16.00,6659,97.2,0.676,14.08,79159883.84,62116628.61,26281.08,
São José da Boa Vista,4125407,boa-vistense,JOSE LAZARO FERRAZ,399.730,6040,15.11,6060,99.2,0.671,24.39,42084372.59,34801204.37,37579.8,
São José das Palmeiras,4125456,são-joseliense,FRANCO MARIA ALVES CABRAL,182.419,3957,21.69,4030,99.5,0.713,-,36324974.23,33497079.15,27502.48,
São José dos Pinhais,4125506,são-joseense,MARGARIDA MARIA SINGER,946.049,329628,348.28,345644,97.4,0.758,7.8,2343875840.4,2276966091.55,80717.4,
São Manoel do Paraná,4125555,são manoelense,VITOR HUGO RODRIGUES,95.381,2138,22.42,2173,97.8,0.725,90.91,41894977.96,38709210.57,28799.62,
São Mateus do Sul,4125605,são-mateuense,FERNANDA GARCIA SARDANHA,1341.714,42366,31.58,43413,97.6,0.719,9.86,312329259.59,296121363.99,32181.24,
São Miguel do Iguaçu,4125704,são-miguelense,BOAVENTURA MANOEL JOAO MOTTA,851.917,29122,34.18,30198,99,0.704,4.89,266676153.6,234534830.03,53082.67,
São Pedro do Iguaçu,4125753,São pedrense,JACIR DANELLI,308.324,5784,18.76,5769,97.3,0.683,12.35,55282258.41,51716440.2,43023.44,
São Pedro do Ivaí,4125803,ivaiense,RILDO BERNARDES DE CAMARGO,322.692,8690,26.93,8611,97.6,0.717,-,65109252.05,59958953.76,33318.9,
São Pedro do Paraná,4125902,são-pedrense,VANDERLEI CAETANO DE CASTRO,250.654,2661,10.62,2722,100,0.704,-,56105468.9,59112271.98,39882.77,
São Sebastião da Amoreira,4126009,amoreirense,EXILAINE GASPAR,226.872,8063,35.54,8100,99,0.715,11.36,53583017.01,53444023.07,33860.14,
São Tomé,4126108,são-tomeense,JOÃO PAULO TRAVASSOS RADDI,218.623,5232,23.93,5290,98.7,0.725,-,56535927.94,51329721.48,28293.49,
Sapopema,4126207,sapopemense,PAULO MAXIMIANO DE SOUZA JUNIOR,677.609,6695,9.88,6784,96.7,0.655,9.9,55902598.26,56483885.44,22942.31,
Sarandi,4126256,sarandiense,CARLOS ALBERTO DE PAULA JÚNIOR,103.501,118455,1144.48,125785,96.3,0.695,12.89,505417797.92,434716350.28,20962.06,
Saudade do Iguaçu,4126272,saudadense,ROGERIO GALLINA,152.084,6108,40.16,6342,99,0.699,40.54,75125377.11,74339265.11,140973.05,
Sengés,4126306,sengeano,GERSON NUNES DA SILVA,1443.237,17270,11.98,17344,97.7,0.663,11.72,142739525.14,142854744.31,34196.93,
Serranópolis do Iguaçu,4126355,serranopolitano,GILBERTO MARSARO,482.394,5007,10.38,5138,100,0.762,-,71789401.5,64587269.29,65324.84,
Sertaneja,4126405,sertanejano,SAMUEL CARLOS DO PRADO,444.492,5616,12.63,5667,99.6,0.725,34.48,69278011.93,64537741.15,80884.23,
Sertanópolis,4126504,sertanopolense,ANA RUTH SECCO MATTESCO,505.532,15930,31.51,16183,97.1,0.723,11.49,123626357.69,113592302.1,41980.09,
Siqueira Campos,4126603,siqueirense,LUIZ HENRIQUE GERMANO,278.035,22811,82.04,23712,97.5,0.704,6.15,148839661.02,124372266.81,32901.6,
Sulina,4126652,sulinense,GILBERTO JOÃO ROSSI,170.759,3440,20.15,3495,99.2,0.693,-,51873453.46,45813459.1,55046.1,
Tamarana,4126678,tamaranense,LUZIA HARUE SUZUKAWA,472.155,10707,22.68,10645,94.4,0.621,23.39,91727623.75,81977129.32,25633.93,
Tamboara,4126702,tamboarense,GIOVANE MONTEIRO DA SILVA,193.346,4880,25.24,4979,98.3,0.731,37.74,38303935.77,36432991.07,24312.5,
Tapejara,4126801,tapejarense,RONALDO ADRIANO VILAS BOAS,591.399,15869,26.83,16255,98.3,0.703,12.42,128728144.01,109854927.68,30138.8,
Tapira,4126900,tapirense,RONALD ROGÉRIO LOPES SMARZARO,434.371,5745,13.23,5813,99.2,0.697,18.18,55198079.7,51369550.42,28143.29,
Teixeira Soares,4127007,teixeira-soarense,IVANOR LUIZ MULLER,902.801,9547,10.57,9581,96.8,0.671,23.62,100453619.24,91811836.79,48305.51,
Telêmaco Borba,4127106,telêmaco-borbense,RITA MARA DE PAULA ARAUJO,1382.860,75042,54.27,77182,98.4,0.734,10.97,522751471.95,470738306.22,60971.64,
Terra Boa,4127205,terra-bonense,VALTER PERES,320.850,17568,54.75,18048,98.8,0.728,32.79,133788251.52,120554599.09,32908.97,
Terra Rica,4127304,terra-riquense,AGNALDO DE SOUZA COSTA,700.599,14842,21.18,14989,98.8,0.710,12.66,127916576.66,110397046.32,22058.69,
Terra Roxa,4127403,terra-roxense,IVAN REIS DA SILVA,800.807,18119,22.63,18548,97.7,0.714,20.66,154201744.74,134369118.09,50881.4,
Tibagi,4127502,tibagiano,RILDO EMANOEL LEONARDI,2977.933,19961,6.70,20304,96.6,0.664,3.5,200312149.43,163856952.92,69611.31,
Tijucas do Sul,4127601,tijuquense / tijucano,JOSÉ ALTAIR MOREIRA,671.889,17621,26.23,18279,97.2,0.636,13.76,129359230.63,125986993.04,33328.52,
Toledo,4127700,toledano,MARIO CESAR COSTENARO,1198.049,150470,125.60,158620,98.8,0.768,8.81,1104883242.92,1090843405.75,51745.73,
Tomazina,4127809,tomazinense,CEZAR BUENO DE MELO,591.438,8426,14.25,8495,98.4,0.699,11.49,66647817.88,55959805.95,42105.95,
Três Barras do Paraná,4127858,tribarrense,GERSO FRANCISCO GUSSO,505.505,11135,22.03,11197,98.3,0.681,-,105569148.32,90629440.43,36223.55,
Tunas do Paraná,4127882,tunense,MARCO ANTONIO BALDÃO,668.478,6219,9.30,6302,97.4,0.611,17.09,64816436.53,58658016.15,15551.33,
Tuneiras do Oeste,4127908,tuneirense,GUERINO MENDONÇA DOS SANTOS,698.871,8067,11.54,8095,97.7,0.695,11.49,61637730.85,51058364,27492.5,
Tupãssi,4127957,tupãssiense,JOSE CARLOS MARIUSSI,299.769,8077,26.94,8204,98.5,0.730,27.03,76107491.88,72641918.5,53232.85,
Turvo,4127965,turvense,ANTONIO MARCOS SEGURO,939.182,14231,15.16,14443,97.5,0.672,14.49,122777210.74,100704993.45,46362.98,
Ubiratã,4128005,ubiratense,FABIO DE OLIVEIRA DALECIO,652.581,24749,37.92,25517,97.7,0.739,5.97,205146173.68,171261828.15,82368.19,
Umuarama,4128104,umuaramense,ANTONIO FERNANDO SCANAVACA,1234.537,117095,94.85,121972,97.9,0.761,13.13,782081262.21,760232680.32,36183.64,
União da Vitória,4128203,união-vitoriense,ARY CARNEIRO JUNIOR,719.998,55033,76.43,56397,98.2,0.740,10.25,321585464.85,346428841.94,33607.71,
Uniflor,4128302,uniflorense,MAYCON RODRIGO RODRIGUES DE SOUZA,94.819,2136,22.53,2121,98.3,0.720,-,35806352.79,31044213.75,38081.98,
Uraí,4128401,uraiense,ANGELO TARANTINI FILHO,237.810,10406,43.76,10407,98.6,0.721,-,61027963.19,54217214.7,32748.89,
Wenceslau Braz,4128500,brazense,LUIZ CARLOS VIDAL,397.916,19188,48.22,19430,98.2,0.687,22.64,111960106.94,106037501.3,36742.11,
Ventania,4128534,ventaniense,JOSE LUIZ BITTENCOURT,819.334,9681,11.82,9779,95.7,0.650,23.81,80621130.26,62835457.28,28338.49,
Vera Cruz do Oeste,4128559,vera-cruzense,EDNEI SGOBI,326.947,8215,25.12,8227,97.7,0.699,-,62861471.75,50668612.32,40663.64,
Verê,4128609,vereense,PAULO ROBERTO WEISSHEIMER,311.801,7932,25.44,8051,98.1,0.720,20.2,72261267.58,68405173.72,70446.49,
Alto Paraíso,4128625,altoparaisense,LUIZ ELISEU DOS SANTOS,967.772,3055,3.16,3077,99.4,0.678,-,56462728.3,50528419.63,43223.91,
Doutor Ulysses,4128633,ulyssense,ESEQUIEL BESTEL JUNIOR,777.482,5697,7.33,5773,94.4,0.546,-,45643892.67,42697574.07,17958.74,
Virmond,4128658,virmondense,FERNANDO MIERZVA,249.065,3811,15.30,3842,99.5,0.722,-,40345891.52,40840340.42,46837.97,
Vitorino,4128708,vitorinense,MARCIANO VOTTRI,308.218,9706,31.49,10280,97.4,0.702,20.41,73534641.91,71561720.41,72445.13,
Xambrê,4128807,xambrense,DECIO JARDIM,359.712,5798,16.12,5851,98.6,0.706,-,59365335.6,56195477.28,21426.52,

<table class="fontes-container"><tr><th>Notas:</th></tr><tr><td>Escolarização <span>6 a 14 anos</span>: [população residente no município de 6 a 14 anos de idade matriculada no ensino regular/total de população residente no município de 6 a 14 anos de idade] x 100</td></tr><tr><th>Fontes:</th></tr><tr><td>Área Territorial: Área territorial brasileira 2022. Rio de Janeiro: IBGE, 2023</td></tr><tr><td>População no último censo: Censo 2022: População e Domicílios - Primeiros Resultados - Atualizado em 22/12/2023</td></tr><tr><td>Densidade demográfica: Censo 2022: População e Domicílios - Primeiros Resultados - Atualizado em 22/12/2023</td></tr><tr><td>População estimada: IBGE, Diretoria de Pesquisas, Coordenação de População e Indicadores Sociais, Estimativas da população residente com data de referência 1o de julho de 2024</td></tr><tr><td>Escolarização <span>6 a 14 anos</span>: IBGE, Censo Demográfico 2010</td></tr><tr><td>IDHM <span>Índice de desenvolvimento humano municipal</span>: Programa das Nações Unidas para o Desenvolvimento - PNUD</td></tr><tr><td>Mortalidade infantil: Ministério da Saúde, Departamento de Informática do Sistema Único de Saúde - DATASUS 2022</td></tr><tr><td>Total de receitas brutas realizadas: Siconfi: Sistema de Informações Contábeis e Fiscais do Setor Público Brasileiro. Brasília, DF, [2023]. Disponível em: https://siconfi.tesouro.gov.br/siconfi/pages/public/consulta_finbra/finbra_list.jsf. Acesso em: jun. 2024, Contas anuais. Receitas orçamentárias realizadas (Anexo I-C) 2023 e Despesas orçamentárias empenhadas (Anexo I-D) 2023. In: Brasil. Secretaria do Tesouro Nacional</td></tr><tr><td>Total de despesas brutas empenhadas: Siconfi: Sistema de Informações Contábeis e Fiscais do Setor Público Brasileiro. Brasília, DF, [2023]. Disponível em: https://siconfi.tesouro.gov.br/siconfi/pages/public/consulta_finbra/finbra_list.jsf. Acesso em: jun. 2024, Contas anuais. Receitas orçamentárias realizadas (Anexo I-C) 2023 e Despesas orçamentárias empenhadas (Anexo I-D) 2023. In: Brasil. Secretaria do Tesouro Nacional</td></tr><tr><td>PIB per capita: IBGE, em parceria com os Órgãos Estaduais de Estatística, Secretarias Estaduais de Governo e Superintendência da Zona Franca de Manaus - SUFRAMA</td></tr></table>