Rio Grande do Sul | Todos os Municípios
Município [-],Código [-],Gentílico [-],Prefeito [2025],Área Territorial - km² [2024],População no último censo - pessoas [2022],Densidade demográfica - hab/km² [2022],População estimada - pessoas [2024],Escolarização <span>6 a 14 anos</span> - % [2010],IDHM <span>Índice de desenvolvimento humano municipal</span> [2010],Mortalidade infantil - óbitos por mil nascidos vivos [2023],Total de receitas brutas realizadas - R$ [2024],Total de despesas brutas empenhadas - R$ [2024],PIB per capita - R$ [2021],
Aceguá,4300034,aceguaense,MARCUS VINÍCIUS GODOY DE AGUIAR,1551.339,4170,2.69,4253,93.9,0.687,-,63851994.01,62880088.59,91994.39,
Água Santa,4300059,água-santense,JULIANO FAVRETTO,291.526,3912,13.42,4000,98.5,0.750,27.03,50926977.45,44324927.58,146445.07,
Agudo,4300109,agudense,LUIS HENRIQUE KITTEL,534.624,16041,30.00,16346,96.5,0.694,5.46,131867321.18,115724193,40863.53,
Ajuricaba,4300208,ajuricabense,PAULO CLAUDIO DOLOVITSCH,322.674,6720,20.83,6848,98.5,0.753,20,60979476.21,56485970.78,74961.71,
Alecrim,4300307,alecrinense,NEUSA LEDUR KUHN,316.394,6123,19.35,6228,97.1,0.672,-,42521184.14,40237261.46,28383.93,
Alegrete,4300406,alegretense,JESSE TRINDADE DOS SANTOS,7800.552,72409,9.28,74329,98.9,0.740,6.63,405027646.94,403989343.08,42485.08,
Alegria,4300455,alegriense,FABIO LUCIANO SCHAKOFSKI,172.794,3651,21.13,3711,98.9,0.695,-,39347441.32,34090522.91,47648.88,
Almirante Tamandaré do Sul,4300471,tamandarense,DILSE JOSEFINA KLEIN BICIGO,265.042,1969,7.43,2008,100,0.740,-,35999932.54,31299236.76,142847.94,
Alpestre,4300505,alpestrense,RUDIMAR ARGENTON,325.979,7117,21.83,7243,98.1,0.671,-,87214531.43,89278250.16,33369.8,
Alto Alegre,4300554,alto-alegrense,SILMAR DEMAMAN,115.335,1800,15.61,1837,98.1,0.747,-,35568816.65,28699353.77,66755.15,
Alto Feliz,4300570,alto-felizense,ROBES SCHNEIDER,78.170,3072,39.30,3143,98.1,0.734,-,46707604.66,39353188.43,53088.35,
Alvorada,4300604,alvoradense,DOUGLAS MARTELLO DE SOUZA SILVEIRA,71.702,187315,2612.48,194116,95.3,0.699,10.79,778377063.31,683859529.48,15550.82,
Amaral Ferrador,4300638,amaralense,RONIVAN FONTOURA BRAGA,506.109,5310,10.49,5394,98.3,0.624,-,39737144.24,34753233.03,20688.31,
Ametista do Sul,4300646,ametistense,GILMAR DA SILVA,93.605,7650,81.64,7822,100,0.682,-,61183180.36,54343191.41,24036.02,
André da Rocha,4300661,andré-rochense,FELIPE EDUARDO SEMINOTI JACQUES,331.208,1135,3.43,1157,100,0.720,62.5,30913505.43,28023091.8,142922.95,
Anta Gorda,4300703,anta-gordense,FRANCISCO DAVID FRIGHETTO,242.100,5957,24.61,6080,97.8,0.740,-,57564732.42,52342558.45,54248.7,
Antônio Prado,4300802,pradense,ROBERTO JOSÉ DALLE MOLLE,347.541,13045,37.54,13328,98.6,0.758,26.49,106682044.51,89102382.13,61154.04,
Arambaré,4300851,arambarense,IAGO DOS SANTOS KIELERMANN,518.193,4112,7.94,4211,97.2,0.691,-,53133970.7,47656072.74,80442.31,
Araricá,4300877,arariquense,OSEAS GARCIA,35.195,8525,240.88,8794,97.3,0.679,28.3,66963182.87,70632604.9,40484.64,
Aratiba,4300901,aratibense,GELSON TARCÍSIO CARBONERA,342.279,6483,18.94,6618,98.8,0.772,-,116819026.21,96650306.57,154104.03,
Arroio do Meio,4301008,arroio-meense,SIDNEI ECKERT,157.088,21958,139.78,22490,99.8,0.769,13.65,193099219.3,181484862.18,72750.17,
Arroio do Sal,4301057,arroiossalense,LUCIANO PINTO DA SILVA,119.160,11057,92.79,11384,98.6,0.740,-,125641853.18,124093425.88,27241.9,
Arroio do Padre,4301073,arroio-padrense,JULIANO HOBUSS BUCHWEITZ,124.693,2599,20.84,2651,97.3,0.669,-,33330999.6,28526647.18,25887.92,
Arroio dos Ratos,4301107,ratense,DARCI RENATO FEITEN,425.791,14601,34.29,14923,97.6,0.698,21.74,85807765.56,90655977.16,25163.34,
Arroio do Tigre,4301206,arroio-tigrense,VANDERLEI HERMES,315.132,12058,38.26,12296,98.2,0.707,20.83,78824906.12,65555082.3,31911.3,
Arroio Grande,4301305,arroio-grandense,PLÍNIO VIZEU PEREIRA NETO,2508.557,17558,7.00,17887,98.7,0.657,15.63,136678841.3,125840985.32,62222.04,
Arvorezinha,4301404,arvorezinhense,CLOVIS PROVENSI ROMAN,269.310,10322,38.33,10545,97.2,0.694,25.42,70087576.91,64808466.09,32263.13,
Augusto Pestana,4301503,augusto-pestanense,SERGIO LUIS NEUBERGER,348.219,7149,20.53,7302,99.7,0.743,14.49,59544526.36,54624969.75,77033.28,
Áurea,4301552,aureense,GILMAR CARLOS MUSTEFAGA,156.727,3396,21.67,3460,99.1,0.707,-,39280819.5,33573894.38,46470.87,
Bagé,4301602,bageense,LUIZ FERNANDO MAINARDI,4090.360,117938,28.83,121900,97.6,0.740,16.65,629182125.62,711846245.68,30846.53,
Balneário Pinhal,4301636,balneário-pinhalense,LUIZ CEZAR DANELLI FURINI,102.387,14955,146.06,15371,97.9,0.696,15.63,107632140.96,97448613.54,21310.39,
Barão,4301651,baronense,JEFFERSON SCHUSTER BORN,122.567,6461,51.79,6489,98.7,0.748,44.12,61801067.41,52371883.33,49438.57,
Barão de Cotegipe,4301701,cotegipense,FRANCIEL TIAGO IZYCKI,260.505,7144,27.42,7313,98,0.719,13.89,50989021.64,47740162.95,51643.3,
Barão do Triunfo,4301750,baronense,ODONE KLOPPEMBURG,436.101,5889,13.50,5983,98,0.610,-,42547643.97,33681836.39,18850.07,
Barracão,4301800,barraconense,LUIZ CARLOS DA SILVA,515.469,4831,9.37,4920,97.7,0.710,37.74,47465342.76,43406778.86,60546.74,
Barra do Guarita,4301859,guaritense,VALCIER BALESTRIN,62.801,3161,50.33,3230,97.9,0.734,23.26,38194191.83,33528192.97,17394.57,
Barra do Quaraí,4301875,barrense,MAHER JABER MAHMUD,1055.937,4241,4.02,4337,97.7,0.662,-,46333977.59,33363773.39,91123.36,
Barra do Ribeiro,4301909,barrense,JOÃO FRANCISCO SILVA FEIJO,729.316,12225,16.76,12475,94.2,0.670,-,78383894.38,72019000.82,37126.68,
Barra do Rio Azul,4301925,barrazulense,ANDERSON FERNANDO BAGATINI,146.995,1696,11.54,1724,99.1,0.723,-,54810519.34,44744066.71,49813.05,
Barra Funda,4301958,barra-fundense,ANDRE SIGNOR,60.437,2498,41.33,2555,100,0.763,-,40439611.06,33458499.63,64388.93,
Barros Cassal,4302006,barros-cassalense,JOVIANO ZAGO,647.994,9296,14.35,9442,96.5,0.650,20.62,59562155.23,55950435.57,21895.98,
Benjamin Constant do Sul,4302055,benjaminense,NILTON JOSE VALENTINI,132.351,2082,15.73,2120,98,0.619,55.56,33060806.37,25983482.73,25630.36,
Bento Gonçalves,4302105,bento-gonçalvense,DIOGO SEGABINAZZI SIQUEIRA,272.287,123151,452.28,127775,96.6,0.778,10.83,765378325.01,787939117.28,60918.83,
Boa Vista das Missões,4302154,boa-vistense,RUDILBERTO SOARES LANDESFELDT,196.064,1933,9.86,1969,98.5,0.676,-,38903202.94,33541717.9,114288.93,
Boa Vista do Buricá,4302204,boa-vistense,JOÃO RUDINEI SEHNEM,109.541,6966,63.59,7125,99.6,0.762,11.63,62684296.62,52700228.2,48701.61,
Boa Vista do Cadeado,4302220,cadeadense,JOAO PAULO BELTRAO DOS SANTOS,701.221,2229,3.18,2271,100,0.703,-,45075881.14,37427575.58,190085.27,
Boa Vista do Incra,4302238,boa vistense do incra,GILMAR LAURINDO BELLINI,504.114,2271,4.50,2315,99,0.731,-,44542839.87,47084258.31,146184.34,
Boa Vista do Sul,4302253,boavistense,PATRICIA LUCIA BAGATINI,93.108,2779,29.44,2815,99.2,0.728,43.48,45093672.01,39136075.49,43320.08,
Bom Jesus,4302303,bom-jesuense,FREDERICO ARCARI BECKER,2622.837,11202,4.27,11431,95,0.666,-,90286743.12,76624126.82,54447.36,
Bom Princípio,4302352,bom-principiense,VASCO ALEXANDRE BRANDT,90.023,13142,148.23,13650,97.9,0.746,6.85,145877051.43,133814315.57,62757.39,
Bom Progresso,4302378,bom-progressense,NORIMAR LEOPOLDO SCHOSSLER,89.206,2096,23.50,2134,99.1,0.723,-,32366727.07,28972950.31,46436.67,
Bom Retiro do Sul,4302402,bom-retirense,CELSO PAZUCH,102.540,12294,119.89,12578,99.4,0.739,-,92535489.92,82121470.64,32378.99,
Boqueirão do Leão,4302451,léo-boqueirense,PAULO JOEL FERREIRA,257.789,6247,23.49,6215,98.6,0.700,-,48823539.52,42502736.31,19554.48,
Bossoroca,4302501,bossoroquense,JOAO ALBERTO OURIQUE DO NASCIMENTO,1610.056,5890,3.66,5988,96.9,0.692,-,65090762.7,58935816.73,79966.92,
Bozano,4302584,bozanense,GEDERSON MORI,200.497,2151,10.73,2195,100,0.745,-,32960328.32,30623052.85,108341.64,
Braga,4302600,braguense,SADI ENRIQUE DELLA LIBERA,132.044,3268,24.75,3326,92.9,0.674,33.33,34862455.57,27713811.03,40032.87,
Brochier,4302659,brochiense,JOSÉ HENRIQUE DAPPER,105.353,4966,47.14,5079,98,0.699,-,45723350.34,41423025.03,22934.5,
Butiá,4302709,butiaense,JEFFERSON SALATIEL DA SILVA VIEIRA,752.187,19084,25.37,19433,96.4,0.689,10.31,109882783.17,103140165.08,25919.33,
Caçapava do Sul,4302808,caçapavano,MARCELO CORDERO SPODE,3048.147,32515,10.67,33508,99,0.704,9.23,192810510.05,205211782.13,33536.47,
Cacequi,4302907,cacequiense,ANA PAULA MENDES MACHADO DELOLMO,2373.507,11157,4.70,11324,96.5,0.700,20.83,97235040.97,95552588.3,50694.42,
Cachoeira do Sul,4303004,cachoeirense,LEANDRO TITTELMAIER BALARDIN,3736.064,80070,21.43,82250,98.7,0.742,10.42,479500495.45,444449135.07,43440.91,
Cachoeirinha,4303103,cachoeirinhense,CRISTIAN WASEM ROSA,43.760,136258,3112.48,141303,96,0.757,6.76,867648765.64,735399902.51,48874.53,
Cacique Doble,4303202,caciquense,MARCIO CAPRINI,203.582,4603,22.56,4694,99,0.662,-,41122325.73,39356832.68,33294.25,
Caibaté,4303301,caibateense,DANIEL SEFFRIN HERTHER,261.280,4704,18.00,4797,98.1,0.719,20.83,44153629.25,43550120.74,55167.67,
Caiçara,4303400,caiçarense,ZÍLIO ROGGIA,189.071,4836,25.57,4933,97.1,0.699,-,48868566.35,40839106.49,32805.41,
Camaquã,4303509,camaquense,ABNER DOS SANTOS DILLMANN,1679.242,62200,37.02,63959,96.7,0.697,10.43,360786399.51,352426449.12,40843.08,
Camargo,4303558,camarguense,JEANICE DE FREITAS FERNANDES,138.069,2981,21.59,3056,98.1,0.736,-,44878450.52,38115527.22,189265.97,
Cambará do Sul,4303608,cambaraense,SCHAMBERLAEN JOSE SILVESTRE,1181.811,6361,5.38,6492,96.4,0.697,-,64056869.96,57753414.08,38003.51,
Campestre da Serra,4303673,campestrense,TAIRO BALARDIN,538.487,3242,6.02,3311,100,0.706,-,39223443.98,31635768.91,60171.09,
Campina das Missões,4303707,campinense,CARLOS JUSTEN,224.792,5882,26.17,6001,98.5,0.738,-,46644466.21,45077344.62,44914.25,
Campinas do Sul,4303806,campinense,PAULO SERGIO BATTISTI,276.162,5284,19.13,5390,99.4,0.760,-,67923945.76,66655907.05,73663.3,
Campo Bom,4303905,campo-bonense,GIOVANI BATISTA FELTES,60.562,62886,1038.08,64704,98.9,0.745,8.77,497191244.89,497563592.61,51443.5,
Campo Novo,4304002,campo-novense,PEDRO DOS SANTOS,220.719,4975,22.54,5068,98.6,0.703,18.87,44691030.52,37592686.32,76231.72,
Campos Borges,4304101,campos-borgense,CLEONICE PASQUALOTTO DA PAIXÃO TOLEDO,226.202,3613,15.97,3693,97.3,0.708,-,44539393.82,38116028.97,45853.46,
Candelária,4304200,candelariense,NESTOR RUBEM ELLWANGER,944.735,28906,30.60,29783,97.9,0.674,14.88,196565266.21,179082949.28,34255.3,
Cândido Godói,4304309,godoiense,GUERINO BACKES,247.047,6294,25.48,6421,99.1,0.728,-,56156400.6,51415920.6,58702.31,
Candiota,4304358,candiotense,LUIZ CARLOS FOLADOR,933.628,10710,11.47,10992,94.9,0.698,23.62,121247791.28,109040284.89,282683.22,
Canela,4304408,canelense,GILBERTO DA CONCEICAO CEZAR,253.002,48946,193.46,50613,97.1,0.748,10.51,339512774.48,316970040.44,34711.89,
Canguçu,4304507,canguçuense,ARION LUIZ BORGES BRAGA,3526.316,49680,14.09,50998,96.9,0.650,9.86,290878489.84,254719951.89,29448.32,
Canoas,4304606,canoense,AIRTON JOSE DE SOUZA,130.774,347657,2658.15,359554,95.9,0.750,7.3,2915841025.57,2873227271.3,62892.77,
Canudos do Vale,4304614,canudense do vale,MAICO JUAREZ BERGHAHN,82.943,1656,19.97,1687,99,0.713,-,38958340.19,29675797.37,40157.66,
Capão Bonito do Sul,4304622,capão bonitense,MARIZETE VARGAS PEREIRA RAUTA,526.850,1733,3.29,1769,98.8,0.637,-,39449555.04,33115909.43,210105.78,
Capão da Canoa,4304630,caponense,VALDOMIRO DE MATOS NOVASKI,98.383,63594,646.39,66012,95.2,0.743,5.88,558951488.46,486250848.27,35739.83,
Capão do Cipó,4304655,cipoense,ADAIR FRACARO CARDOSO,1007.796,3119,3.09,3186,98.9,0.672,-,52213224.73,43781055.68,172220.01,
Capão do Leão,4304663,leonense,VILMAR MOTTA SCHMITT,783.196,26487,33.82,27389,95.3,0.637,10.1,137347636.51,122961687.76,32600.83,
Capivari do Sul,4304671,capivariense,MARCO ANTONIO MONTEIRO CARDOSO,412.889,3991,9.67,4079,96.4,0.766,22.22,46675353.72,39552246.66,80707.69,
Capela de Santana,4304689,capelense,OZIEL CARLEBE RANGEL,182.756,11159,61.06,11416,98.3,0.661,24.79,78141683.36,69434338.19,24508.37,
Capitão,4304697,capitanense,MÁRCIO ANDRÉ DA COSTA,73.967,2921,39.49,2991,98.2,0.746,-,45560341.33,36493286.13,34432.45,
Carazinho,4304705,carazinhense,JOÃO PEDRO ALBUQUERQUE DE AZEVEDO,666.694,61804,92.70,63638,98,0.766,16.13,433853816.26,419772565.4,61635.35,
Caraá,4304713,caraense,BOLIVAR ANTONIO DE SOUZA RABELO GOMES,294.606,7394,25.10,7553,96.2,0.652,-,55275089.95,52461247.88,19660.45,
Carlos Barbosa,4304804,barbosense,EVERSON KIRCH,230.061,30420,132.23,31528,98.7,0.796,2.79,259159574.01,244823544.37,115232.73,
Carlos Gomes,4304853,carlos-gomense,HERMES ANTONIO PARIS,83.196,1368,16.45,1387,98.1,0.739,-,27482811.04,25503213.07,53087.07,
Casca,4304903,casquense,JURANDI NERI PERIN,272.041,9465,34.79,9689,99.1,0.785,-,72428456.98,69823249.84,79153.17,
Caseiros,4304952,caseirense,JOELICE BORTOLANZA CANALI,235.649,3000,12.72,3064,94.6,0.703,-,44365958.88,36525236.75,61708.82,
Catuípe,4305009,catuipano,PAULO ROBERTO DALLA CORTE,583.180,8674,14.87,8840,99.5,0.739,40,66153645.71,64334754.77,73932.28,
Caxias do Sul,4305108,caxiense,ADILO ANGELO DIDOMENICO,1652.320,463501,280.52,479256,96.3,0.782,6.91,3460321283.06,3353034691.05,60506.95,
Centenário,4305116,centenariense,GENOIR MARCOS FLOREK,134.780,2721,20.27,2779,99.4,0.701,-,35966268.57,30196387.64,42156.31,
Cerrito,4305124,cerritense,JOSÉ FLAVIO VIEIRA DE VIEIRA,451.699,5808,12.86,5915,97.5,0.649,52.63,47766940.93,42603353.42,26865.43,
Cerro Branco,4305132,cerro-branquense,BRUNO LUCIANO RADTKE,158.025,3802,24.06,3865,98.7,0.661,-,46085929,40513623.45,19101.32,
Cerro Grande,4305157,cerro-grandense,ALVARO DECARLI,73.438,2379,32.39,2429,97.7,0.674,34.48,37775845.93,32521334.25,32687.84,
Cerro Grande do Sul,4305173,sul-cerro-grandense,VILMAR WOLFLE SCHWALM,324.908,9178,28.25,9343,94.9,0.660,-,64152710.01,60645428.01,16152.52,
Cerro Largo,4305207,cerro-larguense,PROTÁSIO PEDRO BUTZEN,176.742,13705,77.59,14009,98.2,0.764,13.42,98959440.42,97706729.69,55941.51,
Chapada,4305306,chapadense,GELSON MIGUEL SCHERER,684.247,9540,13.94,9748,98.9,0.757,-,84356394.84,73270011.2,80536.95,
Charqueadas,4305355,charqueadense,RICARDO MACHADO VARGAS,217.362,35012,161.08,36109,99.5,0.747,13.07,218110675.94,206701458.08,41649.07,
Charrua,4305371,charruense,GERSO JOSÉ RONCAGLIO,198.748,2768,13.93,2807,89.6,0.620,41.67,34499269.56,32795286.14,46267.26,
Chiapetta,4305405,chiapetense,OSMAR KUHN,397.179,3913,9.85,3992,97.5,0.732,-,44687191.7,38549464.17,105546.96,
Chuí,4305439,chuiense,CARLOS HENRIQUE DA SILVA SEGOVIA,202.387,6262,30.94,6405,97.7,0.706,30.3,45914991.58,40342647.34,54200.93,
Chuvisca,4305447,chuvisquense,MARCIO SIDINEI KONFLANZ,220.471,4597,20.85,4686,97,0.616,-,38127667.45,29866294.55,23511.99,
Cidreira,4305454,cidreirense,GILBERTO DA COSTA SILVA,243.419,17071,70.13,17538,99.1,0.729,30.3,140770604.81,124002287.44,21427.39,
Ciríaco,4305504,ciriaquense,ODACIR BOAVENTURA MANHABOSCO DE MELLO,274.350,4149,15.12,4215,95.4,0.719,-,41671770.87,36661292.14,56330.74,
Colinas,4305587,colinense,MARCELO SCHROER,60.732,2423,39.90,2474,99,0.765,-,45837783.02,39602905.8,35364.42,
Colorado,4305603,coloradense,RODRIGO SARTORI,286.295,3258,11.38,3319,99.2,0.758,29.41,52768037.11,44559731.77,109506.71,
Condor,4305702,condorense,RÔMULO TEIXEIRA CARVALHO,463.568,6406,13.82,6539,98.3,0.747,11.76,73661635.29,65379784.85,92330.04,
Constantina,4305801,constantinense,CRISTIAN RIBOLI BRATZ,203.614,10385,51.00,10623,96.1,0.754,8.13,78529671.6,71504707.37,43658.25,
Coqueiro Baixo,4305835,coqueirense,LUCIANO ANDRE ONGARATTO,112.638,1290,11.45,1311,100,0.692,-,35582196.37,31261464.83,35008.88,
Coqueiros do Sul,4305850,coqueirense,RAFAEL KOCHENBORGER,277.147,2211,7.98,2251,98.8,0.746,-,41423443.92,32977449.86,83874.61,
Coronel Barros,4305871,coronel-barrense,BRÁULIO SCHERER,163.716,2822,17.24,2892,98.6,0.744,-,44971154.64,38675239.44,89696.56,
Coronel Bicaco,4305900,bicaquense,ARLEU VALADAR MACHADO,492.303,6144,12.48,6230,97.2,0.665,24.39,63028176.67,57849825.44,71419.97,
Coronel Pilar,4305934,coronel pilarense,IVAN BATISTA AGATTI,105.668,1607,15.21,1638,100,0.727,-,34309141.86,27398949.48,30623.65,
Cotiporã,4305959,cotiporanense,JOSÉ CARLOS BREDA,173.207,3846,22.20,3926,99.5,0.741,25.64,52812359.78,46355126.83,43914.1,
Coxilha,4305975,coxilhense,JOÃO EDUARDO OLIVEIRA MANICA,422.101,2667,6.32,2719,98,0.706,-,50883783.09,39259216.65,154691.89,
Crissiumal,4306007,crissiumalense,MARCO AURELIO NEDEL,362.194,12886,35.58,13127,98.8,0.712,8.06,93142000.92,79505782.13,38358.26,
Cristal,4306056,cristalense,MARCELO LUIS KROLOW,679.742,7299,10.70,7454,98,0.644,-,62770021.91,54304102.43,38037.96,
Cristal do Sul,4306072,cristalense,ALEXANDRE COSTA,97.073,2692,27.73,2746,97.8,0.660,31.25,36087206.18,31274016.62,33359.29,
Cruz Alta,4306106,cruzaltense,PAULA RUBIN FACCO LIBRELOTTO,1360.548,58913,43.30,60486,97.2,0.750,14.82,383963757.29,322058332.12,77389.3,
Cruzaltense,4306130,cruzaltino,ANDRÉ GAZZONI,166.883,1635,9.80,1655,100,0.719,-,39585299.3,42175434.47,82018.89,
Cruzeiro do Sul,4306205,cruzeirense,CESAR LEANDRO MARMITT,155.482,11600,74.81,12571,97,0.723,-,109950829.9,96734432.5,42787.38,
David Canabarro,4306304,canabarrense,LAURO ANTONIO BENEDETTI,174.172,4321,24.73,4403,98.6,0.762,27.03,39120853.14,34858518.27,48470.51,
Derrubadas,4306320,derrubadense,MIRO MULBEIER,360.851,2751,7.62,2797,100,0.707,37.04,38743723.37,35759627.14,54601.48,
Dezesseis de Novembro,4306353,dezesseis-novembrense,JOHNNI RAMAO LOMBALDO BOCACIO,216.341,2507,11.53,2544,98.8,0.654,-,32696435.74,28030329.82,24527.63,
Dilermando de Aguiar,4306379,dilermandense,JORGE ALBERTO PEREIRA SAIDELLES,600.518,2806,4.67,2859,94.1,0.648,-,43758370.24,39547158.48,89569.01,
Dois Irmãos,4306403,dois-irmãosense,JERRI ADRIANI MENEGHETTI,67.509,30709,464.49,31769,98.5,0.743,17.29,241045162.17,216738374.44,65238.03,
Dois Irmãos das Missões,4306429,dois-irmãozense,MAURO PROCÓPIO FORTES DE QUADROS,226.072,2090,9.24,2133,96,0.670,-,36299716.61,33858530.72,99996.91,
Dois Lajeados,4306452,dois-lajeense,FABIANA GIACOMIN,133.535,3097,23.19,3158,99.1,0.757,31.25,43666977.15,42853004.23,50616.02,
Dom Feliciano,4306502,donfelicianense,TIAGO ANDRE SZORTYKA,1355.195,13051,9.63,13291,94,0.587,6.76,80389846.44,73633151.29,22940.15,
Dom Pedro de Alcântara,4306551,dom-pedro-alcantarense,ALEXANDRE MODEL EVALDT,78.216,2562,32.75,2617,97.4,0.691,-,37853358.89,33201375.98,26005.05,
Dom Pedrito,4306601,pedritense,DIEGO DA ROSA CRUZ,5194.051,36981,7.12,38094,97.5,0.708,17.14,265530930.41,230430863.36,57844.71,
Dona Francisca,4306700,francisquense,SAUL ANTONIO DAL FORNO RECK,114.149,3079,26.97,3136,97.6,0.697,37.04,36816411.84,32341185.97,36036.35,
Doutor Maurício Cardoso,4306734,mauriciense,LAURI JOSÉ ELY,255.731,4470,17.48,4542,97.3,0.706,-,53086120.57,53330529.36,59542.4,
Doutor Ricardo,4306759,ricardense,ALVARO JOSÉ GIACOBBO,107.960,1888,17.49,1925,99.2,0.724,-,34519191.71,30598503.56,40106.77,
Eldorado do Sul,4306767,eldoradense,JULIANA DIAS FAGUNDES CARVALHO,509.632,39559,77.63,40954,97.2,0.717,13.22,347988543.9,310834031.23,49900.17,
Encantado,4306809,encantadense,JONAS CALVI,140.006,22962,164.01,23494,99.5,0.767,8.1,207069898.58,193131396.65,50694.44,
Encruzilhada do Sul,4306908,encruzilhadense,BENITO FONSECA PASCHOAL,3347.861,23819,7.11,24280,96.1,0.657,26.72,182770132.81,168569024.89,41512.46,
Engenho Velho,4306924,engenho-velhense,PAULO ANDRE DAL ALBA,71.191,1296,18.20,1317,97.3,0.717,-,34375515.2,29435336.06,78554.93,
Entre-Ijuís,4306932,entre-ijuiense,BRASIL ANTONIO SARTORI,553.915,9158,16.56,9364,99.2,0.680,10.42,67168646.41,68087854.16,82344.41,
Entre Rios do Sul,4306957,entre-rio-sulense,IRSON MILANI,119.912,2685,22.39,2731,98.2,0.703,-,39440738.3,36162547.47,76180.58,
Erebango,4306973,erebanguense,VALMOR JOSÉ TOMELERO,152.793,3054,19.99,3121,99.1,0.712,-,41449530.02,36117922.78,60603.72,
Erechim,4307005,erechinense,PAULO ALFREDO POLIS,429.164,105705,246.30,109497,97.9,0.776,9.29,615934175.84,529023433.29,64103,
Ernestina,4307054,ernestinense,ODIR JOAO BOEHM,238.558,3034,12.72,3097,100,0.716,-,40698437.68,36357100.38,83742.62,
Herval,4307104,hervalense,CELSO VIEIRA SILVEIRA,1759.717,6191,3.52,6307,97.3,0.687,-,55420104.64,52705063.4,37256.6,
Erval Grande,4307203,erval-grandense,SUZINEI SCHNEIDER,285.677,4930,17.26,5029,99.3,0.681,-,49461467.87,44827884.53,31565.21,
Erval Seco,4307302,erval-sequense,EDERSON WINK,357.181,6787,19.00,6902,99.1,0.685,-,50696714.71,44952583.71,52854.5,
Esmeralda,4307401,esmeraldense,AILTON DE SÁ ROSA,829.587,3195,3.85,3264,98.7,0.680,24.39,44361233.73,38295939.46,119373.62,
Esperança do Sul,4307450,esperançulense,ADEMIR VILLERS DA CRUZ,148.909,3226,21.66,3294,98,0.661,-,38207135.01,31844769.09,41015.55,
Espumoso,4307500,espumosense,GERSON LOPES RODRIGUES MACHADO,783.642,15173,19.36,15478,98.2,0.765,5.38,115345027.95,110680533.69,71380.17,
Estação,4307559,estacionense,GEVERSON ZIMMERMANN,99.757,5582,55.96,5688,96.6,0.753,-,56930224.94,52142413.17,59200.96,
Estância Velha,4307609,estanciense,DIEGO WILLIAN FRANCISCO,51.779,47924,925.55,49440,98.6,0.757,12.4,317252238.03,291194691.03,36564.93,
Esteio,4307708,esteiense,FELIPE COSTELLA,27.676,76137,2751.01,78181,97.6,0.754,1.24,569249992.05,503927358.41,44988.45,
Estrela,4307807,estrelense,CARINE ISABEL SCHWINGEL,185.032,32183,173.94,33243,98.7,0.767,7.65,321129825.63,294192571.29,62633.5,
Estrela Velha,4307815,estrelavelhense,ALEXANDER CASTILHOS,281.613,3070,10.90,3120,100,0.679,-,49509421.46,37611184.65,54145.31,
Eugênio de Castro,4307831,eugenio-castrense,JOSE FERNANDO DE LIMA MACHADO,417.821,2633,6.30,2685,99.2,0.712,-,40758248.15,38465787.92,175516.28,
Fagundes Varela,4307864,fagundense,NELTON CARLOS CONTE,134.295,2566,19.11,2620,98.8,0.763,-,42130767.35,34776397.85,71970.31,
Farroupilha,4307906,farroupilhense,JONAS TOMAZINI,361.341,70286,194.51,72477,98.5,0.777,8.15,556414482.58,528870510.7,59633.5,
Faxinal do Soturno,4308003,soturnense,LOURENÇO DOMINGOS MORO,169.514,6702,39.54,6846,99.1,0.720,-,55668646.07,51157881.65,40611.12,
Faxinalzinho,4308052,faxinalzinhense,JAMES AYRES TORRES,143.321,2520,17.58,2572,96.4,0.666,-,35468438.43,30621418.83,45729.43,
Fazenda Vilanova,4308078,vilanovense,AMARILDO LUIS DA SILVA,84.794,4291,50.60,4399,97,0.698,23.26,47394831.89,38276509.06,30090.25,
Feliz,4308102,felizense,CLÓVIS FREIBERGER JUNIOR,94.659,13764,145.14,13979,98.9,0.750,6.99,138894170.2,128642045.97,42930.67,
Flores da Cunha,4308201,florense,CESAR ULIAN,276.241,30892,111.83,31973,97.4,0.754,11.59,250852981.71,228556835.1,80956.1,
Floriano Peixoto,4308250,florianense,JAIR ANTONIO OSTROWSKI,168.521,1668,9.90,1694,99.2,0.663,-,31958135.57,26354414.48,60303.24,
Fontoura Xavier,4308300,fontourense,LUIZ ARMANDO TAFFAREL,583.239,9550,16.37,9721,96.1,0.661,-,71770682.2,64125860.54,22342.41,
Formigueiro,4308409,formigueirense,CRISTIANO CEZAR CASSOL RUBERT,578.875,6413,11.08,6533,95.6,0.682,-,50780419.54,45140577.57,46095.12,
Forquetinha,4308433,forquetinhense,VIANEI ANDRE NOLL,93.278,2393,25.66,2441,95.1,0.683,50,40008172.92,31336709.72,24671.04,
Fortaleza dos Valos,4308458,fortalezense,PAULO CEZAR MARANGON,650.512,4477,6.88,4569,99.7,0.756,-,64050353.81,54788086.08,132824.77,
Frederico Westphalen,4308508,westphalense,ORLANDO GIRARDI,264.876,32627,123.04,33684,97.9,0.760,16.2,197516561.97,173524969.19,45165.14,
Garibaldi,4308607,garibaldense,SERGIO CHESINI,168.492,34335,203.78,35522,95.6,0.786,7.63,308863529.55,306567857.26,83756.02,
Garruchos,4308656,garruchense,ROLAND SCHATZ,803.970,2688,3.34,2729,98.3,0.671,-,41156392.98,37143929.1,70489.57,
Gaurama,4308706,gauramense,ELIEZER VAGNER ZANATTA,204.428,5665,27.71,5780,99.2,0.738,20.83,46500808.02,39573891.76,51913.23,
General Câmara,4308805,camarense,MARCIO PEREIRA BRANDÃO,510.010,7612,14.93,7751,97.3,0.686,32.79,50535537.13,44103226.6,33142.16,
Gentil,4308854,gentilense,ADELAR JOSÉ SILVESTRI,184.715,1744,9.44,1783,98,0.733,-,35140287.55,32962597.7,117756.19,
Getúlio Vargas,4308904,getuliense,PEDRO PAULO PREZZOTTO,287.466,16602,57.75,16950,98.5,0.746,5.78,113468355.98,103635401.26,49118.74,
Giruá,4309001,giruaense,DARI PAULO PRESTES TABORDA,855.560,16013,18.68,16282,98.2,0.721,12.27,135635399.73,136116112.52,76479.16,
Glorinha,4309050,glorinhense,CARLOS LEONARDO VARGAS CARVALHO,323.955,7658,23.64,7842,98.8,0.714,-,61471667.9,56502613.58,55622,
Gramado,4309100,gramadense,NESTOR TISSOT,239.341,40134,167.69,41621,96.9,0.764,9.17,510886100.27,519621435.94,72103.34,
Gramado dos Loureiros,4309126,loureirense,ARTUR CEREZA,131.396,2014,15.33,2049,99.5,0.685,-,34733560.02,28708181.3,46453.26,
Gramado Xavier,4309159,gramado-xavierense,JOSE MARCELO LAUFER,216.790,3304,15.19,3356,98.5,0.634,24.39,35696197.75,31989294.51,25007.13,
Gravataí,4309209,gravataiense,LUIZ ARIANO ZAFFALON,468.288,265074,566.05,275294,95.7,0.736,7.77,1368453262.94,1329472096.74,35934.57,
Guabiju,4309258,guabijuense,NERI ROSA DA SILVA,146.925,1417,9.64,1442,100,0.758,111.11,30883643.32,25752132.42,89842.5,
Guaíba,4309308,guaibense,MARCELO SOARES REINALDO,377.664,92924,247.03,95956,97.3,0.730,8.8,726878584.04,654290154.01,84254.24,
Guaporé,4309407,guaporense,ODAIR ANDRE ROSSETTO,297.545,25268,84.92,26138,98.5,0.765,13.16,208080752.49,197610746.41,43858.55,
Guarani das Missões,4309506,guaraniense,LEANDRO INACIO WASTOWSKI,289.516,7415,25.51,7553,97.8,0.737,-,55987125.15,57109663.1,49049.53,
Harmonia,4309555,harmoniense,ERNANI JOSÉ FORNECK,48.540,5378,110.76,5524,100,0.749,-,64758364.1,50563023.94,49425.43,
Herveiras,4309571,herveirense,NAZARIO RUBI KUENTZER,117.981,2565,21.69,2608,93.7,0.616,-,31284767.26,26902544.41,23564.77,
Horizontina,4309605,horizontinense,JONES JEHN DA CUNHA,229.694,18851,82.07,19246,97.6,0.783,20.41,237585131.37,198823522.25,134124.88,
Hulha Negra,4309654,hulha-negrense,FERNANDO CAMPANI,822.608,5976,7.26,6102,96,0.643,-,47611909.53,44426399.44,45617.4,
Humaitá,4309704,humaitaense,LUIZ CARLOS SANDRI,135.010,4681,34.67,4774,99,0.738,-,53634512.07,48325159.13,48651.94,
Ibarama,4309753,ibaramense,VALMOR NERI MATTANA,195.426,3732,19.10,3793,97.7,0.652,30.3,40898664.75,32957509.74,25546.56,
Ibiaçá,4309803,ibiaçaense,JONES ROBERTO CECCHIN,348.778,4527,12.98,4618,97.6,0.739,-,50463699.61,45511256.45,78314.21,
Ibiraiaras,4309902,ibiraiarense,JOEL ISIDORO CRISTIANETTI,280.816,6776,23.19,6830,97.5,0.724,28.99,64270694.52,60167289.36,55000.81,
Ibirapuitã,4309951,ibirapuitanense,ROSEMAR HENTGES,307.164,3723,12.12,3793,95.4,0.638,73.17,40434174.95,39244145.69,53540.94,
Ibirubá,4310009,ibirubense,JAQUELINE BRIGNONI WINSCH,607.185,21583,35.55,22082,99,0.765,7.66,169291184.75,148960251.93,84109.24,
Igrejinha,4310108,igrejinhense,LEANDRO MARCIANO HORLLE,138.116,32808,237.22,34763,97.3,0.721,11.16,258365639.84,221647536.39,50031.27,
Ijuí,4310207,ijuiense,ANDREI COSSETIN SCZMANSKI,688.982,84780,123.05,87775,98.9,0.781,2.85,673398181.8,709448477.18,61760.07,
Ilópolis,4310306,ilopolitano,FERNANDO DAPONT,123.602,4157,33.63,4245,95.7,0.730,-,44578333.59,38576558.19,34674.18,
Imbé,4310330,Imbeense,LUIS HENRIQUE VEDOVATO,39.766,26824,674.55,27931,96.8,0.764,14.98,234532324.4,219514730.71,26424.42,
Imigrante,4310363,imigrantense,GERMANO STEVENS,71.718,3080,42.95,3148,95.1,0.743,-,61927284.4,50249767.81,167318.28,
Independência,4310405,independenciense,EDUARDO MAAHS MARASCA,358.284,6427,17.94,6558,98.9,0.693,-,58748623.8,53952817.52,81626.01,
Inhacorá,4310413,inhacorense,EMERSON CAVALI DE VARGAS,113.749,2014,17.71,2049,98.8,0.673,-,33029059.35,28475093.9,50093.22,
Ipê,4310439,ipeense,JOSÉ MÁRIO GRAZZIOTIN,599.032,5399,9.01,5496,98.6,0.728,15.63,57093546.58,51820131.46,44326.21,
Ipiranga do Sul,4310462,ipiranguense,MARCO ANTONIO SANA,158.710,1720,10.84,1750,100,0.791,-,34697016.04,28159134.88,94937.47,
Iraí,4310504,iraiense,VOLMIR JOSÉ BIELSKI,181.850,7482,41.21,7624,98.4,0.691,-,45620491.25,41198590.51,36118.47,
Itaara,4310538,itaarense,SANDRO ROBERTO GALARÇA FERIGOLLO,172.801,5572,32.25,5706,99.1,0.760,-,54302532.02,38744270.82,51436.88,
Itacurubi,4310553,itacurubiense,GELSO DOS SANTOS SOARES,1120.249,2995,2.67,3042,96.3,0.657,-,43931146.73,37528321.61,71263.11,
Itapuca,4310579,itapuquense,DELAVIR SCORSATTO,184.673,1937,10.49,1967,97.5,0.664,-,33168927.22,30347980.58,46261.07,
Itaqui,4310603,itaquiense,LEONARDO DICSON SANCHEZ BETIN,3405.999,35768,10.50,36830,98.7,0.713,2.49,241349204.05,224463257.19,58531.72,
Itati,4310652,itatiense,MADALENA TRISCH RAPACK,205.060,2638,12.86,2695,97.7,0.669,-,36763271.05,34814544.66,36490.36,
Itatiba do Sul,4310702,itatibense,VALDEMAR CIBULSKI,212.669,3208,15.08,3249,99.2,0.681,47.62,43208492.87,38752192.2,25996.27,
Ivorá,4310751,ivorense,JOSEMAR ZORZI OSMARI,122.930,1929,15.69,1964,97.1,0.724,-,33748009.78,26129612.73,38786.64,
Ivoti,4310801,ivotiense,VALDIR JOSÉ LUDWIG,63.092,22983,364.28,23533,100,0.784,11.19,180280188.7,165807044.79,47087.23,
Jaboticaba,4310850,jaboticabense,EDVALDO ROSA RIBEIRO,127.589,3779,29.62,3850,98.1,0.658,23.81,34087634.55,31322856.3,36578.03,
Jacuizinho,4310876,jacuizinhense,DINIZ JOSE FERNANDES,339.399,2040,6.01,2070,98.1,0.662,-,41800114.86,32322950.84,82423.05,
Jacutinga,4310900,jacutinguense,ADEMIR MARCIO SAKREZENSKI,178.009,3338,18.75,3401,97.4,0.726,-,46510849.95,45837786.36,65770.01,
Jaguarão,4311007,jaguarense,ROGERIO LEMOS CRUZ,2051.845,26603,12.97,27406,97.1,0.707,3.15,177692232.47,145370056.8,40239.75,
Jaguari,4311106,jaguariense,IGOR ROSA TAMBARA,675.108,10579,15.67,10779,97,0.712,13.16,73541191.94,69286924.04,35381.69,
Jaquirana,4311122,jaquiranense,MARIA ISABEL RAUBER TURELLA,908.879,3690,4.06,3755,96.1,0.614,-,54677064.33,54742820.52,26042.85,
Jari,4311130,jariense,OSNEI DOS SANTOS AZEREDO,853.080,3349,3.93,3414,96,0.631,-,43410691.74,33751719.45,135082.01,
Jóia,4311155,joiense,DIONEI DE MATOS LEWANDOWSKI,1238.709,7184,5.80,7305,96.6,0.686,9.17,76724160.25,72438949.72,113803.19,
Júlio de Castilhos,4311205,castilhense,BERNARDO QUATRIN DALLA CORTE,1929.544,18226,9.45,18557,97.3,0.716,9.95,150640526.65,133904268.86,100483.88,
Lagoa Bonita do Sul,4311239,lagobonitense,LUIZ FRANCISCO FAGUNDES,109.758,2251,20.51,2287,97.9,0.670,95.24,30327261.96,24205620.04,23448.31,
Lagoão,4311254,lagonense,NELIO FORNARI,387.453,5341,13.78,5429,97,0.643,18.52,44733199.68,43312584.95,23912.37,
Lagoa dos Três Cantos,4311270,três-cantense,SERGIO ANTONIO LASCH,138.602,1738,12.54,1779,100,0.789,-,37652381.43,32640249.59,97967.03,
Lagoa Vermelha,4311304,lagoense,ELOIR JORGE MORONA,1272.725,27659,21.95,28617,97.5,0.738,2.89,178698602.92,170333695.15,54534.96,
Lajeado,4311403,lajeadense,GLÁUCIA SCHUMACHER,90.801,93646,1026.47,96651,98,0.778,6.96,740133999,679355331.98,65067.95,
Lajeado do Bugre,4311429,lajeado-bugrense,RONALDO MACHADO DA SILVA,67.947,2601,38.28,2660,96.8,0.613,-,31414267.79,27428679.78,29145.22,
Lavras do Sul,4311502,lavrense,RENAN LEAL DELABARY,2600.969,7157,2.75,7294,98.5,0.699,-,73681965.53,68221061.54,67155.99,
Liberato Salzano,4311601,salzanense,GILSON DE CARLI,245.627,4781,19.46,4854,98.9,0.685,15.87,43554824.71,38512449.45,33898.65,
Lindolfo Collor,4311627,lindolfo-collorense,GASPAR BEHNE,33.351,6248,187.34,6409,97.1,0.712,-,54700505.29,44848769.11,59074.46,
Linha Nova,4311643,linha-novense,GUIOMAR RAUL WINGERT,63.502,1683,26.50,1720,100,0.749,-,28499694.25,25859001.28,38038.69,
Machadinho,4311700,machadinhense,SIDINEI LOPES DE LIMA,335.344,5735,17.11,5864,98.5,0.692,-,55469012.36,49648594.11,50419.98,
Maçambará,4311718,maçambarense,JOSÉ MARIO DOS SANTOS,1682.676,4425,2.63,4487,99.3,0.684,-,51423130.36,49880045.58,128231.01,
Mampituba,4311734,mampitubense,GILBERTO LOPES ROLDÃO,156.653,3131,19.99,3201,96.6,0.649,-,36939792.41,29850471.75,23680.66,
Manoel Viana,4311759,vianense,ANTONIO FLAVIO FERNANDES BUSNELO,1365.086,6801,4.89,6917,99.2,0.655,-,59019843.09,58757444.18,74773.78,
Maquiné,4311775,maquinense,LUCIANO DE ALMEIDA ALVES,613.580,7418,12.09,7588,94.6,0.682,11.76,68871388.56,65676514.14,28232.21,
Maratá,4311791,marataense,GISELE ADRIANA SCHNEIDER,82.063,2470,30.10,2521,99,0.697,-,46589013.53,38627375,29788.54,
Marau,4311809,marauense,NAURA BORDIGNON,649.770,45124,69.45,46656,94.5,0.774,1.83,278499798.13,269953887.81,67219.06,
Marcelino Ramos,4311908,marcelinense,VANNEI MAFISSONI,229.551,4320,18.80,4389,98.2,0.724,-,47999419.2,42780784.31,39590.38,
Mariana Pimentel,4311981,marianense,JOEL GHISIO,338.450,3916,11.57,4003,97.7,0.701,-,36663446.33,32568358.75,26848.63,
Mariano Moro,4312005,marianense,VALDECIR MARIANO PINTO,98.727,1858,18.82,1888,98.1,0.730,-,35907497.25,34625112.03,36681.94,
Marques de Souza,4312054,marques-souzense,FÁBIO ALEX MERTZ,125.714,3969,31.57,4050,100,0.687,-,60126981.19,48690281.77,31181.68,
Mata,4312104,matense,SANDRO SAVEGNAGO,316.121,4698,14.86,4786,97.9,0.656,-,41035781.56,36594485.2,35505.31,
Mato Castelhano,4312138,mato-castelhanense,ROGÉRIO AZEREDO FRANÇA,238.268,2553,10.71,2610,100,0.727,31.25,35955853.2,31720341.02,66163.47,
Mato Leitão,4312153,mato-leitoense,ARLY STÖHR,46.799,4859,103.83,4990,100,0.746,-,52960294.89,47067206.78,39017.82,
Mato Queimado,4312179,matoqueimadense,MAURO JOSÉ HARTMANN,114.653,1795,15.66,1833,99.2,0.717,47.62,30059872,26072626.63,54901.02,
Maximiliano de Almeida,4312203,almeidense,ANDRÉ FERNANDO ZUCUNELLI,208.955,4191,20.11,4258,99.1,0.699,-,40120514.92,36813508.49,37875.46,
Minas do Leão,4312252,leonense,SILVIA MARIA LASEK NUNES,424.339,7505,17.69,7661,97.9,0.681,-,61746327.35,51948116.26,34338.93,
Miraguaí,4312302,miraguaiense,LEONIR HARTK,131.236,4427,33.73,4506,99.1,0.725,12.5,43095460.22,40789895.84,38862.02,
Montauri,4312351,montauriense,NELCIR STEFENON,82.230,1499,18.23,1530,100,0.764,-,30963536.48,30855329.2,68627.31,
Monte Alegre dos Campos,4312377,montealegrense,ONILTON JOÃO CAPELINI,549.455,3180,5.79,3250,98.7,0.650,51.28,39189202.7,35614596.48,33898.25,
Monte Belo do Sul,4312385,monte-belense,JORGE BENVENUTTI,69.726,2557,36.67,2609,98.7,0.752,-,35967760.38,34018416.17,37563.3,
Montenegro,4312401,montenegrino,GUSTAVO ZANATTA,425.023,64322,151.34,66295,97.4,0.755,3.68,496939028.74,460840752.69,86949.68,
Mormaço,4312427,mormacense,ALEXANDRE ANTONIO VIEIRA,146.191,2756,18.85,2815,97.8,0.714,66.67,38808170.57,34384659.38,48847.68,
Morrinhos do Sul,4312443,morrinhense,MARCOS VENICIOS EVALDT DA SILVEIRA,166.224,3071,18.48,3134,100,0.711,-,40270601.81,37388054.61,28178.72,
Morro Redondo,4312450,morro-redondense,RUI VALDIR OTTO BRIZOLARA,244.645,6046,24.71,6169,98.5,0.702,-,43274685.28,35629975.31,20039.8,
Morro Reuter,4312476,morroreutense,AIRTON BOHN,87.037,6029,67.43,6163,96.7,0.743,-,56212308.85,51623569.84,41729.98,
Mostardas,4312500,mostardense,GILNEI JOSÉ NAZARETH DE SOUZA,1977.442,12090,6.11,12346,96.6,0.664,7.46,94149399.98,84982781.15,49916.42,
Muçum,4312609,muçunense,MATEUS GIOVANONI TROJAN,111.247,4601,41.36,4694,97.2,0.746,75,75263842.13,63523333.79,60771.23,
Muitos Capões,4312617,caponense,LUCIANO DEBONA,1193.230,2879,2.41,2938,92.8,0.702,27.03,56904962.65,51102190.59,352413.31,
Muliterno,4312625,muliternense,CLEUCIR VIDI,110.969,1721,15.49,1755,95.2,0.689,-,29059016.62,26940083.02,48389.03,
Não-Me-Toque,4312658,não-me-toquense,GILSON DOS SANTOS,361.689,17898,49.48,18314,98.9,0.765,4.41,182857585.39,166971201.51,123422.26,
Nicolau Vergueiro,4312674,nicolau-vergueirense,MARCELO FELINI,154.995,1932,12.46,1979,97.4,0.753,-,34055135.99,32493709.36,87733.01,
Nonoai,4312708,nonoaiense,ADRIANE PERIN DE OLIVEIRA,468.962,13719,29.25,14056,96.2,0.702,21.16,98158532.61,93339640.08,45403.84,
Nova Alvorada,4312757,nova-alvoradense,EDILSON ANTONIO ROMANINI,148.861,3163,21.25,3229,96.7,0.740,-,45812837.22,36359660.05,63973.55,
Nova Araçá,4312807,araçaense,HENRIQUE OCCHI PERETTI,75.514,4954,65.60,5086,100,0.785,27.52,56190699.78,40882147.38,66917.24,
Nova Bassano,4312906,bassanense,JOÃO PAULO MAROSO,211.611,9649,45.60,9877,98.6,0.747,-,79606775.52,74152734.65,79512.9,
Nova Boa Vista,4312955,boa-vistense,CLEBER BADIN,93.733,2042,21.79,2088,98.5,0.768,-,41010346.09,37623076.31,83964.24,
Nova Bréscia,4313003,bresciense,ANGELO ANTONIO BARBIERI,102.994,3044,29.56,3105,99.5,0.778,-,56390561.75,54141842.63,42195.23,
Nova Candelária,4313011,nova-candelariense,ARI EDMUNDO ROEHRS,97.579,3061,31.37,3134,97.9,0.759,-,47593487.62,40261626.22,85704.31,
Nova Esperança do Sul,4313037,nova-esperancense,IVORI ANTONIO GUASSO JUNIOR,191.772,4865,25.47,4974,100,0.735,20.83,43678629.29,40706665.98,31539.73,
Nova Hartz,4313060,nova-hartense,NERI CARLOS BUENO CHICATTO,62.088,20088,322.34,20539,95.6,0.689,4.13,119430710.04,103822054.79,36379.38,
Nova Pádua,4313086,paduense,ITAMAR BERNARDI,102.643,2343,22.83,2390,100,0.761,-,40122106.36,33454052.08,39098.98,
Nova Palma,4313102,nova-palmense,JUCEMARA ROSSATO,314.613,5586,17.76,5683,97.9,0.744,-,54091581.59,45969819.17,58703.35,
Nova Petrópolis,4313201,nova-petropolitano,DANIEL CARLOS MICHAELSEN,290.164,23300,80.30,23889,98.8,0.780,4.17,166511056.23,162056581.93,44789.05,
Nova Prata,4313300,nova-pratense,UMBERTO LUIZ CARNEVALLI,259.941,25692,98.84,26587,99.3,0.766,9.65,197923678.55,194268219.28,61740.72,
Nova Ramada,4313334,nova-ramadense,ALZEVIR LOTARIO DE MARCHI,255.264,2163,8.47,2201,98.6,0.742,-,43494716.55,36324035.05,138805.04,
Nova Roma do Sul,4313359,nova-romense,ROBERTO PANAZZOLO,149.767,3466,23.14,3543,98.2,0.741,-,50940708.5,47534914.56,45232.13,
Nova Santa Rita,4313375,nova-santaritense,RODRIGO AMADEO BATTISTELLA,218.094,29024,133.04,30121,97.5,0.718,11.14,272297469.79,247958217.13,81606.01,
Novo Cabrais,4313391,cabraisense,LEODEGAR RODRIGUES,192.998,3568,18.49,3636,98.8,0.688,-,40319417.93,30210492.59,31363.74,
Novo Hamburgo,4313409,novo-hamburguense,GUSTAVO DIOGO FINCK,222.548,227646,1022.96,235879,97,0.747,9.99,1575297274.64,1663128249.42,40589.43,
Novo Machado,4313425,novo-machadense,VALDECI NATALINO DALLENOGARE,218.836,3198,14.61,3246,97.6,0.663,-,40079051.05,35748159.65,58399.67,
Novo Tiradentes,4313441,tiradentense,LUIZ CARLOS BENEDETTE,75.428,2146,28.45,2188,98.8,0.676,55.56,38265978.03,32255180.91,34137.89,
Novo Xingu,4313466,xinguense,GELCIO MARTINELLI,79.851,1646,20.61,1678,99.5,0.767,-,31376665.97,25311142.7,44007.49,
Novo Barreiro,4313490,novo-barreirense,MARCIA RAQUEL RODRIGUES PRESOTTO,123.344,4272,34.63,4371,99.2,0.706,27.78,43852793.83,38262173.91,32305.57,
Osório,4313508,osoriense,ROMILDO BOLZAN JÚNIOR,663.878,47396,71.39,48929,97.1,0.751,15.57,371938881.18,325155662.63,38855.58,
Paim Filho,4313607,paim-filhense,GENES JACINTO MOTERLE RIBEIRO,181.998,3629,19.93,3691,98.7,0.706,-,41595397.88,35374434.66,44932.84,
Palmares do Sul,4313656,palmarense,REGIS BAUERMANN,949.201,12844,13.53,13170,95.6,0.715,-,100131542.37,90075641.49,64856.58,
Palmeira das Missões,4313706,palmeirense,EVANDRO LUIS MASSING,1421.101,33216,23.37,34233,98.3,0.737,14.06,248669040.34,210098854.75,67189.91,
Palmitinho,4313805,palmitense,BENHUR DAILOR BARTH,144.181,7839,54.37,8032,98.7,0.720,22.47,55070067.35,52061494.38,38497.82,
Panambi,4313904,panambiense,GUSTAVO CAVALHEIRO,491.570,43515,88.52,45042,99.1,0.761,14.63,337750324.5,285743905.67,71052.72,
Pantano Grande,4313953,pantanense,ALCIDES EMILIO PAGANOTTO,841.225,10212,12.14,10438,98.4,0.661,-,84584303.07,79043213.2,59331.51,
Paraí,4314001,paraiense,GILBERTO ZANOTTO,121.745,7194,59.09,7357,96,0.773,11.36,73236779.76,63001542.26,54464.94,
Paraíso do Sul,4314027,paraisense,CLAITON CLEO MULLER,337.534,6519,19.31,6635,99.2,0.676,19.61,53370400.82,43396283.27,27162.33,
Pareci Novo,4314035,pareciense,LORENI CRISTINA REINHEIMER,57.485,4319,75.13,4433,97.7,0.749,-,58300936.12,48881866.5,35118.04,
Parobé,4314050,parobeense,GILBERTO MIGUEL GOMES JUNIOR,108.560,52058,478.88,53555,96.6,0.704,8.86,294356803.21,251081583.61,23398.44,
Passa Sete,4314068,passasetense,MAURICIO AFONSO RUOSO,304.299,3983,13.09,4036,98.6,0.622,-,44103965.54,35587822.99,22967.57,
Passo do Sobrado,4314076,passo-sobradense,EDGAR THIESEN,265.133,6025,22.72,6154,98.5,0.698,16.67,53965782.72,46396393.22,34730.74,
Passo Fundo,4314100,passo-fundense,PEDRO CÉZAR DE ALMEIDA NETO,784.406,206215,262.89,214564,97.3,0.776,9.35,1156293673.09,1102230983.01,60905.63,
Paulo Bento,4314134,paulobentense,EVANDRO BARATTO,149.669,2144,14.32,2188,99.2,0.710,62.5,32587414.78,28291381.01,85049.56,
Paverama,4314159,paveramense,MICHELE CAROLINE DE VARGAS,171.863,7978,46.42,8146,98.8,0.683,-,53023068.6,49285479.66,28387.36,
Pedras Altas,4314175,pedras altense,VIVIANE MARIA AVILA DE ALBUQUERQUE,1373.985,2061,1.50,2100,94.1,0.640,41.67,49388823.67,49204432.28,200305.43,
Pedro Osório,4314209,pedro-osoriense,RICARDO DUARTE ALVES,603.757,7484,12.40,7634,95.8,0.678,33.33,50524097.57,42569592.82,35227.12,
Pejuçara,4314308,pejuçarense,FLAVIANA BRANDEMBURG BASSO,414.106,3745,9.04,3819,100,0.741,25.64,49243455.53,46044465.55,120888.24,
Pelotas,4314407,pelotense,FERNANDO STEPHAN MARRONI,1608.780,325685,202.44,336131,96.9,0.739,11.32,1832154928.45,1758050375.25,31347.6,
Picada Café,4314423,picadense,DANIEL RUCKERT,84.280,5351,63.49,5470,99.3,0.758,-,52011936.88,44368397.66,66860.05,
Pinhal,4314456,pinhalense,LUIZ CARLOS PINTO RIBEIRO,68.222,2959,43.37,3034,98.4,0.720,-,51146289.36,42865892.45,47787.94,
Pinhal da Serra,4314464,pinhalense,JOSÉ ROBISON RODRIGUES DUARTE,438.110,2248,5.13,2299,95.7,0.650,-,46974389.34,39677386.83,160718.98,
Pinhal Grande,4314472,pinhal-grandense,LUCAS MICHELON,478.110,3805,7.96,3867,97.6,0.678,-,59173136.51,49508430.54,216252.56,
Pinheirinho do Vale,4314498,pinheirinhense,ELTON TATTO,105.385,4540,43.08,4637,97.3,0.710,15.87,41118978.12,36375780.21,26704.69,
Pinheiro Machado,4314506,pinheirense,RONALDO COSTA MADRUGA,2249.176,11214,4.99,11409,97.1,0.661,-,84660712.8,87486751.91,32810.02,
Pinto Bandeira,4314548,pinto bandeirense,ADILSO ANTONIO SALINI,104.801,2723,25.98,2784,-,-,-,34679822.12,28371413.49,24212.76,
Pirapó,4314555,pirapoense,LAURI LUIZ SCHEEREN,281.794,2260,7.69,2260,97.9,0.669,-,33472775.2,28368202.42,42934.46,
Piratini,4314605,piratinense,MARCIO MANETTI PORTO,3538.300,17504,4.95,17792,97.2,0.658,25.64,108061697.58,108665607.89,42437.1,
Planalto,4314704,planaltense,CRISTIANO GNOATTO,228.552,10406,45.53,10624,97.2,0.687,7.75,62935899.97,58220934.08,25359.66,
Poço das Antas,4314753,poçoantense,GLICERIO IVO JUNGES,67.618,2171,32.11,2222,99.1,0.744,43.48,34255125.18,33841789.42,62592.03,
Pontão,4314779,pontanense,LUIS FERNANDO PEREIRA DA SILVA,502.709,3296,6.56,3350,96.8,0.725,-,52787285.41,45364598.16,103467.34,
Ponte Preta,4314787,ponte-pretense,JOSIEL FERNANDO GRISELI,99.504,1575,15.83,1604,100,0.725,-,37725244.38,28059951.54,63989.35,
Portão,4314803,portanense,DELMAR HOFF,159.298,34071,213.88,35237,96.2,0.713,6.41,220666605.32,201399284.5,43654.26,
Porto Alegre,4314902,porto-alegrense,SEBASTIÃO DE ARAÚJO MELO,495.977,1332845,2690.50,1389322,96.6,0.805,8.49,10386669318.45,11520368235.01,54647.38,
Porto Lucena,4315008,porto-lucenense,IURY SOMMER ZABOLOTSKY,250.876,4360,17.38,4424,97.5,0.693,-,38490983.38,36281334.91,30053.37,
Porto Mauá,4315057,porto-mauense,CARLOS CESAR DINON,105.811,2142,20.24,2176,100,0.698,-,36220680,33768733.43,38314.42,
Porto Vera Cruz,4315073,porto-vera-cruzense,JAIME DOMINGOS TAFFAREL,114.284,1560,13.65,1585,100,0.690,-,36374482.72,29224602.47,35939.08,
Porto Xavier,4315107,porto-xavierense,GILBERTO DOMINGOS MENIN,281.497,9938,35.30,10132,99.5,0.723,-,75650008.82,74841134.7,20793.08,
Pouso Novo,4315131,pouso-novense,CARLOS ALBERTO BONACINA,105.338,1739,16.51,1773,96.6,0.715,-,37756874.63,30144219.9,38725.99,
Presidente Lucena,4315149,lucinense,LUIZ JOSÉ SPANIOL,49.628,3077,62.00,3159,98.6,0.757,30.3,44302304.14,34464704.04,71942.18,
Progresso,4315156,progressense,PAULO GILBERTO SCHMITT,256.039,5340,20.86,5430,99,0.683,19.23,47260781.39,42127229.3,26706.68,
Protásio Alves,4315172,protásio-alvense,ITAMAR ANTÔNIO GIRARDI,171.994,2025,11.77,2069,98.1,0.733,-,33521246.8,30967028.6,48347.62,
Putinga,4315206,putinguense,JULIANO MORETTO,216.159,3747,17.33,3814,97.9,0.715,-,50145271.1,45468447.47,34561.44,
Quaraí,4315305,quaraiense,JEFERSON DA SILVA PIRES,3139.995,23500,7.48,23988,99.4,0.704,13.16,126625420.5,107600215.88,27772.79,
Quatro Irmãos,4315313,quatroirmanense,JOÃO PAULO BALBINOT,268.971,1552,5.77,1579,99.6,0.689,-,34446477.14,29416778.74,99979.63,
Quevedos,4315321,quevedense,TAÍS FABIANE DA MAIA FLORES ROSA,543.359,2507,4.61,2555,96.4,0.665,-,38370324.17,34085833.21,107161.62,
Quinze de Novembro,4315354,quinze-novembrense,MARCOS LUIS PETRI,223.072,3910,17.53,4000,100,0.756,-,52539999.77,45676293.4,66960.55,
Redentora,4315404,redentorense,MALBERK ANTOINE KUNST DULLIUS,303.705,9738,32.06,9934,93.5,0.631,15.38,61944329.34,57795166.23,19767.66,
Relvado,4315453,relvadense,CARLOS LUIZ FRAPORTI,108.188,1796,16.60,1828,98.2,0.731,-,41098321.99,34139453.71,39983.85,
Restinga Sêca,4315503,restinguense,NORTON SOARES DA ROSA,968.620,14939,15.42,15213,97.6,0.683,7.19,117599689.68,96496724.01,42887.51,
Rio dos Índios,4315552,riodinhense,FLAVIO GOLIN,235.854,2835,12.02,2874,95.1,0.656,-,42301670.87,35727329.32,53086.08,
Rio Grande,4315602,rio-grandino,DARLENE TORRADA PEREIRA,2682.867,191900,71.53,198958,97.7,0.744,9.8,1297938688.55,1065264520.46,62392.39,
Rio Pardo,4315701,rio-pardense,ROGERIO LUIZ MONTEIRO,2051.112,34654,16.90,35666,96.1,0.693,10.93,202902971.46,175349346.69,36346.75,
Riozinho,4315750,riozinhense,AIRTON TREVIZANI DA ROSA,239.090,4473,18.71,4572,96.5,0.661,-,50465051.68,46571907.14,33173.28,
Roca Sales,4315800,roca-salense,JONES WUNSCH,208.108,10418,50.06,10644,98.7,0.729,8.85,106227247.91,95752779.22,49851.25,
Rodeio Bonito,4315909,rodeiense,PAULO DUARTE,83.278,6654,79.90,6821,99.3,0.732,-,61085335.62,51559892.43,47593.36,
Rolador,4315958,roladorense,JOÃO ALBERTO AQUINO GOMES,295.201,2291,7.76,2332,98.5,0.689,-,37528064.38,28543690.18,71327.05,
Rolante,4316006,rolantense,ALCEU TREVIZANI DA ROSA,296.090,21253,71.78,21733,96.9,0.688,14.71,156880459.86,146987756.45,33884.81,
Ronda Alta,4316105,ronda-altense,MARCOS MIGUEL BEUX,418.675,9777,23.35,9972,94.6,0.724,7.94,73859864.83,64953593.04,44347.96,
Rondinha,4316204,rondinhense,EZEQUIEL PASQUETTI,252.454,4991,19.77,5083,99.1,0.764,-,54953549.21,48731515.86,53421.99,
Roque Gonzales,4316303,roque-gonzalense,FERNANDO MATTES MACHRY,349.084,6576,18.84,6698,97.8,0.688,22.22,55418364.7,52491332.71,64744.41,
Rosário do Sul,4316402,rosariense,MARCOS PAULO SILVA DA LUZ,4343.656,36630,8.43,37700,96.5,0.699,11.99,186911564.15,184216952.02,35245.33,
Sagrada Família,4316428,sagradense,MAURO ROGERIO FERRARI GALATTO,77.889,2480,31.84,2529,98.6,0.678,35.71,38576453.38,35314204.93,31762.83,
Saldanha Marinho,4316436,saldanhense,VOLMAR TELLES DO AMARAL,221.554,2575,11.62,2621,100,0.762,-,41160196.3,38144640.14,97938.15,
Salto do Jacuí,4316451,salto-jacuiense,RONALDO OLIMPIO PEREIRA DE MORAES,507.698,10203,20.10,10373,96.3,0.687,9.35,86756033.46,80280815.71,96983.27,
Salvador das Missões,4316477,salvadorense,VILSON JOSÉ SCHONS,95.952,2877,30.51,2953,100,0.753,28.57,41485072.88,38306284.64,65277.41,
Salvador do Sul,4316501,salvadorense,JOSÉ LAERCE MORALES CEZAR,99.026,6879,69.38,7182,98.8,0.740,-,71904676.54,64138543.62,42339.98,
Sananduva,4316600,sananduvense,CLAITON EDU MONTEIRO DE AGUIAR,504.499,16399,32.51,16759,98.4,0.747,5.71,112898334.11,108146226.02,51509.18,
Santa Bárbara do Sul,4316709,santa-barbarense,LEANDRO CARAFFINI VENERAL,975.799,8122,8.32,8275,99.5,0.725,-,84609299,79738606.52,171000.57,
Santa Cecília do Sul,4316733,ceciliense,LEONARDO PANISSON,200.056,1674,8.37,1710,99.1,0.725,133.33,34097215.26,29661131.36,88269.41,
Santa Clara do Sul,4316758,santa-clarense,MARCIO LUIZ HAAS,86.491,6887,79.67,7067,98.7,0.740,-,57284060.89,57989185.07,50200.65,
Santa Cruz do Sul,4316808,santa-cruzense,SERGIO IVAN MORAES,734.516,133230,181.54,138104,98.3,0.773,7.49,927318285.12,905099248.03,74205,
Santa Maria,4316907,santa-mariense,RODRIGO DECIMO,1780.194,271735,152.64,282244,98.1,0.784,11.34,1259268128.42,1480850940.98,33532.26,
Santa Maria do Herval,4316956,hervalense,GILNEI CAPELETTI,140.437,6340,45.14,6482,88.1,0.676,-,49979075.43,44208235.96,43780.58,
Santa Margarida do Sul,4316972,margaridense,LUIZ FELIPE BRENNER MACHADO,955.299,2596,2.72,2658,99,0.663,-,40767246.54,33379188.65,139226.56,
Santana da Boa Vista,4317004,santanense-da-boa-vista,GARLENO ALVES DA SILVA,1418.805,7024,4.95,7140,98.5,0.633,20,59199397.89,50478245.37,45402.39,
Sant'Ana do Livramento,4317103,santanense,ANA LUIZA MOURA TAROUCO,6946.407,84421,12.15,87296,97.6,0.727,12.83,470675762.84,483698952.79,37330.14,
Santa Rosa,4317202,santa-rosense,ANDERSON MANTEI,489.380,76963,157.27,79395,98.6,0.769,6.86,617390266.98,595157628.44,50513.48,
Santa Tereza,4317251,santa-terezense,GISELE CAUMO,73.669,1505,20.43,1531,98.6,0.746,-,50172060.57,39177782.2,28949.13,
Santa Vitória do Palmar,4317301,vitoriense,ANDRÉ SELAYARAN NICOLETTI,5206.977,30983,5.95,31961,98.5,0.712,6.73,243455983.23,223459410.14,59922.92,
Santiago,4317400,santiaguense,MARCELO GORSKI DE MATOS,2413.419,48938,20.27,50331,98.9,0.766,11.72,266301057.47,264488965.97,41004.58,
Santo Ângelo,4317509,santo-angelense ou angelopolitano,NIVIO BOELTER BRAZ,678.502,76917,113.22,79130,99,0.772,9.09,402540036.75,424888139.6,41012.36,
Santo Antônio do Palma,4317558,palmense,GILBERTO SZIMAINSKI,126.094,2091,16.58,2134,99.2,0.764,-,42502046.8,44803835.79,56561.14,
Santo Antônio da Patrulha,4317608,patrulhense,RODRIGO GOMES MASSULO,1049.583,42947,40.92,44393,96.9,0.717,13.48,251343732.74,231654265.78,38723.81,
Santo Antônio das Missões,4317707,santo-antoniense,FELISBERTO DOS SANTOS FERREIRA,1710.466,10300,6.02,10493,97.3,0.686,-,88093810.57,93757268.7,67869.46,
Santo Antônio do Planalto,4317756,santo-antoniense,VILSON ALTMANN,203.440,2089,10.27,2136,99.2,0.759,62.5,39509837.57,33432349.2,93889.23,
Santo Augusto,4317806,santo-augustense,LILIAN FONTOURA DEPIERE,467.775,13902,29.72,14196,97.7,0.739,25.81,106943378.89,94162160.83,61423.02,
Santo Cristo,4317905,santo-cristense,CHARLES THIELE,367.202,15320,41.72,15656,99.8,0.738,-,108786782.66,110396114.91,55305.62,
Santo Expedito do Sul,4317954,expeditense,VANTUIR DUTRA,125.334,2349,18.70,2395,98.9,0.732,-,30736427.81,25611595.34,56384.95,
São Borja,4318002,são borjense,JOSÉ LUIZ RODRIGUES MACHADO,3616.674,59676,16.50,61323,97.5,0.736,8.36,390357052.86,371853084.2,43012.23,
São Domingos do Sul,4318051,são-dominguense,JONAS TIBOLA,78.670,2754,35.01,2808,99.1,0.763,-,33320072.94,29737067.51,39933.74,
São Francisco de Assis,4318101,assisense,RUBEMAR PAULINHO SALBEGO,2534.789,17618,7.03,17949,98,0.675,-,118889212.11,111568686.07,44473.17,
São Francisco de Paula,4318200,serrano,THIAGO CARNIEL TEIXEIRA,3317.794,21893,6.60,22373,96.8,0.685,11.67,174133082.92,147775839.64,46934.89,
São Gabriel,4318309,gabrielense,LUCAS GONÇALVES MENEZES,5053.460,58487,11.57,60102,96.9,0.699,14.06,339766982.91,294245748.32,43790.22,
São Jerônimo,4318408,jeronimense,JÚLIO CESAR PRATES CUNHA,935.596,21028,22.48,21421,96,0.696,8.85,123467553.67,113709616.3,27148.45,
São João da Urtiga,4318424,urtiguense,CEZAR OLIMPIO ZANDONA,171.504,4461,26.08,4549,98.7,0.694,-,42305607.31,36016870.67,39815.86,
São João do Polêsine,4318432,polesinense,JAQUELINE MARIA SCHMITZ MILANESI,78.320,2649,33.82,2707,99,0.748,-,41036627.33,31820624.99,41347.83,
São Jorge,4318440,são-jorgense,DANILO SALVALAGGIO,125.731,2912,23.18,2976,98.4,0.732,-,35609651.45,31589193.72,47482.38,
São José das Missões,4318457,são-josezense,GILMAR WEBER TOLFO,98.125,2362,24.07,2403,99,0.651,-,33115729.22,30218607.21,37475,
São José do Herval,4318465,hervalense,JOVANI BOZETTI,102.912,1902,18.48,1934,95.3,0.717,-,36805326.84,34711561.67,30835.69,
São José do Hortêncio,4318481,hortenciense,ESTER ELISA DILL KOCH,63.709,4447,69.80,4551,99.5,0.707,26.32,45204284.73,37409276.28,23936.9,
São José do Inhacorá,4318499,inhacoraense,ADEMIR JOSÉ SCHNEIDER,77.732,2406,30.95,2463,99.5,0.747,38.46,40153216.43,32615765.28,90094.6,
São José do Norte,4318507,nortense,NEROMAR DE ARAUJO GUIMARÃES,1072.338,25443,23.74,26245,96.6,0.623,7.69,160957418.32,141545485.22,28446.79,
São José do Ouro,4318606,ourense,VILMAR DE BIASI,335.215,6834,20.38,6978,100,0.755,-,48950811.06,41598685.77,66997.04,
São José do Sul,4318614,são josense do sul,JULIANE MARIA BENDER,54.764,2380,43.46,2440,96.7,0.725,-,36443590.03,33807172.45,38156.8,
São José dos Ausentes,4318622,ausentino,JOSÉ CARLOS PEREIRA BECKER,1173.907,4172,3.55,4286,98.5,0.663,-,58076143.75,52639244.58,43728.9,
São Leopoldo,4318705,leopoldense,HELIOMAR ATHAYDES FRANCO,103.009,217409,2110.58,225669,96.8,0.739,13.84,1762847782.47,1663440860.53,45159.57,
São Lourenço do Sul,4318804,lourenciano,ZELMUTE OLIVEIRA PERES MARTEN,2039.257,41989,20.62,43283,97.6,0.687,12.25,277257162.06,235152818.5,39103.99,
São Luiz Gonzaga,4318903,são-luizense,JOSÉ ANTÔNIO FLACH WERLE,1296.773,34752,26.82,35858,98.8,0.741,16.39,211234164.3,209212524.53,57474.25,
São Marcos,4319000,são-marquense,VOLMIR NAZARENO RECH,256.159,21084,82.31,21537,98.4,0.768,10.53,164811961.2,148088983.44,52647.06,
São Martinho,4319109,são-martinhense,JEANCARLO HUNHOFF,171.245,5481,32.01,5589,99.1,0.726,14.49,55586640.24,50207616.21,66347.14,
São Martinho da Serra,4319125,martinhense,ROBSON FLORES DA TRINDADE,669.547,2860,4.27,2911,99.8,0.652,-,41792887.88,32081394.36,104119.72,
São Miguel das Missões,4319158,miguelino,LUIZ RODRIGO RIBAS,1228.910,7056,5.74,7196,97.2,0.667,19.8,72526927.71,63245196.66,112835.1,
São Nicolau,4319208,são-nicolauense,RAFAEL GODOIS DA SILVA,497.446,5118,10.54,5248,96.8,0.645,16.39,44200868.66,46448626.91,44254.79,
São Paulo das Missões,4319307,paulista-das-missões,OBERDAN LUIS RHODEN,222.504,5846,26.10,5948,98.5,0.692,-,50441715.89,49087552.62,35470,
São Pedro da Serra,4319356,são-pedrense,LUIZ AUGUSTO HARTMANN,37.631,3548,100.78,3614,98.3,0.739,-,43742164.19,35268064.47,29174.82,
São Pedro das Missões,4319364,são pedrense,RAFAEL FUMAGALLI E SILVA,79.894,1757,21.99,1791,99,0.664,34.48,28610994.65,24915933.15,56383.85,
São Pedro do Butiá,4319372,são-butiaiense,NARCISO LUIS LENZ,107.394,3070,28.54,3139,100,0.763,31.25,40527327.59,36971369.86,54801.17,
São Pedro do Sul,4319406,são-pedrense,FERNANDO PILAR CEZAR,873.394,15577,17.84,15870,97.2,0.709,13.25,96186982.18,92639075.63,33059.31,
São Sebastião do Caí,4319505,caiense,JOÃO MARCOS DUARTE GUARÁ,113.097,24428,213.73,24883,99.2,0.739,11.54,178371046.62,164385548.17,34381.59,
São Sepé,4319604,sepense,MARCELO FARIA ELLWANGER,2204.779,21219,9.62,21575,97.3,0.708,4.76,151236847.69,154686614.91,56671.05,
São Valentim,4319703,valentinense,ALBERTINHO DASSOLER,154.450,3264,21.13,3324,99.1,0.720,-,37808622.98,35085108.45,42093.07,
São Valentim do Sul,4319711,são-valentinense,MOISES CAVANUS,91.898,2207,24.02,2255,98,0.764,-,36498283.53,34868445.87,42515.69,
São Valério do Sul,4319737,são-valerense,CLOVIS TABORDA PADILHA,107.402,2543,23.68,2594,94.3,0.642,27.03,33724015.37,30196647.57,33099.83,
São Vendelino,4319752,são-vendelinense,REGIS PAULO FRITZEN,31.899,2251,70.49,2306,100,0.754,-,56540521.7,52590093.41,41847.5,
São Vicente do Sul,4319802,vicentino,FERNANDO DA ROSA PAHIM,1174.225,8097,6.89,8259,98.2,0.685,11.36,74818305.75,63571653.95,83568.15,
Sapiranga,4319901,sapiranguense,CARINA PATRÍCIA NATH CORREA,137.759,75648,554.31,77898,97.6,0.711,5.72,483908094.51,401769674.88,44906.27,
Sapucaia do Sul,4320008,sapucaiense,VOLMIR RODRIGUES,58.247,132107,2268.05,136542,97.4,0.726,9.33,737735345.18,610198748,29500.52,
Sarandi,4320107,sarandiense,PABLO LUIZ ALIEVI MARI,351.718,22851,64.97,23356,98.2,0.777,5.76,165822338.15,157561592.37,51915.53,
Seberi,4320206,seberiense,ADILSON ADAM BALESTRIN,301.032,11950,39.72,12313,98.1,0.723,5.32,94622732.45,85054633.13,57805.09,
Sede Nova,4320230,sede-novense,PEDRO AMAURI WERNER,119.312,2704,22.66,2753,99,0.712,41.67,44837344.6,44645737.91,54794.43,
Segredo,4320263,segredense,CLAUDIO ANTONIO TREVISAN,245.170,6009,24.51,6107,98.5,0.659,14.71,49473067.63,45376893.39,21846.87,
Selbach,4320305,selbaquense,MICHAEL KUHN,176.470,5107,28.94,5220,99.7,0.777,20.83,54555835.32,39653158.84,73361.94,
Senador Salgado Filho,4320321,salgadofilhense,HUGO JONAS NESKE,147.097,2673,18.18,2726,96.9,0.693,-,33236096.96,31189901.04,53987.11,
Sentinela do Sul,4320354,sentinelense,JULIO CESAR CARVALHO,282.130,5306,18.81,5422,99.5,0.671,-,39434044.05,32521288.56,24182.11,
Serafina Corrêa,4320404,serafinense,DANIEL MORANDI,163.310,16961,103.86,17379,97.9,0.760,4.65,152214467.31,131638834.62,43283.1,
Sério,4320453,seriense,SIDINEI MOISES DE FREITAS,105.428,1941,19.78,2093,97,0.652,-,32696661.1,31093888.1,31535.66,
Sertão,4320503,sertanense,HOMERO FOCHESATTO,440.631,5541,12.58,5637,97.4,0.751,15.63,58849711.3,50883356.06,102394.85,
Sertão Santana,4320552,sertanense,RENATO ADÃO BURCHERT,252.013,5863,23.26,5988,97.8,0.689,-,49526629.72,39226796.85,47793.25,
Sete de Setembro,4320578,setembrense,NELSON PALINSKI,131.660,1830,14.16,1884,99.1,0.683,-,33166915.47,27342310.25,54712.96,
Severiano de Almeida,4320602,severianense,JAIR KAMMLER,167.598,3406,20.32,3467,97.7,0.752,-,50206410.47,41732353.86,41422.91,
Silveira Martins,4320651,sillveirense,SADI TOLFO,119.285,2028,17.00,2060,99.2,0.742,-,37168907.48,34278375.76,36630,
Sinimbu,4320677,sinimbuense,WILSON MOLZ,509.778,8578,16.81,8698,97.2,0.631,14.08,72744641.86,62665217.35,21028.34,
Sobradinho,4320701,sobradinhense,LUIZ AFFONSO TREVISAN,128.823,14226,110.43,14512,97.6,0.743,25.81,98222280.62,104810806.28,29163.04,
Soledade,4320800,soledadense,PAULO RICARDO CATTANEO,1215.056,29991,24.68,30936,96.3,0.731,10.53,175566629.94,164502478.85,45230.98,
Tabaí,4320859,tabaiense,ANDERSON DE AZEVEDO VARGAS,94.754,4461,47.08,4565,100,0.701,-,41661426.44,31761693.75,29502.75,
Tapejara,4320909,tapejarense,EVANIR WOLFF,238.082,24557,103.15,25201,98.6,0.760,8.09,173560024.21,162663480.31,65852.84,
Tapera,4321006,taperense,OSVALDO HENRICH FILHO,179.935,10592,58.87,10822,99,0.747,-,79861796.41,70327652.45,60580.29,
Tapes,4321105,tapense,LUIZ CARLOS COUTINHO GARCEZ,805.452,14695,18.24,14938,97.8,0.695,13.42,107442051,95848352.86,34781.51,
Taquara,4321204,taquarense,SIRLEI TERESINHA BERNARDES DA SILVEIRA,450.195,53242,117.64,54360,97.1,0.727,8.47,298172359.22,289285225.56,27171.31,
Taquari,4321303,taquariense,ANDRE LUIS BARCELLOS BRITO,349.967,25198,72.00,25968,97.2,0.733,7.58,165074179.34,137827580.45,40661.52,
Taquaruçu do Sul,4321329,taquaraçusense,LUIZ BLANCO ALVES,76.917,3119,40.55,3190,98.4,0.739,-,40788881.03,35147774.37,61297.18,
Tavares,4321352,tavarense,GILMAR FERREIRA DE LEMOS,610.107,5212,8.54,5319,95.3,0.656,15.15,43538709.3,37246963.68,22657.34,
Tenente Portela,4321402,portelense,ROSEMAR ANTONIO SALA,337.495,14497,42.95,14811,96.7,0.708,8.55,99371405.04,91520772.34,43273.27,
Terra de Areia,4321436,terrareense,OSVALDO DE MATTOS SOBRINHO,142.304,10334,72.62,10569,98.5,0.689,-,80847930.11,77469564.79,25729.73,
Teutônia,4321451,teutoniense,RENATO AIRTON ALTMANN,175.874,32797,184.47,33963,99.4,0.747,15.98,238736557.67,208353290.68,45981.15,
Tio Hugo,4321469,tio-huguense,VALDUZE BACK VOLLMER,113.944,3267,28.67,3352,91.6,0.742,-,38963795.7,36341529.68,56784.45,
Tiradentes do Sul,4321477,tiradentense,ELTON LUIS PILGER,236.653,5129,21.67,5201,98.8,0.689,-,42981695.82,36848428.38,35473.86,
Toropi,4321493,toropiense,VANDIR OESTERREICH,198.316,2554,12.88,2598,98,0.683,-,32703011.72,28460253.99,36808.11,
Torres,4321501,torrense,DELCI BEHENCK DIMER,161.630,41751,258.32,43268,98.4,0.762,12.02,351397596.95,313904257.29,35095.54,
Tramandaí,4321600,tramandaiense,JUAREZ MARQUES DA SILVA,142.878,54387,380.65,56296,97.5,0.719,12.61,374130930.57,358513141.42,23072.56,
Travesseiro,4321626,travesseirense,GILMAR LUIZ SOUTHIER,80.681,2152,26.67,2193,97.5,0.701,-,38476189.39,34843118.38,33499.3,
Três Arroios,4321634,três-arroiense,CARLOS FLORENCIO BURILLE,148.601,2591,17.44,2638,100,0.791,-,46671429.43,41845287.34,53891.49,
Três Cachoeiras,4321667,três cachoeirense,FABIANA RAUPP VALIM LEFFA,251.483,10962,43.59,11216,97.5,0.718,15.38,73991905.02,71605440.48,27614.79,
Três Coroas,4321709,três-coroense,FABIEL CRISTOVÃO PORT,168.124,24425,147.78,24420,98.9,0.710,17.32,184008213.1,147085877.57,27813.49,
Três de Maio,4321808,três-maiense,MARCOS VINICIUS BENEDETTI CORSO,421.461,24916,59.12,25452,98.8,0.759,9.93,176742758.22,171863591.09,56767.21,
Três Forquilhas,4321832,forquilhense,LORACI KLIPPEL MELO GERMANN,217.386,2760,12.70,2814,96,0.662,35.71,39633476.57,34734716.82,24297.46,
Três Palmeiras,4321857,três-palmeirense,SILVANIO ANTONIO DIAS,180.599,4716,26.11,4826,98.4,0.703,13.33,53328006.68,47354969.72,42185.43,
Três Passos,4321907,três-passense,ARLEI LUIS TOMAZONI,268.902,25436,94.59,26284,98.9,0.768,9.35,173383009.03,159969850.74,43406.37,
Trindade do Sul,4321956,trindadense,ODAIR ADILIO PELICIOLI,268.417,7556,28.15,7766,98.9,0.687,21.51,64916210.96,61395929.39,60779.96,
Triunfo,4322004,triunfense,MARCELO ESSVEIN,817.807,27498,33.63,28414,98.3,0.733,6.9,428157956.7,384136485.38,430464.73,
Tucunduva,4322103,tucunduvense,JONAS FERNANDO HAUSCHILD,181.198,5542,30.59,5649,100,0.747,28.57,46340659.07,47072422,46209.93,
Tunas,4322152,tunense,PAULO HENRIQUE REUTER,217.302,3681,16.94,3739,98.3,0.657,27.78,38667006.2,33299865.13,26356.28,
Tupanci do Sul,4322186,tupanciense,FERNANDO LUIS FAVRETTO,135.664,1374,10.16,1398,98.7,0.694,-,28521828.25,25027961.54,65464.21,
Tupanciretã,4322202,tupanciretanense,GUSTAVO HERTER TERRA,2253.234,20005,8.88,20345,97.9,0.709,-,174469569.11,137002957.63,84856.89,
Tupandi,4322251,tupandiense,PAULINHO LUDWIG,59.406,5029,84.60,5160,98.8,0.718,18.18,72251313.26,60906863.83,106314.39,
Tuparendi,4322301,tuparendiense,JÚLIO CÉSAR MATTIAZZI,307.710,8363,27.18,8536,99.7,0.728,-,59951907.84,50263615.97,49616.17,
Turuçu,4322327,turuçuense,IVAN EDUARDO SCHERDIEN,253.635,3419,13.48,3489,99.3,0.629,-,39664531.91,34264178.16,48041.68,
Ubiretama,4322343,ubiretamense,RODRIGO DANIEL BLOCH,125.876,1994,15.84,2028,99.3,0.700,-,33346716.69,30847008.82,56727.23,
União da Serra,4322350,união-serrense,CLEONIR ANEIMAR TAUFFER,131.154,1170,8.92,1186,98.5,0.733,-,29466785.93,27168274.92,84108,
Unistalda,4322376,unistaldense,JOSE GILNEI MANARA MANZONI,602.260,1995,3.31,2052,99.5,0.649,-,31976317.17,20962451.69,64642.76,
Uruguaiana,4322400,uruguaianense,CARLOS ALBERTO DELGADO DE DAVID,5702.098,117210,20.56,120885,97.6,0.744,8.37,548625092.33,452124545.83,29322.46,
Vacaria,4322509,vacariense,ANDRÉ LUIZ ROKOSKI,2124.492,64197,30.22,66110,97.1,0.721,15.49,407000370.85,382249147.22,48503.58,
Vale Verde,4322525,valeverdense,RICARDO FROEMMING,329.727,3150,9.55,3214,99,0.646,-,44361377.05,37558135.35,36944.67,
Vale do Sol,4322533,vale-solense,JOSÉ VALTAIR DOS SANTOS,329.389,9897,30.15,10080,98.6,0.624,-,67588847.91,56190354.58,22969.08,
Vale Real,4322541,vale-realense,MARCELO ANTONIO BETTEGA,45.085,6058,134.37,6213,98.4,0.737,28.57,51791311.55,48485755.83,32797.33,
Vanini,4322558,vaninense,ERENEU JOSE BOGONI,64.905,2004,30.88,2047,99.1,0.757,-,33589966.01,30298027.73,44495.54,
Venâncio Aires,4322608,venâncio-airense,JARBAS DANIEL DA ROSA,772.701,68763,89.00,70805,97.3,0.712,13.87,482071499.52,429823393.48,51566.6,
Vera Cruz,4322707,vera-cruzense,GILSON ADRIANO BECKER,309.994,26710,86.27,27638,99,0.737,7.27,181913092.08,159184770.77,30254.93,
Veranópolis,4322806,veranense,CRISTIANO VALDUGA DAL PAI,289.397,24021,83.00,24540,99.3,0.773,7.97,216801955.66,197326530.42,64845.47,
Vespasiano Corrêa,4322855,vespasianense,TIAGO MANOEL FERREIRA MICHELON,113.622,1818,16.00,1852,98.9,0.723,-,38503246.34,35692912,67251.6,
Viadutos,4322905,viadutense,GIOVAN ANDRÉ SPEROTTO,266.670,4769,17.79,4852,95.6,0.702,-,46865217.83,37875873.75,44204.95,
Viamão,4323002,viamonense,RAFAEL BORTOLETTI DALLA NORA,1496.019,224112,149.76,232113,95.9,0.717,13.44,895016326.88,853696310.78,16846.27,
Vicente Dutra,4323101,dutrense,TOMAZ DE AQUINO ROSSATO,193.023,4665,24.17,4747,96.1,0.638,-,38102173.71,34932040.8,27927.91,
Victor Graeff,4323200,victorense,LAIRTON ANDRE KOECHE,238.133,2780,11.67,2832,99.2,0.777,-,47802001.55,41400945.38,104179.68,
Vila Flores,4323309,vila-florense,EVANDRO ANTÔNIO BRANDALISE,107.703,3646,33.85,3736,96.8,0.742,-,54360027.25,47992852.8,87335.42,
Vila Lângaro,4323358,vila-langarense,ANILDO COSTELLA,151.673,2079,13.71,2122,99.6,0.705,-,43598679.95,31430518.68,81609.37,
Vila Maria,4323408,vila-mariense,ADROALDO SEBEN,181.061,4413,24.37,4512,98.7,0.761,20,57957106.32,56145163.01,89149.59,
Vila Nova do Sul,4323457,vilanovense,JOSÉ LUIZ CAMARGO DE MOURA,508.278,3863,7.60,3935,96.1,0.662,37.04,42727810.69,37471222.39,45844.94,
Vista Alegre,4323507,vista-alegrense,RUDINEI BRIDI,77.656,2660,34.27,2712,97.9,0.739,-,35869324.69,30953027.66,50279.94,
Vista Alegre do Prata,4323606,vista-alegrense,ROBERTO DONIN,119.327,1590,13.32,1624,94,0.780,83.33,35024520.35,30589076.4,54879.53,
Vista Gaúcha,4323705,vista-gauchense,CLAUDEMIR JOSE LOCATELLI,90.022,2783,30.91,2842,100,0.757,-,43236099.14,36303857.45,36218.23,
Vitória das Missões,4323754,vitoriano,CORNÉLIO LUIS GRIMM,258.454,3260,12.62,3318,100,0.655,-,41038340.32,31937387.74,52269.64,
Westfália,4323770,westfaliano,CESAR JULIANO BLOEMKER,66.875,3098,48.66,3219,98.9,0.752,-,51937115.35,45012515.82,86946.36,
Xangri-lá,4323804,xangri-laense,CELSO BASSANI BARBOSA,60.756,16463,270.97,16907,97.3,0.735,10.15,332366639.51,331501723.88,42809.21,

<table class="fontes-container"><tr><th>Notas:</th></tr><tr><td>Escolarização <span>6 a 14 anos</span>: [população residente no município de 6 a 14 anos de idade matriculada no ensino regular/total de população residente no município de 6 a 14 anos de idade] x 100</td></tr><tr><th>Fontes:</th></tr><tr><td>Área Territorial: Área territorial brasileira 2022. Rio de Janeiro: IBGE, 2023</td></tr><tr><td>População no último censo: Censo 2022: População e Domicílios - Primeiros Resultados - Atualizado em 22/12/2023</td></tr><tr><td>Densidade demográfica: Censo 2022: População e Domicílios - Primeiros Resultados - Atualizado em 22/12/2023</td></tr><tr><td>População estimada: IBGE, Diretoria de Pesquisas, Coordenação de População e Indicadores Sociais, Estimativas da população residente com data de referência 1o de julho de 2024</td></tr><tr><td>Escolarização <span>6 a 14 anos</span>: IBGE, Censo Demográfico 2010</td></tr><tr><td>IDHM <span>Índice de desenvolvimento humano municipal</span>: Programa das Nações Unidas para o Desenvolvimento - PNUD</td></tr><tr><td>Mortalidade infantil: Ministério da Saúde, Departamento de Informática do Sistema Único de Saúde - DATASUS 2022</td></tr><tr><td>Total de receitas brutas realizadas: Siconfi: Sistema de Informações Contábeis e Fiscais do Setor Público Brasileiro. Brasília, DF, [2023]. Disponível em: https://siconfi.tesouro.gov.br/siconfi/pages/public/consulta_finbra/finbra_list.jsf. Acesso em: jun. 2024, Contas anuais. Receitas orçamentárias realizadas (Anexo I-C) 2023 e Despesas orçamentárias empenhadas (Anexo I-D) 2023. In: Brasil. Secretaria do Tesouro Nacional</td></tr><tr><td>Total de despesas brutas empenhadas: Siconfi: Sistema de Informações Contábeis e Fiscais do Setor Público Brasileiro. Brasília, DF, [2023]. Disponível em: https://siconfi.tesouro.gov.br/siconfi/pages/public/consulta_finbra/finbra_list.jsf. Acesso em: jun. 2024, Contas anuais. Receitas orçamentárias realizadas (Anexo I-C) 2023 e Despesas orçamentárias empenhadas (Anexo I-D) 2023. In: Brasil. Secretaria do Tesouro Nacional</td></tr><tr><td>PIB per capita: IBGE, em parceria com os Órgãos Estaduais de Estatística, Secretarias Estaduais de Governo e Superintendência da Zona Franca de Manaus - SUFRAMA</td></tr></table>