São Paulo | Todos os Municípios
Município [-],Código [-],Gentílico [-],Prefeito [2025],Área Territorial - km² [2024],População no último censo - pessoas [2022],Densidade demográfica - hab/km² [2022],População estimada - pessoas [2024],Escolarização <span>6 a 14 anos</span> - % [2010],IDHM <span>Índice de desenvolvimento humano municipal</span> [2010],Mortalidade infantil - óbitos por mil nascidos vivos [2023],Total de receitas brutas realizadas - R$ [2024],Total de despesas brutas empenhadas - R$ [2024],PIB per capita - R$ [2021],
Adamantina,3500105,adamantinense,JOSÉ CARLOS MARTINS TIVERON,411.987,34687,84.19,35642,97.6,0.790,8.33,313833384.84,290958010.06,38997.12,
Adolfo,3500204,adolfino,RICARDO DI GIORGIO ROBLES,211.055,4351,20.62,4478,98.6,0.730,-,50181541.52,43661787.44,32578.28,
Aguaí,3500303,aguaiano,GILBERTO LUIZ MORAES SELBER,474.554,32072,67.58,32888,95.8,0.715,7.94,178612817.81,148772582.19,35551.7,
Águas da Prata,3500402,pratense,CARLOS HENRIQUE FORTES DEZENA,142.673,7369,51.65,7470,98.8,0.781,17.54,61132118.93,64547784.11,25297.02,
Águas de Lindóia,3500501,lindoiense,GERALDO MANTOVANI FILHO,60.126,17930,298.21,18245,96.2,0.745,13.57,163353038.89,153149448.37,30971.23,
Águas de Santa Bárbara,3500550,santa-barbarense,WILIAN JOSÉ DE OLIVEIRA MEANA,404.463,7177,17.74,7407,98.2,0.757,-,75539600.88,64539490.17,35378.64,
Águas de São Pedro,3500600,água-pedrense,JOÃO VICTOR BARBOZA,3.612,2780,769.66,2829,98.4,0.854,33.33,63967175.06,60456980.05,41208.23,
Agudos,3500709,agudense,RAFAEL LIMA FERNANDES,966.708,37680,38.98,38879,97.9,0.745,8.53,253890623.03,232147902.5,70209.74,
Alambari,3500758,alambariense,JOÃO PAULO DANTAS PINTO,159.600,6141,38.48,6330,99.3,0.712,-,46269803.4,41404870.36,20765.46,
Alfredo Marcondes,3500808,marcondense,CELSO PIRANI PASSOS,118.915,4445,37.38,4556,98.6,0.741,-,40469408.5,37671857.23,28649.11,
Altair,3500907,altairense,MARCO ANTONIO FERREIRA,313.007,3451,11.03,3479,96,0.687,41.67,43277037.31,37332658.89,26662.17,
Altinópolis,3501004,altinopolense,HUELDER DONIZETE MALAGUTTI FERREIRA,928.956,16818,18.10,17156,99.3,0.730,13.07,132980184.19,113555752.67,51377.61,
Alto Alegre,3501103,alto-alegrense,CARLOS SUSSUMI IVAMA,318.574,3841,12.06,3883,95.1,0.700,-,43706858.55,38756483.7,27853.08,
Alumínio,3501152,aluminense,ANA PAULA DE CASSIA NETTO,83.619,17301,206.90,17591,98.8,0.766,17.24,176139873.71,168717241.43,210670.96,
Álvares Florence,3501202,alvares florencense,ADILSON BATISTA LEITE,362.411,3915,10.80,3978,99.3,0.728,-,42395411.15,36851486.63,34389.1,
Álvares Machado,3501301,machadense,LUIZ FRANCISCO BOIGUES,347.647,27255,78.40,28250,98.3,0.758,11.94,137502534.36,119633561.39,28306.72,
Álvaro de Carvalho,3501400,carvalhense,ADILSON DE OLIVEIRA LOPES,153.662,4808,31.29,4896,99.2,0.688,62.5,36148145.26,33809957.04,11012.49,
Alvinlândia,3501509,alvinlandense,ANTONIO FERREIRA DE MORAES JUNIOR,84.879,2885,33.99,2923,99.3,0.722,-,31395901.61,28621964.75,17965.24,
Americana,3501608,americanense,FRANCISCO ANTONIO SARDELLI,133.912,237240,1771.61,246655,98,0.811,8.65,1467236512.91,1403835017.65,62271.47,
Américo Brasiliense,3501707,américo-brasiliense,TEREZINHA APARECIDA VIVEIROS DE SOUZA,122.958,33019,268.54,33757,98.6,0.751,16.3,190433743.85,172127189.75,29617.13,
Américo de Campos,3501806,americampense,RAFAEL GIMENEZ MARIOTO,252.876,5870,23.21,5975,98.2,0.745,-,48197355.01,42720088.82,21158.4,
Amparo,3501905,amparense,CARLOS ALBERTO MARTINS,445.323,68008,152.72,69717,95.7,0.785,5.55,554019302.52,485374609.36,70437.56,
Analândia,3502002,analandense,SILVANA MARCIA PERIN CAMPBELL PENNA,325.953,4589,14.08,4684,99.7,0.754,19.23,58881840.58,54518990.82,40726.1,
Andradina,3502101,andradinense,MARIO CELSO LOPES,964.226,59783,62.00,61473,98.2,0.779,18.05,345384998.84,300905614.25,49703.65,
Angatuba,3502200,angatubense,NICOLAS BASILE ROCHEL,1027.288,24022,23.38,24512,98.3,0.719,9.4,167886919.73,149834474.73,57306.48,
Anhembi,3502309,anhembiense,JAIRO DE GÓIS,736.557,5674,7.70,5766,97.2,0.721,43.48,66831997.47,61895293.46,24534.54,
Anhumas,3502408,anhumense,ADAILTON CESAR MENOSSI,320.840,4023,12.54,4108,98.3,0.741,-,48206999.48,41041136.56,25316.58,
Aparecida,3502507,aparecidense,JOSE LUIZ RODRIGUES,120.890,32569,269.41,33223,98.4,0.755,26.32,218514508.92,210860025.66,28750.03,
Aparecida d'Oeste,3502606,aparecidense,IZAIAS APARECIDO SANCHEZ,179.004,4086,22.83,4124,97.7,0.721,-,41068260.86,38938251.91,36763.62,
Apiaí,3502705,apiaiense,SERGIO VICTOR BORGES BARBOSA,974.322,24585,25.23,24886,97.3,0.710,9.49,152383724.41,138951360.07,37278.88,
Araçariguama,3502754,araçariguamense,RODRIGO DE ANDRADE,145.204,21522,148.22,22168,98.2,0.704,9.06,247324899.93,265757014.06,206250.44,
Araçatuba,3502804,araçatubense,LUCAS PAVAN ZANATTA,1167.126,200124,171.47,207775,97.6,0.788,14.18,1085202504.98,1055155552.93,45268.6,
Araçoiaba da Serra,3502903,araçoiabano,JOSÉ CARLOS DE QUEVEDO JUNIOR,255.305,32443,127.08,33656,99.4,0.776,21.22,234498020.25,227640492.87,34075.1,
Aramina,3503000,araminense,LUIS SÉRGIO CELESTE JORGE,202.829,5420,26.72,5526,98.7,0.740,-,49062547.88,43903724.52,26415.31,
Arandu,3503109,aranduense,FLAVIO CARLOMAGNO GALHEGO,285.908,6885,24.08,7050,98.4,0.685,36.59,69833316.95,63513197.11,30569.27,
Arapeí,3503158,arapeiense,RENÊ LÚCIO GONÇALVES,156.903,2330,14.85,2355,98.7,0.680,-,39416153.74,38795813.22,18584.03,
Araraquara,3503208,araraquarense,LUIS CLAUDIO LAPENA BARRETO,1003.625,242228,241.35,252318,98.7,0.815,14.64,1853090162.3,1777396870.35,49692.93,
Araras,3503307,ararense,IRINEU NORIVAL MARETTO,644.831,130866,202.95,135331,97.5,0.781,9.15,992147262.24,1055730697.49,50772.4,
Arco-Íris,3503356,arcoirense,ALDO MANSANO FERNANDES,264.904,2044,7.72,2085,99.1,0.722,-,34085521.91,28987307.87,35382.28,
Arealva,3503406,arealvense,PAULO JULIANO NICOLIELO JUNIOR,506.226,8130,16.06,8280,99.6,0.744,-,59458512.08,55541738.45,26206.9,
Areias,3503505,areiense,RODRIGO JOSE RAMOS DE OLIVEIRA,305.227,3577,11.72,3625,96.8,0.697,37.74,45692007.27,44605650.62,14877.99,
Areiópolis,3503604,areiopolitano,MICHEL HENRIQUE AUGUSTO,85.907,10130,117.92,10257,97.3,0.695,39.37,66850682.72,66509756.78,14577.19,
Ariranha,3503703,ariranhense,EMERSON ANTONIO TROVÓ,132.624,7602,57.32,7653,99.6,0.733,-,70695208.84,67943426.22,115410.74,
Artur Nogueira,3503802,nogueirense,LUCAS SIA RISSATO,178.026,51456,289.04,53157,98.3,0.749,1.65,319157474.04,308062799.62,30610.29,
Arujá,3503901,arujaense / arujano,LUIS ANTONIO DE CAMARGO,96.167,86678,901.33,89943,98.2,0.784,13.18,655276111.01,600366081.39,89703.63,
Aspásia,3503950,aspasiense,IVAN DE PAULA,69.373,1842,26.55,1873,97.1,0.735,-,31674801.57,24980474.48,21788.35,
Assis,3504008,assisense,TELMA GONCALVES CARNEIRO SPERA DE ANDRADE,460.609,101409,220.16,104642,98.9,0.805,12.49,639233100.22,648630967.3,38598.78,
Atibaia,3504107,atibaiano,DANIEL DA ROCHA MARTINI,478.521,158647,331.54,166043,97.3,0.765,11.35,1293002954.41,1255111549.73,57512.36,
Auriflama,3504206,auriflamense,KATIA CONCEIÇÃO MORITA DE CARVALHO,434.498,13692,31.51,13873,98.8,0.773,15.15,87714317.09,84911843.08,23409.76,
Avaí,3504305,avaiense,HELLEN FERNANDES RODRIGUES COELHO,540.689,4483,8.29,4519,99.4,0.714,14.29,54228875.89,46901573.14,68793.46,
Avanhandava,3504404,avanhandavense,NORBERTO CESAR BERALDO,338.370,11263,33.29,11438,97.2,0.705,7.69,79433258.17,70174353.02,14178.27,
Avaré,3504503,avareense,ROBERTO DE ARAUJO,1213.055,92805,76.51,96098,97.9,0.767,20.17,593541160.24,519109752.16,35721.22,
Bady Bassitt,3504602,badiense,JANIMEIRI CATELANI BUZZI,110.372,27260,246.98,28909,98.5,0.746,5.48,172490974.52,156459039.57,30636.12,
Balbinos,3504701,balbinense,JOSE MARCIO RIGOTTO,91.635,3887,42.42,3963,98.9,0.669,-,29592681.88,23479529.56,10674.14,
Bálsamo,3504800,balsamense,JOSE EDUARDO NALIATI JUNIOR,149.881,9596,64.02,9854,99,0.756,10.53,62192538.6,56544571.07,30257.55,
Bananal,3504909,bananalense,WILLIAM LANDIM DA SILVA,616.429,9969,16.17,10109,97.1,0.733,21.51,79694671.28,70292894.89,19568.66,
Barão de Antonina,3505005,barãoense,RODRIGO WALDEMAR MARQUES,153.142,3531,23.06,3618,100,0.711,-,37720370.32,31330760.66,21264.23,
Barbosa,3505104,barbosano,RODRIGO PRIMO ANTUNES,205.212,5640,27.48,5659,98.4,0.699,-,50075629.73,44420167.33,14488.16,
Bariri,3505203,baririense,AIRTON LUIS PEGORARO,444.405,31595,71.10,32405,96.3,0.750,10.72,189877688.21,174177245.91,45290.86,
Barra Bonita,3505302,barra-bonitense,MANOEL FABIANO FERREIRA FILHO,150.121,34346,228.79,35159,99.8,0.788,14.55,235125457.93,222279660.79,41955.79,
Barra do Chapéu,3505351,barrense,IVANIL NORBERTO PEREIRA NOLASCO,405.681,5179,12.77,5256,96.9,0.660,43.48,48798836.44,42996723.73,23082.16,
Barra do Turvo,3505401,barra-turvense,VICTOR MARUYAMA,1007.684,6876,6.82,6922,95.6,0.641,12.82,72241915.01,63986464.28,16542.32,
Barretos,3505500,barretense,ODAIR DE MOURA E SILVA,1566.161,122485,78.21,126600,97.8,0.789,8.73,1075459990.57,1146526154.93,47783.95,
Barrinha,3505609,barrinhense,MARIA LÚCIA TERESINHA GROTTA,146.025,32092,219.77,33181,97.5,0.725,14.32,175955482.31,159359645.86,18630.66,
Barueri,3505708,barueriense,JOSE ROBERTO PITERI,65.701,316473,4816.87,330339,97.8,0.786,5.88,5629537893.19,5230632951.25,207460.98,
Bastos,3505807,bastense,KLEBER LOPES DE SOUSA,170.912,21503,125.81,21900,98.5,0.751,12.99,148502038,126693283.01,50936.28,
Batatais,3505906,batataense,LUIS FERNANDO BENEDINI GASPAR JUNIOR,849.526,58402,68.75,59873,97.7,0.761,15.85,380272771.45,356289080.19,38097.08,
Bauru,3506003,bauruense,SUÉLLEN SILVA ROSIM,667.684,379146,567.85,391740,96.9,0.801,8.3,2009862846.84,2265239216.35,43806.93,
Bebedouro,3506102,bebedourense,LUCAS GIBIN SEREN,683.192,76373,111.79,78210,98.5,0.780,7.66,523453081.43,515675424.12,52575.43,
Bento de Abreu,3506201,bento-abreuense,TEREZINHA DO CARMO SALESSE,301.687,2606,8.64,2642,97.9,0.744,-,40210292.94,36589337.41,69504.55,
Bernardino de Campos,3506300,bernardinense,WILSON JOSE GARCIA,244.158,11607,47.54,11852,98.3,0.734,-,78657217.28,66603548.62,33842.25,
Bertioga,3506359,bertioguense,MARCELO HELENO VILARES,491.546,64188,130.58,66873,98.1,0.730,20.18,1036554597.19,1018369761.51,31255.51,
Bilac,3506409,bilaquense,ANTÔNIO FERREIRA LOUREIRO,158.025,7319,46.32,7455,99,0.768,-,63888997.46,61528316.92,35693.15,
Birigui,3506508,biriguiense,SAMANTA PAULA ALBANI BORINI,530.031,118979,224.48,122988,98,0.780,8.27,699605082.48,654509622.25,31305.12,
Biritiba Mirim,3506607,biritibano,CARLOS ALBERTO TAINO JUNIOR,317.406,29683,93.52,30526,97.7,0.712,8.93,167080951,161533410.67,29190.32,
Boa Esperança do Sul,3506706,boa-esperancense,JOSÉ MANOEL DE SOUZA,690.748,12978,18.79,13135,96,0.681,-,114070361.61,102970942.88,25197.09,
Bocaina,3506805,bocainense,CAIO AUGUSTO CREPALDI,363.926,11259,30.94,11467,99.3,0.742,-,77477911.63,67659687.02,22429.71,
Bofete,3506904,bofetense,EUGENIO CARLOS ALVES,653.541,10460,16.01,10688,95.1,0.705,15.5,86241447.42,83478499.4,17546.39,
Boituva,3507001,boituvense,EDSON JOSE MARCUSSO,248.954,61081,245.35,63415,98.7,0.780,14.81,449143410.96,446784449.64,53597.04,
Bom Jesus dos Perdões,3507100,perdoense,SÉRGIO FERREIRA,108.366,22006,203.07,22501,97.7,0.713,3.34,174884089.11,169009946.09,55196.42,
Bom Sucesso de Itararé,3507159,bom sucessiense,DIRCEU PACHECO DE OLIVEIRA,133.578,3555,26.61,3610,98.3,0.660,-,35832471.02,29264814.39,15912.41,
Borá,3507209,boraense,LUIZ CARLOS RODRIGUES,118.951,907,7.62,928,94.6,0.746,-,28035502.58,22341829.49,88432.72,
Boracéia,3507308,boraceense,MARCOS VINICIO BILANCIERI,122.110,4715,38.61,4823,99.3,0.754,34.48,47483509.16,41988893.58,105669.34,
Borborema,3507407,borboremense,SHEILA MARIA GONÇALVES DE OLIVEIRA,552.256,14226,25.76,14415,98.3,0.730,7.81,111619005.67,96474601.29,31833.29,
Borebi,3507456,borebiense,ANDERSON PINHEIRO DE GOES,347.989,2713,7.80,2787,99.5,0.705,-,49455535.03,39867113.34,27255.19,
Botucatu,3507506,botucatuense,FABIO VIEIRA DE SOUZA LEITE,1482.642,145155,97.90,150442,97.8,0.800,7.7,856487647.25,786527804.6,39937.48,
Bragança Paulista,3507605,bragantino,EDMIR JOSE ABI CHEDID,512.584,176811,344.94,184634,97,0.776,9.46,1087095485.08,1112622400.55,46153.09,
Braúna,3507704,braunense,MAICON APARECIDO SUBIRES RIBEIRO,195.176,5356,27.44,5466,98.6,0.737,16.13,46258962.25,43444794.32,20826.02,
Brejo Alegre,3507753,brejoalegrense,RAFAEL ALVES DOS SANTOS,105.689,2565,24.27,2605,95.9,0.710,37.04,33773461.96,29753737.21,25996.26,
Brodowski,3507803,brodosquiano,FÁBIO MAXIMINIANO VERCEZI SEVERI,278.458,25201,90.50,26167,97.5,0.755,7.72,202346025.25,156364106.14,34947.5,
Brotas,3507902,brotense,ALEXSANDRA BERTO BRANDÃO,1101.373,23898,21.70,24423,99.1,0.740,10.99,208474120.18,182763044.57,45209.02,
Buri,3508009,buriense,GERMANO ALMEIDA PESCHEL,1196.463,20250,16.92,20674,98.5,0.667,13.47,152340737.01,137366807.56,34121.21,
Buritama,3508108,buritamense,TIAGO LUIZ DE OLIVEIRA,326.921,17210,52.64,17597,96.7,0.763,11.3,143074742.83,127076209.77,36037.97,
Buritizal,3508207,buritinense,DANIEL SARRETA,266.420,4356,16.35,4447,99.4,0.735,-,60912326.53,54500859.99,53769.11,
Cabrália Paulista,3508306,cabraliense,ODEMIL ORTIZ DE CAMARGO,239.974,4299,17.91,4362,97.5,0.694,-,39777492.28,36417865.73,24368.03,
Cabreúva,3508405,cabreuvano,NOEMI MEDEIROS BERNARDES,260.234,47011,180.65,48473,97.3,0.738,8.22,415020740.75,412948379.89,116591.7,
Caçapava,3508504,caçapavense,YAN LOPES DE ALMEIDA,368.990,96202,260.72,99678,98,0.788,15.37,546697312.17,485187958.2,54458.95,
Cachoeira Paulista,3508603,cachoeirense,BRENO BARBOSA ANAYA XAVIER,287.990,31564,109.60,32482,98,0.764,-,146858581.25,143763552.54,19914.05,
Caconde,3508702,cacondense,JOSÉ AFONSO DE PAIVA,468.214,17101,36.52,17266,97.7,0.720,15.79,97395379.47,84370895.51,30182.07,
Cafelândia,3508801,cafelandense,TAIS FERNANDA MAIMONI CONTIERI SANTANA,920.280,16654,18.10,16905,96.7,0.742,11.11,119390346.97,103614048.18,38094.8,
Caiabu,3508900,caiabuense,SUELEN NARA MATOS MATIVE,253.352,3712,14.65,3745,98.9,0.729,-,35945580.52,29285389.67,16640.38,
Caieiras,3509007,caieirense,GILMAR SOARES VICENTE,97.642,95032,973.27,98257,94.8,0.781,13.95,565222575.12,514299657.55,46700.03,
Caiuá,3509106,caiuense,JAYME SALVADOR ALVES,551.159,5466,9.92,5585,99.3,0.697,31.25,54665014.41,50094586.38,15997.16,
Cajamar,3509205,cajamarense,KAUAN BERTO SOUSA SANTOS,131.386,92689,705.47,97363,96.5,0.728,15.33,1261246208.58,1154550747.79,287384.67,
Cajati,3509254,cajatiense,LUIZ HENRIQUE KOGA,454.489,28515,62.75,29257,98.4,0.694,21.9,216818009.74,201539634.16,61714.65,
Cajobi,3509304,cajobiense,MARCIO DONIZETI BARBARELLI,176.929,9133,51.62,9232,99.7,0.734,-,62454637.49,56241487.97,16049.99,
Cajuru,3509403,cajuruense,ALEX MORETINI,660.088,23830,36.10,24217,97.1,0.713,19.69,122748289.38,121135629.41,28623.2,
Campina do Monte Alegre,3509452,campinomontealegrense,MARCELO LISBÔA MACHADO,184.479,5954,32.27,6077,97.5,0.717,-,49235546.76,43977749.37,24817.17,
Campinas,3509502,campineiro,DÁRIO JORGE GIOLO SAADI,794.571,1139047,1433.54,1185977,96,0.805,8.65,9177638154.29,9363240383.86,59634.21,
Campo Limpo Paulista,3509601,campo-limpense,ADEILDO NOGUEIRA DA SILVA,79.403,77632,977.70,79663,96.7,0.769,12.49,478044190.71,439244344.18,29291.03,
Campos do Jordão,3509700,jordanense,CARLOS EDUARDO PEREIRA DA SILVA,289.981,46974,161.99,47983,97.1,0.749,12.18,393287886.68,395669211.81,27503.81,
Campos Novos Paulista,3509809,campos-novense,FLAVIO FERMINO EUFLAUZINO,484.199,4888,10.10,4991,97.9,0.706,20,60856532.45,54071041.4,38724.17,
Cananéia,3509908,cananeiense,ANDRE NOGUEIRA SANCHES,1237.354,12289,9.93,12489,97.3,0.720,6.33,96153007.61,85234147.92,21082,
Canas,3509957,canense,GUSTAVO ZANIN LUCENA FAMADAS,53.261,4931,92.58,5049,98.3,0.704,12.66,37264951.21,37543598.5,24688.77,
Cândido Mota,3510005,cândido-motense,ERALDO JOSE PEREIRA,595.811,29449,49.43,30172,98.2,0.747,9.01,211924415.88,198836904.32,48339.61,
Cândido Rodrigues,3510104,cândido-rodriguense,TIAGO ALEX RAVAZZI,70.892,2889,40.75,2951,99,0.789,-,37480832.78,38628518.63,38184.58,
Canitar,3510153,canitarense,JOEL RODRIGUES,57.459,6283,109.35,6524,96.1,0.680,20.41,45962523.77,40615943.09,30627.93,
Capão Bonito,3510203,capão-bonitense,JULIO FERNANDO GALVÃO DIAS,1640.229,46337,28.25,47403,98.7,0.721,8.5,282593549.69,260950760.78,26945.89,
Capela do Alto,3510302,capelense,HENRIQUE DANIEL LEME,169.890,22866,134.59,23597,96.5,0.699,3.62,143157013.69,122857725.17,18457.62,
Capivari,3510401,capivariano,VITOR HUGO RICCOMINI,322.878,50068,155.07,51318,97.3,0.750,11.31,444924418.88,412458900.96,52495.21,
Caraguatatuba,3510500,caraguatatubense,MATEUS VENEZIANI DA SILVA,484.947,134873,278.12,141084,97.7,0.759,11.06,1404905153.17,1340334903.17,36201.7,
Carapicuíba,3510609,carapicuibano,JOSE ROBERTO DA SILVA,34.546,386984,11201.99,398462,96.2,0.749,14.26,1071515151.98,912610417.34,16909.54,
Cardoso,3510708,cardosense,LUÍS PAULO BEDNARSKI PEDRASSOLLI,639.248,11345,17.75,11491,96.8,0.722,9.43,87705969.1,84749750.29,25957.47,
Casa Branca,3510807,casa-branquense,ANTONIO EDUARDO MARÇON NOGUEIRA,864.225,28083,32.50,28786,96.9,0.730,11.15,214245408.61,191880957,38464.9,
Cássia dos Coqueiros,3510906,cassiano,SILVIO SANTOS DOS REIS FARIA,191.683,2799,14.60,2855,99.5,0.734,-,33730425.87,29262324.21,117809.94,
Castilho,3511003,castilhense,PAULO DUARTE BOAVENTURA,1065.318,19977,18.75,20418,99.1,0.731,9.8,182453257.71,154607421.16,64508.48,
Catanduva,3511102,catanduvense,OSVALDO DE OLIVEIRA ROSA,290.596,115791,398.46,119172,98.1,0.785,13.01,779570473.61,813801631.89,42386.42,
Catiguá,3511201,catigüense,CLAUDEMIR JOSE GRAVA,148.393,7003,47.19,7105,98.4,0.751,-,45220188.82,42066099.52,19342.42,
Cedral,3511300,cedralense,IRINEO BEOLCHI JUNIOR,197.838,12618,63.78,13160,98.7,0.766,-,94565623.59,89982316.85,56401.2,
Cerqueira César,3511409,cerqueirense,DIEGO AUGUSTO BERTI CINTO,511.621,21469,41.96,22076,98.2,0.729,8.06,143045517.05,135240203.49,46928.25,
Cerquilho,3511508,cerquilhense,PAULO ROBERTO PILON,127.803,44695,349.72,46217,99.6,0.782,6.28,290186454.23,306513880.75,46293.89,
Cesário Lange,3511607,cesariano-lange,RAMIRO DE CAMPOS,190.392,19048,100.05,19588,96.3,0.706,19.92,123506309.63,114317602.28,39826.25,
Charqueada,3511706,charqueadense,RODRIGO DE ARRUDA,175.846,15535,88.34,15798,97.9,0.736,16.85,100932269.71,88136152.07,29370.12,
Clementina,3511904,clementinense,GILSON ROBERTO RODRIGUES CRIOLEZIO,168.590,6982,41.41,7087,98,0.725,23.81,54742997.68,44445725.56,20959.14,
Colina,3512001,colinense,VALDEMIR ANTONIO MORALLES,422.303,18486,43.77,18842,98.4,0.757,4.9,176326170.57,155481100.46,82881.19,
Colômbia,3512100,colombiense,JULIO CÉSAR DOS SANTOS,728.648,6629,9.10,6781,99.2,0.710,9.62,93527495.47,84064634.88,59974.07,
Conchal,3512209,conchalense,ORLANDO CALEFFI JUNIOR,182.793,28101,153.73,29034,96.7,0.708,24.19,200410319.81,176795759.32,30159.5,
Conchas,3512308,conchense,PAULO NUNES DE ALMEIDA,466.120,15232,32.68,15381,97.6,0.736,5.35,110333974.51,90895541.24,23872.16,
Cordeirópolis,3512407,cordeiropolense,MARIA CRISTINA DEGASPARI ABRAHÃO SAAD,137.579,24514,178.18,25130,96.7,0.758,14.65,320369995.99,289524944.89,163554.17,
Coroados,3512506,coroadense,ROBERTO CARRILHO ALVES,246.825,5400,21.88,5498,98.3,0.719,21.28,48807693.86,49473856.11,35303.73,
Coronel Macedo,3512605,macedense,DIEGO GARCIA BATISTA,303.830,4280,14.09,4295,99.1,0.690,22.73,53524932.33,44773651.93,30746.6,
Corumbataí,3512704,corumbataiense,JOÃO BATISTA ALTARUGIO FILHO,278.622,4195,15.06,4285,97,0.754,-,51353389.55,44525858.38,84731.24,
Cosmópolis,3512803,cosmopolense,ANTONIO CLAUDIO FELISBINO JUNIOR,154.665,59773,386.47,61204,98,0.769,11.48,362491715.31,332562280.35,28255.87,
Cosmorama,3512902,cosmoramense,NELSON NARCISO DA SILVEIRA JUNIOR,441.680,8719,19.74,8968,97.9,0.722,11.9,71470356.31,56762190.93,69530.67,
Cotia,3513009,cotiano,WELINGTON APARECIDO ALFREDO,323.994,274413,846.97,287004,97.5,0.780,12.08,1916168896.77,1814620463.78,62486.58,
Cravinhos,3513108,cravinhense,ITAMAR GOMES BUENO,311.423,33281,106.87,34252,98.1,0.756,25.5,268860651.69,272303672.33,48891.09,
Cristais Paulista,3513207,cristalense,ELSON GOMES DOS SANTOS,385.230,9272,24.07,9543,98.2,0.734,-,69895450.47,61707024.82,39369.07,
Cruzália,3513306,cruzaliense,ARILDO OSMAR DE MORO,149.330,2108,14.12,2129,97.8,0.774,-,37080833.08,30369714.88,68116.76,
Cruzeiro,3513405,cruzeirense,JOSE KLEBER LIMA SILVEIRA JUNIOR,305.699,74961,245.21,76513,97.6,0.788,14.47,408094850.52,403287651.57,38390.41,
Cubatão,3513504,cubatense,CESAR DA SILVA NASCIMENTO,142.879,112476,787.21,115082,98,0.737,23.01,1989789040.78,2040281781.62,165607.5,
Cunha,3513603,cunhense,RODRIGO SERGIO DO NASCIMENTO,1407.250,22110,15.71,22456,98,0.684,4.37,122167182.58,122773446.94,15269.84,
Descalvado,3513702,descalvadense,LUIS GUILHERME PANONE,753.706,31756,42.13,32622,98.6,0.760,9.26,218357167.01,197027626.08,61036.51,
Diadema,3513801,diademense,TAKAHARU YAMAUCHI,30.732,393237,12795.69,404118,96.8,0.757,12.53,2057978424.95,2165903559.21,43031.91,
Dirce Reis,3513850,dircense,MARCELO JOSÉ BERNARDO,88.133,1620,18.38,1641,100,0.741,-,32283557.29,27730737.22,38685.19,
Divinolândia,3513900,divinolandense,ANTONIO DE PADUA AQUISTI,223.749,11158,49.87,11314,98.6,0.734,23.81,77036994.79,87910733.54,44568.55,
Dobrada,3514007,dobradense,ANTONIO CARLOS DE MATTOS SANTOS,149.729,8759,58.50,8958,99.5,0.718,27.03,50104787.6,44541746.31,15286.82,
Dois Córregos,3514106,dois-correguense,ALCEU ANTONIO MAZZIERO,632.972,24510,38.72,24855,96.7,0.725,24.56,176091328.82,174053944.5,30150.85,
Dolcinópolis,3514205,dolcinopolense,DIEGO APARECIDO PEREIRA MIGUEL,77.939,2207,28.32,2250,100,0.742,-,29828243.89,24311571.49,27963.37,
Dourado,3514304,douradense,LUIZ ANTONIO ROGANTE JUNIOR,205.874,8096,39.33,8186,100,0.738,12.2,72502084.77,64990908.97,90318.49,
Dracena,3514403,dracenense,GENI PEREIRA LOBO PESIN,487.688,45474,93.24,46664,98.2,0.776,13.39,262198725.67,249133171.32,30557.62,
Duartina,3514502,duartinense,SUZY HELENA SIMÃO BLAGITZ FERRAZ,264.557,12328,46.60,12529,98.3,0.748,13.61,78642384.06,68418754.67,20338.59,
Dumont,3514601,dumonense,ROGERSON APARECIDO BURJALON RUIZ,111.376,9471,85.04,9719,97.6,0.744,11.76,72318901.94,68986737.61,33647.69,
Echaporã,3514700,echaporense,RONALDO GAZETA,515.258,6205,12.04,6295,98.8,0.745,12.66,56809369.71,50710356.54,25295.64,
Eldorado,3514809,eldoradense,NOEL CASTELO DA COSTA,1654.256,13069,7.90,13162,97.3,0.691,30.3,100188054.77,86023766.25,21122.95,
Elias Fausto,3514908,elias-faustense,JOAQUIM ANTONIO DE CAMPOS BICUDO,202.360,17699,87.46,18103,97.3,0.695,11.11,143975618.61,120519138.72,55521.14,
Elisiário,3514924,elisiarense,CASSIO ROBERTO BERTELLI,93.980,3138,33.39,3189,98.6,0.747,-,34555364.49,29220315.18,20323.57,
Embaúba,3514957,embaubense,NERCILIO PINHEIRO DA SILVA,83.129,2323,27.94,2353,100,0.730,-,30037265.75,27131747.47,23385.21,
Embu das Artes,3515004,embuense,HUGO DO PRADO SANTOS,70.398,250691,3561.05,259323,96.8,0.735,14.41,1500039359.7,1382112323.71,51258.86,
Embu-Guaçu,3515103,embu-guaçuense,ANDRÉ GEORGE NERES DE FARIAS,155.641,66970,430.29,68805,97.1,0.749,6.22,314769066.24,313901289.43,20683.01,
Emilianópolis,3515129,emilianópolense,ELTON MUNHOZ DE SOUZA,225.167,3014,13.39,3062,97.3,0.727,24.39,33631435.66,29750968.23,24451.77,
Engenheiro Coelho,3515152,engenheiro coelhense,PEDRO FRANCO DE OLIVEIRA,109.941,19566,177.97,20139,98.5,0.732,7.12,125811886.68,119716558.83,30446.44,
Espírito Santo do Pinhal,3515186,pinhalense,SERGIO DEL BIANCHI JUNIOR,389.235,39816,102.29,40681,97.9,0.787,21.79,218236266.55,191940220.16,46311.65,
Espírito Santo do Turvo,3515194,espírito santense,GILBERTO NASCIMENTO BERTOLINO,193.666,4157,21.46,4217,97.4,0.696,-,46411362.81,40444620.54,18630.23,
Estrela d'Oeste,3515202,estrelense,PEDRO DE SENZI NETO,296.281,9417,31.78,9655,99,0.760,10.1,82955239.03,84240468.13,89460.5,
Estrela do Norte,3515301,estrelense,ALBERTO MARTINS DE OLIVEIRA,264.987,2703,10.20,2749,98.9,0.740,62.5,36965356.44,33404099.97,22511.33,
Euclides da Cunha Paulista,3515350,euclidense,DOMINGOS MENTE LOPES,573.894,7924,13.81,7928,98.5,0.704,-,56502199.85,55481203.93,14708.88,
Fartura,3515400,farturense,LUIZ MARCOS DE SOUZA,429.171,16641,38.77,16984,97.4,0.732,6.02,107073871.87,91846845.97,29419.47,
Fernandópolis,3515509,fernandopolense,JOÃO PAULO SALES CANTARELLA,549.797,71186,129.48,73286,99.4,0.797,10.4,399282516.33,398976686.5,35430.06,
Fernando Prestes,3515608,fernando-prestense,MARIEL SEBASTIÃO ROCHA,169.990,5942,34.95,6066,96.5,0.758,22.22,53807199.26,47517917.22,35416.65,
Fernão,3515657,fernãoense,EBER ROGÉRIO ASSIS,100.504,1656,16.48,1689,99.1,0.703,-,33318076.66,30725111.4,46552.1,
Ferraz de Vasconcelos,3515707,ferrazense,PRISCILA CONCEIÇÃO GAMBALE VIEIRA MATOS,29.547,179198,6064.85,185622,97.6,0.738,13.6,732618633.68,652083105.99,23863.13,
Flora Rica,3515806,flora-riquense,FABIO LUIZ FLORENTINO DE FARIA,224.711,1487,6.62,1492,99.1,0.727,-,30526862.7,26662260.91,30176.19,
Floreal,3515905,florealense,RAUL SCALON,204.236,2733,13.38,2756,96.2,0.747,-,40100062.45,37222405.1,28393.24,
Flórida Paulista,3516002,floridense,JOSÉ ANDRIOTTI,524.138,12958,24.72,13171,98.9,0.715,-,71982931.56,61126219.27,17731.75,
Florínea,3516101,florinense ou florineano,SERGIO LOPES DA SILVA,225.886,3851,17.05,3987,96.6,0.713,-,47809917.9,43032628.54,65354.84,
Franca,3516200,francano,ALEXANDRE AUGUSTO FERREIRA,605.679,352536,582.05,364331,98.2,0.780,11.28,1458423545.03,1338255639.71,31450.1,
Francisco Morato,3516309,moratense,ILDO DA SILVA GUSMÃO,49.001,165139,3370.11,171107,95.8,0.703,11.65,693735232.77,639197034.15,10439.01,
Franco da Rocha,3516408,franco-rochense,LORENA RODRIGUES DE OLIVEIRA,132.775,144849,1090.94,149786,95.7,0.731,12.55,790316490.62,789145192.63,27126.51,
Gabriel Monteiro,3516507,monteirense,RENEE CREMA VIDOTO,138.681,2763,19.92,2811,99.7,0.763,34.48,34464155.16,30850221.84,33755.37,
Gália,3516606,galiense,JOSE SILVINO ZANIBONI JUNIOR,355.914,6380,17.93,6435,97,0.709,-,46350021.65,39936026.81,26907.52,
Garça,3516705,garcense,JOSÉ ALCIDES FANECO,555.807,42110,75.76,43115,98.1,0.769,28.63,288839412.87,274172127.93,38831.12,
Gastão Vidigal,3516804,vidigalense,DANIEL GUARNIERI CRIADO,180.569,3252,18.01,3235,96.6,0.723,-,35206623.07,34118840.42,17476.7,
Gavião Peixoto,3516853,gavionense,ADRIANO MARÇAL DA SILVA,243.766,4702,19.29,4797,98.7,0.719,-,92213960.53,84900757.23,244615.79,
General Salgado,3516903,salgadense,THIAGO FRANCISQUINI VIANA,494.376,10312,20.86,10449,98.5,0.747,36.04,80265347.3,79736233.98,25343.09,
Getulina,3517000,getulinense,MARIO TADEU CELESTINO RIBEIRO,676.755,10232,15.12,10355,99.4,0.717,-,69016187.16,61200545.59,18806.06,
Glicério,3517109,glicerense,HAIRTON KELSINE CARVALHO OLIVEIRA,272.800,4138,15.17,4173,98.5,0.735,-,49511388.55,43055965.39,25880.65,
Guaiçara,3517208,guaiçarense,FLAVIA RAMOS BITTENCOURT LEÃO CABRAL,277.154,11239,40.55,11459,98.4,0.739,13.07,76962054.78,70979664.22,18704.97,
Guaimbê,3517307,guaimbeense,MARCIA HELENA PEREIRA CABRAL ACHILLES,217.811,5512,25.31,5606,99,0.728,18.87,47179885.23,44429044.76,76293.81,
Guaíra,3517406,guairense,ANTONIO MANOEL DA SILVA JUNIOR,1258.465,39279,31.21,40424,97.8,0.753,23.2,359463129.77,353255717.61,65519.59,
Guapiaçu,3517505,guapiaçuense,CARLOS CESAR ZAITUNE,325.126,21711,66.78,22316,98,0.725,11.76,141752995.93,136286703.6,40585.65,
Guapiara,3517604,guapiense,JOSÉ MATHEUS RODOLFO DE FREITAS,408.292,17071,41.81,17256,96.7,0.675,-,102588731.69,91531094.96,25989.08,
Guará,3517703,guaraense,FILIPE FURTADO DA ROCHA,362.183,18606,51.37,18790,98,0.718,10.75,142873056.41,134359674.73,28896.21,
Guaraçaí,3517802,guaraçaiense,AIRTON JOSÉ GOMES,569.197,7441,13.07,7486,98,0.719,-,59922965,54596088.27,39546.1,
Guaraci,3517901,guaraciense,RENATO AZEDA RIBEIRO DE AGUIAR,641.501,10350,16.13,10542,97,0.737,11.11,109018951.33,104914553.38,32986.54,
Guarani d'Oeste,3518008,guaraniense,EDMILSON PIRES DO CARMO,85.700,1968,22.96,1999,95.6,0.732,-,30579496.84,26956289.81,18556.87,
Guarantã,3518107,guarantãense,MARCOS ROBERTO FRUGERI,461.746,6427,13.92,6531,98.9,0.713,-,50531228.69,44970912.33,29367.05,
Guararapes,3518206,guararapense,ALEX PERAMO DE ARRUDA,955.637,31043,32.48,31872,99.6,0.763,14.39,198589408.21,178007504.68,36072.94,
Guararema,3518305,guararemense,JOSÉ LUIZ EROLES FREIRE,270.816,31236,115.34,32436,97.3,0.731,9.17,421621172.58,392650164.74,50771.09,
Guaratinguetá,3518404,guaratinguetaense,ANTONIO GILBERTO FILIPPO FERNANDES JUNIOR,752.636,118044,156.84,121710,97.8,0.798,11.33,653124417.45,570979283.66,63948,
Guareí,3518503,guareiense,REINALDO VICENTE DE SOUZA,567.884,15013,26.44,15268,96.3,0.687,6.94,92417327.87,83423186.17,16300.18,
Guariba,3518602,guaribense,FRANCISCO DIAS MANCANO JUNIOR,270.289,37498,138.73,38609,97.3,0.719,5.31,224629564.95,207893377.08,27783.09,
Guarujá,3518701,guarujaense,FARID SAID MADI,144.794,287634,1986.50,294973,95.9,0.751,13.49,2664438125.54,2594277252.47,32292.29,
Guarulhos,3518800,guarulhense,LUCAS SANCHES PROMESSIA,318.675,1291771,4053.57,1345364,97.1,0.763,13.31,7413937528.23,6770423310.08,55084.22,
Guatapará,3518859,guataparaense,AILTON APARECIDO DA SILVA,413.567,7320,17.70,7462,99.1,0.743,22.73,59860166.02,50775143.42,31618.94,
Guzolândia,3518909,guzolandense,LUIZ ANTONIO PEREIRA DE CARVALHO,252.477,4246,16.82,4276,85.3,0.697,54.55,38416122.9,31586160.38,17505.62,
Herculândia,3519006,herculandense,PAULO SERGIO DE OLIVEIRA,364.252,9125,25.05,9302,98.4,0.727,18.35,67643413.39,66315002.71,36890.4,
Holambra,3519055,holambrense,FERNANDO HENRIQUE CAPATO,65.577,15094,230.17,15596,98.8,0.793,9.3,163919161.56,158115322.25,93777.73,
Hortolândia,3519071,hortolandense,JOSE NAZARENO ZEZE GOMES,62.416,236641,3791.35,247331,97.5,0.756,7.44,1645180347.43,1587532665.76,77357.5,
Iacanga,3519105,iacanguense,APARECIDA DE FÁTIMA PINHEIRO,547.393,10437,19.07,10633,96.7,0.745,32.26,94311360.2,84314960.12,54825.02,
Iacri,3519204,iacriense,CLEBER ROGERIO CERBANTES PANHOZZI,321.948,6131,19.04,6207,99.4,0.733,55.56,49948235.56,48676786.2,50533.65,
Iaras,3519253,iarense,PATRICK HERNANDES MORALES,401.381,8010,19.96,8257,98.5,0.674,14.08,57488608.22,51079108.02,17261.62,
Ibaté,3519303,ibateense,RONALDO RODRIGO VENTURI,290.977,32178,110.59,33110,97.6,0.703,9.52,174010853.17,169919137.87,32354.27,
Ibirá,3519402,ibiraense,NIVALDO DOMINGOS NEGRÃO,271.912,11690,42.99,11934,98.4,0.740,31.01,82737195.01,75786126.02,25170.21,
Ibirarema,3519501,ibiraremense,JOSE BENEDITO CAMACHO,228.230,6385,27.98,6461,97.4,0.708,16.39,62687755.62,54707477.24,30862.28,
Ibitinga,3519600,ibitinguense,FLORISVALDO ANTONIO FIORENTINO,689.391,60033,87.08,61908,95.8,0.747,20.59,335279969.46,318919956.52,32137.74,
Ibiúna,3519709,ibiunense,MARIO PIRES DE OLIVEIRA FILHO,1058.082,75605,71.45,77651,95.8,0.710,10.64,395319651.42,373438405.24,29609.37,
Icém,3519808,icense,APARECIDA SALISSO,362.355,7819,21.58,7969,98.5,0.720,13.16,82435760.92,76061144.61,25025.6,
Iepê,3519907,iepense,MARTA PATRICIA STONIS DA COSTA,594.974,7619,12.81,7739,97.9,0.736,32.61,74276693.84,67406904.63,52789.96,
Igaraçu do Tietê,3520004,iguaraçuense,CARLOS ALBERTO VARASQUIM,97.747,23106,236.39,23430,98.8,0.727,17.54,113743217.23,113833722.89,15357.34,
Igarapava,3520103,igarapavense,JOSÉ HUMBERTO LACERDA RODRIGUES,468.355,26212,55.97,26755,97.8,0.768,11.28,216618714.8,213201236.32,42208.35,
Igaratá,3520202,igaratense,GABRIEL GOMES PRIANTI DE JESUS,292.953,10605,36.20,10904,99.1,0.711,8.06,96448621.48,88311379.67,24936.71,
Iguape,3520301,iguapense,SALVADOR JOSÉ BARBOSA JUNIOR,1978.795,29115,14.71,29881,99.5,0.726,7.02,197075524.25,206103228.37,51053.14,
Ilhabela,3520400,ilhabelense,ANTONIO LUIZ COLUCCI,346.389,34934,100.85,36329,98.3,0.756,16.33,939802386.94,1185512473.73,385605.85,
Ilha Comprida,3520426,ilha compridense,MARISTELA OSÓRIO DE MARQUES CARDONA,196.567,13419,68.27,13955,98.2,0.725,35.71,143899723.81,143598048.96,118036.8,
Ilha Solteira,3520442,ilhense,RODRIGO BATISTA GONÇALVES,652.641,25549,39.15,26240,99.3,0.812,19.9,237297816.99,212984948.94,26261.81,
Indaiatuba,3520509,indaiatubano,CUSTÓDIO TAVARES DIAS NETO,311.545,255748,820.90,267796,98.2,0.788,7.12,2508036212.11,2226609289.59,87525.86,
Indiana,3520608,indianense,WHESLEN THIEGO SCAIONE CACHOEIRA,129.367,5090,39.35,5191,98,0.761,33.9,36739926.08,32432920.06,17846.96,
Indiaporã,3520707,indiaporãense,BERNADETE APARECIDA SANTANA RIBEIRO SPONQUIADO,279.606,4035,14.43,4109,98.5,0.751,-,45787394.23,38533745.21,28664.34,
Inúbia Paulista,3520806,inubense,FERNANDO ROSSI,87.119,3615,41.49,3671,98.3,0.759,38.46,34293477.39,27440232,33790.08,
Ipaussu,3520905,ipauçuense,LUIZ CARLOS SOUTO,209.554,13712,65.43,13933,97.9,0.727,14.08,98204168.02,89772041.17,32911.22,
Iperó,3521002,iperoense,LEONARDO ROBERTO FOLIM,170.289,36459,214.10,37999,98.9,0.719,9.26,207222291.88,189589426.86,25010.8,
Ipeúna,3521101,ipeunense,MARIA LUISA ZANONI PRATA,190.010,6831,35.95,6999,98.8,0.753,11.76,61782054.51,53534060.83,121154.37,
Ipiguá,3521150,ipiguaense,EFRAIM GARCIA LOPES,136.028,6761,49.70,7037,98.5,0.730,11.76,46585695.71,41632720.37,22360.76,
Iporanga,3521200,iporanguense,MARCOS DOS SANTOS DOMINGOS,1152.059,4046,3.51,4091,97.3,0.703,-,48532137.77,40823818.03,15181.67,
Ipuã,3521309,ipuãnense,RONYWERTON MARCELO ALVES PEREIRA,466.461,14454,30.99,14691,98,0.749,6.41,116926395.54,110209015.16,26361.5,
Iracemápolis,3521408,iracemapolense,NELITA CRISTINA MICHEL FRANCESCHINI,115.118,21967,190.82,22435,95.7,0.776,9.85,165698534.1,149488957.68,85178.34,
Irapuã,3521507,irapuense,RENI APARECIDA DA SILVA,257.612,6867,26.66,6946,97.9,0.713,10,49509622.92,43130774.58,22987.71,
Irapuru,3521606,irapuruense,ADEMAR CALEGÃO,214.461,7085,33.04,7145,95.1,0.712,15.63,43427510.84,37867257.4,13115.75,
Itaberá,3521705,itaberaense,CÉLIO RONALDO GOMES DE LIMA,1100.247,17983,16.34,18258,97.9,0.693,17.39,144042756.29,128651426.14,58380.87,
Itaí,3521804,itaiense,JOSE RAMIRO ANTUNES DO PRADO,1092.884,25180,23.04,25930,97.9,0.713,14.65,213807903.21,180990494.19,33471.94,
Itajobi,3521903,itajobiense,SIDIOMAR UJAQUE,502.066,16989,33.84,17420,94.9,0.730,14.15,144871389.45,124922113.92,61001.88,
Itaju,3522000,itajuense,JERRI DE SOUZA NEIVA,230.355,3618,15.71,3702,98.7,0.705,-,43178399,35992249.49,58993.27,
Itanhaém,3522109,itanhaense,TIAGO RODRIGUES CERVANTES,601.711,112476,186.93,117435,97.5,0.745,6.87,734753247.08,700319755.3,22704.86,
Itaoca,3522158,itaoquense,FREDERICO DIAS BATISTA,183.015,3422,18.70,3490,98.8,0.680,23.26,39691708.64,62794665.74,16009.98,
Itapecerica da Serra,3522208,itapecericano,RAMON PIRES CORSINI,150.742,158522,1051.61,163928,96.8,0.742,10.53,811067133.43,767345870.89,27338.58,
Itapetininga,3522307,itapetiningano,JEFERSON RODRIGO BRUN,1789.350,157790,88.18,163774,96.4,0.763,10.92,854810258.15,847524967.59,38058.01,
Itapeva,3522406,itapevense,ADRIANA DUCH MACHADO,1826.258,89728,49.13,92324,98.4,0.732,11.46,659695921.32,607161729.12,39783.21,
Itapevi,3522505,itapeviense,MARCOS FERREIRA GODOY,82.658,232297,2810.34,241924,96.5,0.735,11.82,1423169093.87,1410644864.75,52656.14,
Itapira,3522604,itapirense,ANTONIO HÉLIO NICOLAI,518.416,72022,138.93,73919,98,0.762,8.17,547367147.19,546178235.78,62845.44,
Itapirapuã Paulista,3522653,itapirapuã paulistense,JULIO CESAR DO AMARAL,406.478,4306,10.59,4405,99,0.661,-,39756475.5,32891041.75,12247.37,
Itápolis,3522703,itapolitano,VLADIMIR DO CARMO REGGIANI,996.747,39493,39.62,40464,98.4,0.744,18.67,267675897.32,238751165.87,37459.11,
Itaporanga,3522802,itaporanguense,FABIO BRUNO GURGEL BENINI,507.997,14085,27.73,14260,97.9,0.719,31.25,87440801.73,77297473.34,20103.59,
Itapuí,3522901,itapuiense,MARIA CLELIA VIARO PICHELLI,140.023,13659,97.55,13984,96.5,0.725,32.09,106739599.33,93739390.74,70205.57,
Itapura,3523008,itapurense,SERGINO DA SILVA PRADO,301.653,3979,13.19,4014,98,0.720,-,53517244.36,46901210.79,20950.66,
Itaquaquecetuba,3523107,itaquaquecetubense,EDUARDO BOIGUES QUEROZ,82.622,369275,4469.45,382521,96.4,0.714,15.95,1409597089.44,1296423547.08,25112.29,
Itararé,3523206,itarareense,JOÃO JORGE FADEL FILHO,1003.860,44438,44.27,45327,98,0.703,12.28,253889809.82,262711955.34,23286.15,
Itariri,3523305,itaririense,CARLOS ROCHA RIBEIRO,273.667,15528,56.74,15762,96.4,0.677,6.62,89586033.01,78580297.69,24725.72,
Itatiba,3523404,itatibense,THOMÁS ANTONIO CAPELETTO DE OLIVEIRA,322.269,121590,377.29,126403,97.8,0.778,11.66,838775664.91,826668243.61,66360.02,
Itatinga,3523503,itatinguense,PAULO HENRIQUE DE OLIVEIRA ROQUE,979.817,19070,19.46,19427,98,0.706,17.7,136773796.16,129975656.96,18764.35,
Itirapina,3523602,itirapinense,MARIA DA GRAÇA ZUCCHI MORAES,564.603,16148,28.60,16433,97.8,0.724,-,152124844.99,141630308.08,68413.96,
Itirapuã,3523701,itirapuãnense,GERSON LUIZ ALVES,161.118,5779,35.87,5861,99.1,0.707,-,37796440.06,37138212.22,24568.81,
Itobi,3523800,itobiano,JOAQUIM CÂNDIDO FILHO,138.986,8046,57.89,8210,98.6,0.717,-,41817934.55,35161796.78,25230.99,
Itu,3523909,ituano,HERCULANO CASTILHO PASSOS JUNIOR,640.719,168240,262.58,174561,94.3,0.773,10.93,1369293151.04,1360210213.71,59502.19,
Itupeva,3524006,itupevense,ROGÉRIO CAVALIN,200.876,70616,351.54,74119,97.4,0.762,10.38,643693910.71,568977470.78,130938.58,
Ituverava,3524105,ituveravense,LUIZ ANTÔNIO DE ARAÚJO,704.659,37571,53.32,38451,97.9,0.765,7.28,280907801.51,308614402.96,45131.05,
Jaborandi,3524204,jaborandiense,SILVIO VAZ DE ALMEIDA,273.438,6221,22.75,6293,98.3,0.711,63.83,62178948.01,58650963.12,22013.21,
Jaboticabal,3524303,jaboticabalense,EMERSON RODRIGO CAMARGO,706.602,71821,101.64,73467,97.9,0.778,6.94,544105892.32,552290883.15,46151.86,
Jacareí,3524402,jacareiense,CELSO FLORÊNCIO DE SOUZA,464.272,240275,517.53,249968,98.3,0.777,14,1575959376.28,1626216257.88,67874.93,
Jaci,3524501,jaciense,VALÉRIA PERPÉTUO GUIMARÃES HENRIQUE,145.133,7613,52.46,7878,97.7,0.723,-,63012678.92,55408470.65,92434.87,
Jacupiranga,3524600,jacupiranguense,JOÃO BATISTA DE ANDRADE,704.136,16097,22.86,16254,97.4,0.717,10.36,112700442.29,108193872.53,29651.56,
Jaguariúna,3524709,jaguariunense,DAVID HILARIO NETO,141.391,59347,419.74,61801,98,0.784,11.16,769415884.49,670065032.41,233328.91,
Jales,3524808,jalesense,LUIS HENRIQUE DOS SANTOS MOREIRA,368.574,48776,132.34,50017,98.9,0.776,10.06,274576682.36,297542300.15,40212.72,
Jambeiro,3524907,jambeirense,ARIES MARIOTO FERREIRA,184.413,6397,34.69,6575,97.7,0.756,-,63444825.75,60715839.01,51684.83,
Jandira,3525003,jandirense,HENRI HAJIME SATO,17.449,118045,6765.14,121988,96.9,0.760,13.99,617209619.87,632323590.5,38426.42,
Jardinópolis,3525102,jardinopolense,ANTONIO CARLOS DEGAN,501.870,45282,90.23,46868,97.1,0.735,12.63,278709091.68,241067934.96,34708.42,
Jarinu,3525201,jarinuense,DÉBORA CRISTINA DO PRADO BELINELLO,207.549,37535,180.85,39531,98.2,0.733,10.73,326065475.62,252484341.76,96153.71,
Jaú,3525300,jauense,JORGE IVAN CASSARO,687.103,133497,194.29,137323,97.8,0.778,13.96,748868060.46,638224927.1,36376.16,
Jeriquara,3525409,jeriquarense,ELAINE PINHEIRO DE PAULA MANSANO GARCIA,141.971,3863,27.21,3976,98,0.703,-,40011599.94,34144991.84,53750.36,
Joanópolis,3525508,joanopolitano,CRISTIANO BENEDITO,374.293,12815,34.24,13095,95.8,0.699,21.43,96268427.17,87454054.18,19442.33,
João Ramalho,3525607,ramalhense,DIRCE DA CONCEICAO BUBOLA VALEJO,415.452,4371,10.52,4456,99.4,0.741,24.39,43890571.07,40774394.58,32483.14,
José Bonifácio,3525706,bonifaciano,MARCELO CATARUCI DE ALMEIDA,860.200,36633,42.59,37859,99,0.777,16.51,210428228.32,195470800.08,36644.42,
Júlio Mesquita,3525805,júlio-mesquitense,ELTON FRANCISCO DE BRITO,128.183,4254,33.19,4308,97.7,0.716,15.15,35243843.83,37633054.53,12197.96,
Jumirim,3525854,jumirense,DANIEL VIEIRA,56.685,3056,53.91,3123,99.2,0.741,28.57,43293206.45,38093505.67,61724.71,
Jundiaí,3525904,jundiaiense,GUSTAVO MARTINELLI,431.204,443221,1027.87,460313,98.2,0.822,9.07,4141684579.87,4041944743.99,135081.2,
Junqueirópolis,3526001,junqueiropolense,ELIO FURINI NETO,582.565,20448,35.10,20878,96.8,0.745,-,136121465.88,119704599.98,38510.78,
Juquiá,3526100,juquiaense,CICERO CIRILO DOS SANTOS,812.799,17154,21.10,17255,97.7,0.700,24.04,114286282.82,105184268.68,19673.56,
Juquitiba,3526209,juquitibense,WILLIANS SOARES RODRIGUES,522.169,27404,52.48,28007,98.5,0.709,16.95,163324022.29,160313045.89,18025.29,
Lagoinha,3526308,lagoinhense,JOSÉ GUILHERME CORRÊA GOMES,255.472,5083,19.90,5182,99,0.693,-,43513057.57,39246204.11,15150.97,
Laranjal Paulista,3526407,laranjalense,ANTONIO VALDECIR BERTO FILHO,384.274,26261,68.34,27009,98.1,0.729,15.77,183167935.93,161888637.24,48579.92,
Lavínia,3526506,lavinense,SALVADOR CAZUO MATSUNAKA,537.675,9689,18.02,9909,98.6,0.721,-,70031958.08,63027129.04,14696.45,
Lavrinhas,3526605,lavrinhense,MARCOS VINICIUS FRANQUEIRA GARCIA,167.067,7171,42.92,7328,98.5,0.729,11.24,48108582.45,41561244.44,18111.28,
Leme,3526704,lemense,CLAUDEMIR APARECIDO BORGES,402.871,98161,243.65,101316,97.7,0.744,12.94,624559636.07,577899892.81,38964.09,
Lençóis Paulista,3526803,lençoiense,ANDRE PACCOLA SASSO,809.541,66505,82.15,68395,99,0.764,12.67,603389758.87,501034380.31,70818.58,
Limeira,3526902,limeirense,MURILO BERBERT AVIGO FELIX,580.711,291869,502.61,300728,97.7,0.775,8.58,2005045491.15,2021080525.47,51678.31,
Lindóia,3527009,lindoiano,LUCIANO FRANCISCO DE GODOI LOPES,48.756,7014,143.86,7147,97.4,0.742,29.85,65934046.68,60947285.84,30018.14,
Lins,3527108,linense,JOÃO LUIS LOPES PANDOLFI,570.058,74779,131.18,76729,98.4,0.786,16.71,413792606.49,386008938.05,85642.71,
Lorena,3527207,lorenense,SYLVIO BALLERINI,414.160,84855,204.88,87370,97.2,0.766,7.91,406229501.46,429199028.41,43299.19,
Lourdes,3527256,lourdense,ODECIO RODRIGUES DA SILVA,113.940,1950,17.11,1968,98.4,0.742,-,33423825.65,27202960.26,18818.34,
Louveira,3527306,louveirense,PAULO ALBERTO FINAMORE,55.738,51847,930.19,54111,97.3,0.777,8.31,747686052.92,751912529.85,385773.53,
Lucélia,3527405,luceliense,TATIANA GUILHERMINO TAZINÁZZIO,314.810,20061,63.72,20372,99.4,0.752,12.9,109958819.71,97131586.44,26531.25,
Lucianópolis,3527504,lucianopolense,ADEMIR MANTOVANELLI,189.536,2372,12.51,2419,99.1,0.733,-,31414252.56,26905511.1,29214.5,
Luís Antônio,3527603,luís-antoniense,RODRIGO MELLO MARQUES,598.257,12265,20.50,12531,99.4,0.731,7.19,137147369.2,133297317.51,99603.69,
Luiziânia,3527702,luiziano,RAPHAEL SARAIVA BARRETO,166.576,4701,28.22,4751,92.8,0.702,-,44768476.8,36390316.73,15851.42,
Lupércio,3527801,lupercense,CLEBER MENEGUCCI,155.171,3981,25.66,4017,94.5,0.724,21.28,35942907.84,31216968.2,21340.47,
Lutécia,3527900,luteciano,LAUDEMIR LEATI,475.226,2661,5.60,2699,93.7,0.720,-,37784905.54,33753675.18,38571.53,
Macatuba,3528007,macatubense,ANDERSON FERREIRA,224.514,16829,74.96,17120,99.3,0.770,32.43,135160991.72,133665619.44,37292.64,
Macaubal,3528106,macaubalense,ACACIO TARDOQUE FERREIRA,248.087,7481,30.15,7587,97.9,0.743,-,56021157.72,52149320.04,24094.91,
Macedônia,3528205,macedoniense,REGINALDO ELOY MARCOMINI DOS REIS,327.567,3963,12.10,4048,99.3,0.740,-,42645633.5,36987783.83,24669.23,
Magda,3528304,magdense,RODOLFO FERREIRA KAMÁ,312.282,3165,10.14,3212,96.5,0.753,-,40692101.43,38741062.43,33742.07,
Mairinque,3528403,mairinquense,CARLOS EDUARDO THOMAZ PEDROSO,210.149,50027,238.05,51660,96.9,0.743,22.29,275756810.92,254820134.76,56474.15,
Mairiporã,3528502,mairiporense,WALID ALI HAMID,320.697,93853,292.65,97399,98.1,0.788,4.4,622595612.06,592584332.63,22076.24,
Manduri,3528601,mandurinense,PAULO ROBERTO MARTINS,229.046,9871,43.10,10092,98.9,0.739,11.11,66035439.52,57614967.33,29272.78,
Marabá Paulista,3528700,marabaense,APARECIDO NASCIMENTO SOBRAL,919.519,4573,4.97,4627,99,0.677,-,45361453.56,40843493.09,25999.5,
Maracaí,3528809,maracaiense,PAULO EDUARDO DA SILVA,533.498,12673,23.75,12826,98.3,0.771,16.13,109788671.6,96099828.75,36775.73,
Marapoama,3528858,marapoamense,LOURENÇO LORENCETI,111.267,3292,29.59,3392,99.4,0.752,21.74,40073221.05,35553620.65,38648.5,
Mariápolis,3528908,mariapolense,RICARDO MITSURO WATANABE,186.544,3513,18.83,3539,97.5,0.718,-,33065717.68,30427129.19,18663.17,
Marília,3529005,mariliense,VINICIUS ALMEIDA CAMARINHA,1170.515,237627,203.01,246627,97.8,0.798,13.7,1576737776.62,1690071722.68,40272.45,
Marinópolis,3529104,marinopolense,EVALDO RIBEIRO,77.827,1860,23.90,1870,97.6,0.731,-,29505684.95,29890930.62,19070.41,
Martinópolis,3529203,martinopolense,VALDECI SOARES DOS SANTOS FILHO,1254.032,24881,19.85,25299,98.1,0.721,7.35,151035634.45,130326860.69,28179.26,
Matão,3529302,matonense,APARECIDO FERRARI,524.899,79033,150.57,80998,97.7,0.773,13.11,463498726.37,456819991.19,63716.37,
Mauá,3529401,mauaense,FRANCISCO MARCELO DE OLIVEIRA,61.937,418261,6753.01,429380,97.4,0.766,13.4,1853444659.52,1730325115.11,43128.78,
Mendonça,3529500,mendoncino,JULIANO SOUZA DE OLIVEIRA,195.151,6159,31.56,6369,98.1,0.744,-,66087894.21,56555336.5,66474.78,
Meridiano,3529609,meridianense,FÁBIO PASCHOALINOTO,228.199,4572,20.04,4697,98.5,0.731,-,53688727.56,50442246.88,103289.4,
Mesópolis,3529658,mesopolense,ALEX ROCHA PIMENTEL,148.636,1952,13.13,1988,100,0.724,-,34435079.07,30612582.95,42887.61,
Miguelópolis,3529708,miguelopense,JULIO FERREIRA DO CARMO,820.849,19441,23.68,19655,98.6,0.741,9.8,160849526.91,143975145.83,45201.82,
Mineiros do Tietê,3529807,mineiros-tieteense,LUIZ GUSTAVO FERRAREZ,213.242,11230,52.66,11349,98.3,0.730,16.95,65072801.62,59075603.29,17373.68,
Miracatu,3529906,miracatuense,VINÍCIUS BRANDÃO DE QUEIROZ,1001.484,18553,18.53,18679,97.1,0.697,4.29,152276846.24,136376149.74,23420.28,
Mira Estrela,3530003,mira-estrelense,GLEICE APARECIDA CASTREQUINI,216.825,3126,14.42,3199,97.2,0.743,62.5,42448184.36,39459150.21,22515.72,
Mirandópolis,3530102,mirandopolense,EDERSON PANTALEAO DE SOUZA,917.694,27983,30.49,28737,97.9,0.751,8.97,158602220.01,142820586.58,24753.46,
Mirante do Paranapanema,3530201,mirantense,EDUARDO QUESADA PIAZZALUNGA,1238.931,15917,12.85,16069,98.8,0.724,7.46,126597756.6,127075411.63,32957.78,
Mirassol,3530300,mirassolense,EDSON ANTONIO ERMENEGILDO,243.228,63337,260.40,65485,93.5,0.762,9.04,352525595.69,296399290.51,43778.54,
Mirassolândia,3530409,mirassolandense,CÉLIA APARECIDA FIAMENGHI DOS SANTOS MATOS,166.125,4669,28.11,4771,96.9,0.738,-,39579634.76,33793333.75,42951.06,
Mococa,3530508,mocoquense,EDUARDO RIBEIRO BARISON,855.156,67681,79.14,69324,98.9,0.762,7.6,375116050.52,351264808.95,44065.5,
Mogi das Cruzes,3530607,mogiano,MARIA LUISA PICCOLOMINI BERTAIOLLI,712.541,451505,633.65,468120,97.7,0.783,15.51,2578829633.57,2699030159.43,43031.34,
Mogi Guaçu,3530706,guaçuano,RODRIGO FALSETTI,812.753,153658,189.06,159735,97.9,0.774,10.85,968896587.86,897069163.94,44538.21,
Mogi Mirim,3530805,mogi-miriano,PAULO DE OLIVEIRA E SILVA,497.708,92558,185.97,95534,97.4,0.784,9.67,771385522.4,723943201.11,67095.62,
Mombuca,3530904,mombucano,EVERTON TIAGO MORA PEDROSO,133.698,3722,27.84,3815,97.8,0.719,25,38834631.32,33835202.64,35344.16,
Monções,3531001,monçolense,DOUGLAS ANTÔNIO HONORATO,104.352,1937,18.56,1954,100,0.772,-,41168845.67,33174590.54,25620.96,
Mongaguá,3531100,mongaguano,LUIZ BERBIZ DE OLIVEIRA,142.755,61951,433.97,64519,98.3,0.754,16.49,442877045.59,395824310.71,21421.71,
Monte Alegre do Sul,3531209,monte-alegrense,JOSE RAFAEL VEZZAN,110.308,8627,78.21,8873,98.3,0.759,-,59730196.16,53623280.45,30829.71,
Monte Alto,3531308,monte-altense,MARIA HELENA AGUIAR RETTONDINI,346.950,47574,137.12,48725,98.6,0.768,7.11,280171723.02,264164793.26,47713.32,
Monte Aprazível,3531407,monte-aprazivelense,JOÃO ROBERTO CAMARGO,495.559,22280,44.96,22650,98.8,0.785,19.92,136543327.45,122886614.01,29885.78,
Monte Azul Paulista,3531506,monte-azulense,MARDQUEU SILVIO FRANÇA,263.463,18151,68.89,18363,98.6,0.753,10.81,153890111.63,158788793.04,33768.09,
Monte Castelo,3531605,monte-castelense,EDSON CARLOS OLIVEIRA DA SILVA,233.547,4222,18.08,4301,98.2,0.741,-,41973454.13,40939935.59,30746,
Monteiro Lobato,3531704,lobatense,EDMAR JOSÉ DE ARAUJO,332.742,4138,12.44,4205,96.5,0.710,37.04,42654278.18,41986888.84,17520.67,
Monte Mor,3531803,monte-morense,MURILO ANTÔNIO DE SOUSA RINALDO,240.566,64662,268.79,67296,97.2,0.733,13.4,415010598.5,387429294.93,69972.02,
Morro Agudo,3531902,morro-agudense,LEANDRO CÉSAR SILVA VALADARES,1388.127,27933,20.12,28561,95.9,0.712,12.05,249579668.38,243015179.64,36487.83,
Morungaba,3532009,morungabense,LUIS FERNANDO MIGUEL,146.752,13720,93.49,14081,97.4,0.715,22.35,108150240.65,93525663.36,45445.18,
Motuca,3532058,motuquense,FABIO DE MENEZES CHAVES,228.700,4034,17.64,4079,95.4,0.741,-,39598175.89,37380023.82,24983.62,
Murutinga do Sul,3532108,murutinguense,CRISTIANO ELEUTÉRIO SOARES DA SILVA,250.873,3737,14.90,3763,96.4,0.726,-,44469308.7,35730892.15,19453.5,
Nantes,3532157,nantense,MARLLON JAFFER ALBANO DE OLIVEIRA,286.647,2660,9.28,2699,98.7,0.714,-,42306220.82,35198868.06,44261.55,
Narandiba,3532207,narandibense,DANILLO CARVALHO DOS SANTOS,357.325,5713,15.99,5908,98.9,0.718,22.73,74578175.62,63589895.87,129106.16,
Natividade da Serra,3532306,nativense,EVAIL AUGUSTO DOS SANTOS,833.372,6999,8.40,7134,98.8,0.655,-,60063445.99,52924803.84,14098.9,
Nazaré Paulista,3532405,nazareano,AVANILDE APARECIDA GONZAGA CANEDO,326.254,18217,55.84,18620,96.9,0.678,19.32,144547971.12,115809908.74,24667.18,
Neves Paulista,3532504,nevense,EDENILSON ALEXANDRE ROSSELLI,219.050,9699,44.28,9921,99.7,0.754,-,58782092.04,54205084.05,30979.89,
Nhandeara,3532603,nhandearense,ANTONIO MARQUES DO NASCIMENTO JUNIOR,436.159,9852,22.59,9944,97.7,0.751,12.05,75705056.66,78963964.46,31773.36,
Nipoã,3532702,nipoense,JOSE PEDRO RAMPIM,137.609,4750,34.52,4860,99.2,0.713,32.26,38310904.8,34237685.81,17820.45,
Nova Aliança,3532801,nova-aliancense,JURANDIR BARBOSA DE MORAIS,217.515,6693,30.77,6858,99.2,0.738,14.08,55935882.85,50695886.5,45514.97,
Nova Campina,3532827,nova campinense,ANTONIO ISAEL DE OLIVEIRA JUNIOR,385.375,8497,22.05,8631,99.7,0.651,8.4,74876662.65,65090433.45,22192.26,
Nova Canaã Paulista,3532843,novacanaense,THAIS CRISTINA COSTA MOREIRA,124.473,2032,16.32,2058,98.8,0.715,-,32440874.63,27993505.13,25386.3,
Nova Castilho,3532868,castilhense,MAICON GARCIA PIROLA,183.396,1062,5.79,1074,100,0.756,-,35472271.17,32814691.35,47027.11,
Nova Europa,3532900,nova-europense,LIDIANE LUIZE RODRIGUES,160.250,9311,58.10,9459,100,0.765,-,79278141.46,70839256.65,32768.54,
Nova Granada,3533007,granadense,LUIZ AUGUSTO SALVADOR,531.796,19419,36.52,19725,98.6,0.739,14.29,106442860.52,85090652.74,23447.89,
Nova Guataporanga,3533106,guataporanguense,JOSE MAURO LOURENCETTI,34.158,2156,63.12,2188,99.3,0.726,-,28618957.84,26412118.96,15762.88,
Nova Independência,3533205,independentino,FERNANDO MACCHI SANTANA,265.029,4609,17.39,4795,98,0.735,-,64364321.9,54014126.08,51548.89,
Novais,3533254,novaense,PAULO CESAR DIAS PINHEIRO,117.772,4412,37.46,4469,100,0.719,-,82520160.42,71726688.23,12986.7,
Nova Luzitânia,3533304,luzitaniense,MIGUEL JOSÉ ARAÚJO JUNIOR,73.816,2837,38.43,2838,98.6,0.743,-,33354302.28,33539184.17,14278.82,
Nova Odessa,3533403,novaodessense,CLÁUDIO JOSÉ SCHOODER,73.788,62019,840.50,64228,98.4,0.791,11.38,372874076.04,352150805.43,65145.09,
Novo Horizonte,3533502,novo-horizontino,FABIANO DE MELLO BELENTANI,931.743,38324,41.13,39435,97.7,0.753,14.78,272087061.7,233448058.2,37973.31,
Nuporanga,3533601,nuporanguense,DANIEL VIANA MELO,348.265,7391,21.22,7550,97.8,0.746,28.57,74878671.24,68209064.99,115407.02,
Ocauçu,3533700,ocauçuense,JOÃO BENEDITO COSTA E SILVA,301.036,4331,14.39,4412,97.7,0.717,32.26,41100211.7,35029617.52,32921.81,
Óleo,3533809,oleense,JORDÃO ANTONIO VIDOTTO,198.938,2512,12.63,2540,98.9,0.730,-,33238506.57,29039404.06,52419.92,
Olímpia,3533908,olimpiense,EUGENIO JOSE ZULIANI,802.555,55074,68.62,56701,97.4,0.773,7.52,491800282.93,498080281.51,45985.63,
Onda Verde,3534005,onda-verdense,NILSON NEVES DE SOUZA,242.946,4771,19.64,4912,98.7,0.738,37.04,54166768.52,45477200.89,46086.02,
Oriente,3534104,orientense,GERALDO MATHEUS MORIS,218.668,6085,27.83,6180,97.2,0.770,-,46153457.53,40392582.37,19753.85,
Orindiúva,3534203,orindiuvense,MIRELI CRISTINA LEITE RUVIÉRI MARTINS,247.378,6024,24.35,6145,99.3,0.767,-,70011465.76,65090533.35,87570.54,
Orlândia,3534302,orlandino,JORGE GABRIEL GRASI,291.765,38319,131.34,39193,98.3,0.780,13.73,285358532.18,321210899.74,57728.08,
Osasco,3534401,osasquense,GERSON DIAS PESSOA,64.954,728615,11217.40,756952,96,0.776,13.3,5415220757.31,5264464170.17,122765.64,
Oscar Bressane,3534500,bressanense,ANSELMO GIROTO,222.130,2470,11.12,2504,96.7,0.749,-,37455687.5,30834205.49,43366.02,
Osvaldo Cruz,3534609,osvaldo-cruzense,VERA LUCIA ALVES,248.038,31272,126.08,32099,97.6,0.762,-,159540033.67,139725857.94,32836.81,
Ourinhos,3534708,ourinhense,GUILHERME ANDREW GONÇALVES DA SILVA,295.818,103970,351.47,106877,98.2,0.778,14.05,967565733.44,946001667.64,34406.86,
Ouroeste,3534757,ouroestense,SEBASTIÃO CARLOS SILVA,288.648,10294,35.66,10596,99.7,0.770,19.61,126866371.65,104653439.45,51226.69,
Ouro Verde,3534807,ouro-verdense,JULIO CESAR DE MORI VECCHIATI,266.778,7779,29.16,7901,97.3,0.692,-,52366102.04,46894244.65,15558.53,
Pacaembu,3534906,pacaembuense,JOAO FRANCISCO MUGNAI NEVES,339.375,14877,43.84,15217,98.9,0.725,-,75776683.94,70960433.51,15195.79,
Palestina,3535002,palestinense,REINALDO APARECIDO DA CUNHA,697.701,11476,16.45,11689,96.6,0.732,-,95724252.08,81640757.53,31646.21,
Palmares Paulista,3535101,palmarense,LUCAS APARECIDO DA ASSUMÇÃO,82.125,9650,117.50,9709,98.2,0.722,22.47,57713307.91,54436480.6,9964.11,
Palmeira d'Oeste,3535200,palmeirense,VALDIR SEMENSATI DE MORAES,318.740,8903,27.93,8994,98.5,0.753,-,54320632.61,54947574.79,23443.85,
Palmital,3535309,palmitalense,LUIS GUSTAVO MENDES MORAES,548.407,19594,35.73,19767,97.2,0.746,13.57,162031478.32,139599981.27,40347.04,
Panorama,3535408,panoramense,DANIEL GENOVA,356.050,14964,42.03,15214,95.8,0.722,12.12,91342014.85,83812173.47,19933.87,
Paraguaçu Paulista,3535507,paraguaçuense,ANTONIO TAKASHI SASADA,1001.492,41120,41.06,42087,99.4,0.762,20.98,315460879.17,284807095.56,39015.76,
Paraibuna,3535606,paraibunense,HELOISA ANTUNES DE FARIA SANTOS,809.576,17667,21.82,17950,97.2,0.719,-,155672055.12,132215971.54,19220.43,
Paraíso,3535705,paraisense,OSVALTE JOSE BOVONI,155.186,6099,39.30,6211,99.1,0.749,17.86,74058452.13,71887359.8,42122.5,
Paranapanema,3535804,paranapanemense,RODOLFO HESSEL FANGANIELLO,1018.724,19395,19.04,19799,98.1,0.717,14.49,195066589.12,187809497.79,45907.58,
Paranapuã,3535903,paranapuense,DANIEL JUNIOR DURAN PINATTO,140.354,4031,28.72,4111,98.4,0.732,-,37937795.07,36020270.55,32360.15,
Parapuã,3536000,parapuense,MILTON MITIO IWAYAMA,366.664,10580,28.85,10729,98.9,0.737,-,76431436.52,67409340.74,67842.13,
Pardinho,3536109,pardinhense,CRISTIANO CAMARGO MOREIRA,209.894,7153,34.08,7382,98.3,0.727,-,68738324.88,60924421.09,55976.73,
Pariquera-Açu,3536208,pariquerense,WAGNER BENTO DA COSTA,359.414,19233,53.51,19576,97.1,0.736,15.09,104369444.55,95315651.98,29601.64,
Parisi,3536257,parasiano,OCLAIR BARÃO BENTO,84.737,2892,34.13,3001,99.6,0.721,-,39476878.59,31733189.28,24630.17,
Patrocínio Paulista,3536307,patrocinense,MÁRIO MARCELO CARRARO BERTELLI,602.848,14512,24.07,14837,97.8,0.730,23.26,114076448.48,95908374.89,91078.82,
Paulicéia,3536406,pauliceiense,ANTONIO SIMONATO,374.091,7955,21.26,8200,94,0.711,23.26,68145368.06,61182047.27,26544.4,
Paulínia,3536505,paulinense,DANILO HENRIQUE MACÊDO DE BARROS,138.777,110537,796.51,115690,97.9,0.795,7.14,3226900495.79,2739224011.24,457517.7,
Paulistânia,3536570,paulistaniense,LUIZ CARLOS MARQUES,256.178,2090,8.16,2146,97.5,0.718,-,37341160.23,31503548.47,26505.01,
Paulo de Faria,3536604,paulo-fariense,DIRCEU CASSIA FILHO,737.986,7400,10.03,7430,98.5,0.725,-,72283464.54,70006712.99,30054.05,
Pederneiras,3536703,pederneirense,IVANA MARIA BERTOLINI CAMARINHA,727.482,44827,61.62,46223,98.3,0.739,7.42,283381561.88,266273234.28,64521.62,
Pedra Bela,3536802,pedra-belense,VANDERLEI LOPES DA SILVA,158.587,6557,41.35,6718,95.8,0.677,12.99,40403448.62,39469197.68,19271.43,
Pedranópolis,3536901,pedranopolense,FAUSTO LUANO ROSA,260.101,2787,10.72,2848,100,0.742,-,37770702.32,30244844,32369.01,
Pedregulho,3537008,pedregulhense,CARLOS EDUARDO BARBOSA TEIXEIRA,712.604,15525,21.79,15742,98.4,0.715,5.05,116843901.15,100480374.79,102593.26,
Pedreira,3537107,pedreirense,FÁBIO VINICIUS POLIDORO,108.817,43112,396.19,44332,98.1,0.769,4.12,288052861.27,266218879.76,30658.23,
Pedrinhas Paulista,3537156,pedrinhense,FREDDIE COSTA NICOLAU,152.309,2804,18.41,2838,97.3,0.774,35.71,43750507.82,37908413.9,56819.68,
Pedro de Toledo,3537206,toledense,PAULO EDUARDO ALVES FERREIRA,670.440,11281,16.83,11539,99.3,0.696,20.2,75065557.14,71871182.69,15521.76,
Penápolis,3537305,penapolense,CARLOS HENRIQUE ROSSI CATALANI,711.314,61679,86.71,63317,98.7,0.759,20.92,400285299.75,376472902.2,32488.66,
Pereira Barreto,3537404,pereira-barretense,HERMÍNIO BARBOSA KOMATSU,974.247,24095,24.73,24389,98.1,0.766,-,180235450.19,166333764.73,42339.32,
Pereiras,3537503,pereirense,OSMAR PASQUALINO RODRIGUES RAMOS JUNIOR,223.136,8737,39.16,8969,96.8,0.736,-,55119385,48935109.15,35826.95,
Peruíbe,3537602,peruibense,FELIPE ANTONIO COLAÇO BERNARDO,326.216,68352,209.53,70543,98.6,0.749,8.74,520384575.81,509730202.38,28211.36,
Piacatu,3537701,piacatuense,RICARDO FRANCISCO LEMES DA SILVA,232.488,5519,23.74,5623,97.5,0.732,-,46937957.26,40566777.67,19534.68,
Piedade,3537800,piedadense,GERALDO PINTO DE CAMARGO FILHO,746.868,52970,70.92,54237,95.6,0.716,11.06,264039800.3,238777663.59,28657,
Pilar do Sul,3537909,pilarense,CLAYTON ALVARO MACHADO,681.248,27619,40.54,28417,93.8,0.690,9.95,164319509.89,142407697.62,43096.72,
Pindamonhangaba,3538006,pindamonhangabense,RICARDO ALBERTO PEREIRA PIORINO,731.355,165428,226.19,172027,98.2,0.773,10.13,1029172462.83,989434178.12,79951.7,
Pindorama,3538105,pindoramense,GERALDO FELIPPE JUNIOR,184.825,14542,78.68,14721,97.5,0.737,-,103446617.89,90363663.98,28703.01,
Pinhalzinho,3538204,pinhalzinhense,SEBASTIAO ZANARDI,154.529,15224,98.52,15605,97.8,0.725,18.29,85671069.11,81326962.8,20216.61,
Piquerobi,3538303,piquerobiense,ADRIANA CRIVELLI BIFFE,482.769,3264,6.76,3296,99.4,0.711,-,41577367.13,33750631.21,18103.98,
Piquete,3538501,piquetense,ROMULO KAZIMIERZ LUSZCZYNSKI,175.996,12490,70.97,12570,98.8,0.757,9.43,70078047.12,61998079.02,14661.29,
Piracaia,3538600,piracaiense,ANDRÉ HENRIQUE ROGÉRIO,385.568,26029,67.51,26764,98,0.739,9.58,200656218.63,176056811.63,23959.72,
Piracicaba,3538709,piracicabano,HELIO DONIZETE ZANATTA,1378.069,423323,307.19,438827,97.5,0.785,11.2,3268108366.1,3164798171.45,84225.76,
Piraju,3538808,pirajuense,CARLOS ALBERTO CAMARGO LIMA,504.591,29436,58.34,30261,98.3,0.758,6.92,167055541.17,150503228.34,30945.65,
Pirajuí,3538907,pirajuiense,ROSALINA SONIA DOS SANTOS,823.758,22431,27.23,22743,97.3,0.749,5.52,141517156.05,135098502.58,20820.31,
Pirangi,3539004,piranginense,VANDERLEI ROBSON DE OLIVEIRA,215.809,10885,50.44,11076,97.8,0.756,-,71170365.78,65792699.58,31655.48,
Pirapora do Bom Jesus,3539103,piraporano,GREGORIO RODRIGUES PONTES MAGLIO,108.489,18370,169.33,18836,97.5,0.727,23.15,134128055.93,124248898.3,42495.88,
Pirapozinho,3539202,pirapozense,LUCAS PADOVAN DOS SANTOS PAVANI,477.673,25348,53.07,26065,98.8,0.776,4.15,149463929.64,130082387.54,33165.84,
Pirassununga,3539301,pirassununguense,FERNANDO LUBRECHET,727.118,73545,101.15,75475,98.2,0.801,15.77,449184055.77,410768249.2,42833.73,
Piratininga,3539400,piratiningano,CARLOS ALESSANDRO FRANCO BORRO DE MATOS,402.409,15108,37.54,15554,98.4,0.779,6.45,100409275.98,98192651.16,20048.02,
Pitangueiras,3539509,pitangueirense,DIMAS TADEU BOLZAN,430.638,33674,78.20,34416,99,0.723,14.96,236780399.18,226891399.26,34369.55,
Planalto,3539608,planaltense,ROSIMEIRE BARBOSA SILVERIO,289.825,4389,15.14,4454,99.2,0.719,-,55555732.97,47482270.19,36082.23,
Platina,3539707,platinense,DONIZETE APARECIDO FERREIRA DE LIMA,327.480,3025,9.24,3061,98.5,0.719,-,49381049,42313758.87,33283.11,
Poá,3539806,poaense,SAULO DE OLIVEIRA SOUZA,17.264,103765,6010.48,106431,97.6,0.771,11.21,550411210.12,495692981.92,31616.47,
Poloni,3539905,poloniense,ANDREIA LUZIA FACHINI BRAIT,135.119,5592,41.39,5696,99.5,0.766,-,45190363.27,39454555.1,25044.23,
Pompéia,3540002,pompeiano,DIOGO MONTEFUSCO CESCHIM SILVA,784.674,20196,25.74,20512,98.6,0.786,4.83,190815556.81,166796854.02,87425.49,
Pongaí,3540101,pongaiense,GILHIARD HENRIQUE DE BORTOLI,183.399,3395,18.51,3443,97.4,0.755,-,38348890.86,31273416.66,27887.43,
Pontal,3540200,pontalense,JOSÉ CARLOS NEVES SILVA,356.371,37607,105.53,38376,94.5,0.725,12.82,225655316.51,214003521.12,28285.96,
Pontalinda,3540259,pantalindense,SISINIO DE OLIVEIRA LEÃO,209.525,4127,19.70,4196,98.3,0.702,-,49809520.36,34845432.88,20773.37,
Pontes Gestal,3540309,pontes-gestalense,MARCEL DIAS LEITE,217.505,2387,10.97,2415,97.8,0.732,-,47344183.48,45297361.34,49170.31,
Populina,3540408,populinense,JOAO CEZAR ROBLES BRANDINI,315.938,4127,13.06,4185,99.6,0.714,-,41866760.57,39903315.82,28351.02,
Porangaba,3540507,porangabense,JOÃO CARLOS ALVES BARROS,265.689,10451,39.34,10773,94.7,0.703,11.11,69561649.59,61590846.79,22903.9,
Porto Feliz,3540606,porto-felicense,CÉLIO PEIXOTO DOS SANTOS,556.706,56497,101.48,58345,98.2,0.758,14.21,556738393.79,521889577.68,69921.89,
Porto Ferreira,3540705,ferreirense,ANDRE LUIS ANCHAO BRAGA,244.906,52649,214.98,53940,98.1,0.751,1.88,346519798.47,353083048.06,43904.33,
Potim,3540754,potinense,EMERSON KIOGI TANAKA,44.643,20392,456.78,20767,99.3,0.697,-,99382102.92,89189317.83,12047.78,
Potirendaba,3540804,potirendabano,GISLAINE MONTANARI FRANZOTTI,342.492,18496,54.00,18994,98,0.747,-,142715318.24,134675221.34,35101.25,
Pracinha,3540853,pracinhense,LAERCIO BIASI,63.054,2578,40.89,2599,100,0.696,-,28698202.47,25969351.05,9468.33,
Pradópolis,3540903,pradopolense,SAULO EMMANUEL ATIQUE FILHO,167.378,17078,102.03,17309,96.3,0.733,6.02,142901241.51,127109009.83,49306.42,
Praia Grande,3541000,praia-grandense,ALBERTO PEREIRA MOURÃO,149.652,349935,2338.32,365577,96.9,0.754,9.76,2754058096.49,2593454217.1,25940.64,
Pratânia,3541059,pratino,OSMIR JOSÉ FÉLIX,175.100,5126,29.27,5246,97.7,0.701,37.5,46294960.86,38066074.43,23527.63,
Presidente Alves,3541109,alvense,CRISTIANO DOS SANTOS,286.642,3804,13.27,3841,98.9,0.735,-,36359716.54,30364925.69,19014.7,
Presidente Bernardes,3541208,bernardense,CLEBERSON DUARTE DE SOUZA,749.233,14490,19.34,14772,98.5,0.757,21.98,95301128.07,79438706.36,25644.3,
Presidente Epitácio,3541307,epitaciano,ANDRÉ FERRAZ LIMA,1260.281,39505,31.35,40383,98.8,0.750,2.52,237926584.07,230661070.23,29738.9,
Presidente Prudente,3541406,prudentino,MILTON CARLOS DE MELLO,560.637,225668,402.52,234083,97.8,0.806,12.77,1228973859.16,1090536549.36,39845.11,
Presidente Venceslau,3541505,venceslauense,BARBARA MEDEIROS VILCHES,755.203,35201,46.61,35902,98.6,0.763,13.47,211861690.66,217904501.78,20760.95,
Promissão,3541604,promissense,HAMILTON LUIS FOZ,779.200,35131,45.09,35991,96.7,0.743,13.85,209403032.22,184927987.27,51330.11,
Quadra,3541653,quadrense,LHEONIDES DE OLIVEIRA ANDRADE,205.672,3405,16.56,3472,98.3,0.678,-,43324744.26,36291148.91,37038.08,
Quatá,3541703,quataense,MÁRCIO BIDÓIA,651.341,13163,20.21,13399,98.7,0.738,8,105634674.55,106207761.44,57387.58,
Queiroz,3541802,queirozense,WALTER RODRIGO DA SILVA,234.914,3265,13.90,3351,98.1,0.715,-,59206701.73,52529497.91,194914.13,
Queluz,3541901,queluzense,JOSÉ CELSO BUENO,249.399,9159,36.72,9146,98,0.722,-,82153076.27,74293504.75,28178.35,
Quintana,3542008,quintanense,FERNANDO ITAPUÃ BRANCO NUNES,318.937,7038,22.07,7225,98.1,0.732,22.47,56474068.47,50132831.65,41016,
Rafard,3542107,rafardense,FABIO DOS SANTOS,121.645,8965,73.70,9133,98.3,0.745,10.42,74605976.86,73046920.31,48529.75,
Rancharia,3542206,ranchariense,HOMERO PINELLI SEVERO LINS,1587.498,28588,18.01,29305,97.5,0.751,2.92,202733959.77,174822511.18,46459.21,
Redenção da Serra,3542305,rendencense,JUCIMAR FERREIRA DA SILVA,309.441,4494,14.52,4611,95.2,0.657,18.52,40381523.61,42681375.23,17461.44,
Regente Feijó,3542404,regentense,MARCO ANTÔNIO PEREIRA DA ROCHA,263.313,20145,76.52,20565,98.8,0.768,8.7,133588540.13,126140527.03,47932.82,
Reginópolis,3542503,reginopolitano,JEFFERSON AUGUSTO RODRIGUES BUAVA,410.406,7662,18.67,7808,98.8,0.728,12.99,57213156.29,53067281.66,18401.03,
Registro,3542602,registrense,SAMUEL MOREIRA DA SILVA JUNIOR,722.201,59947,83.01,61732,97.3,0.754,17.76,343746305.78,321638959.92,41751.4,
Restinga,3542701,restinguense,FELIPE TALVANI SONTINI,245.746,6404,26.06,6492,98.6,0.705,12.99,53920047.6,49803657.45,27280.56,
Ribeira,3542800,ribeirense,ARI DO CARMOS SANTOS,335.759,3132,9.33,3166,97,0.698,29.41,39672274.39,33580399.63,18699.17,
Ribeirão Bonito,3542909,ribeirão-bonitense,PAULO ANTONIO GOBATO VEIGA,471.553,10989,23.30,11079,98.7,0.712,-,75749472.49,67797233.04,27794.44,
Ribeirão Branco,3543006,ribeirão-branquense,ANTONIO CARLOS CAMARGO RIBAS,697.500,18627,26.71,18930,97.5,0.639,13.04,107114105.03,95637489.21,37255.94,
Ribeirão Corrente,3543105,ribeirão-correntense,ANA LOURINETE COSTA LÔBO MONTANHER,148.332,4608,31.07,4706,100,0.711,22.22,51928101.79,47969135.51,66664.82,
Ribeirão do Sul,3543204,ribeirão-sulense,ELIANA MARIA RORATO MANSO,203.208,4677,23.02,4768,99,0.747,-,44029086.46,39402112.7,49451.73,
Ribeirão dos Índios,3543238,ribeirindio,VALDECI JOSE FERNANDES,196.446,2025,10.31,2045,98.6,0.721,-,31557001.26,26286158.31,21152.38,
Ribeirão Grande,3543253,ribeirão grandense,MARCELO LUIS NUNES,333.363,7450,22.35,7570,96.8,0.705,-,56114646.78,52411680.68,15221.41,
Ribeirão Pires,3543303,ribeirão-pirense,LUIZ GUSTAVO PINHEIRO VOLPI,98.972,115559,1167.59,118877,97.4,0.784,6.71,605600752.08,598291471.75,31068.87,
Ribeirão Preto,3543402,ribeirão-pretano,RICARDO AUGUSTO MACHADO DA SILVA,650.916,698642,1073.32,728400,96.9,0.800,12.8,4764888862.6,4690934887.54,55484.91,
Riversul,3543501,riversulense,MARCOS ROBERTO DOS SANTOS,385.878,5599,14.51,5647,95.9,0.664,13.7,48414832.83,41227687.95,17299.84,
Rifaina,3543600,rifainense,WILSON ALVES DA SILVA JUNIOR,162.508,4049,24.92,4158,99.2,0.740,44.44,63384356.01,60100654.78,52357.63,
Rincão,3543709,rinconense,BRAZ RODRIGUES,316.639,9098,28.73,9145,98.2,0.734,-,69037205.04,61443302.76,20883.52,
Rinópolis,3543808,rinopolense,GRAZIELA DE LIMA TOMÉ TREVISAN,358.481,9259,25.83,9357,98.6,0.723,29.7,60072943.27,58141175.62,35113.28,
Rio Claro,3543907,rio-clarense,GUSTAVO RAMOS PERISSINOTTO,498.422,201418,404.11,208857,98.2,0.803,9.53,1440258259.27,1415463954.97,63209.08,
Rio das Pedras,3544004,rio-pedrense,MARCOS BUZETTO,226.657,31328,138.22,32267,98.4,0.759,2.92,184656288.41,183510658.54,49338.49,
Rio Grande da Serra,3544103,riogranserrense ou  serrano ou riogransense,RICARDO AKIRA ONO AURIANI,36.341,44170,1215.43,45317,98.2,0.749,8.6,174021528.05,176805265.19,18472.33,
Riolândia,3544202,riolandense,ANTONIO CARLOS SANTANA DA SILVA,631.897,10309,16.31,10453,96.7,0.703,9.8,94365143.23,81369732.54,20921.21,
Rosana,3544251,rosanense,CLAUDEMIR PERES FRANCISCO DE OLIVEIRA,744.011,17440,23.44,17533,98.1,0.764,20,151727674.45,131068810.53,121065.75,
Roseira,3544301,roseirense,FERNANDO AUGUSTO DE SIQUEIRA,129.847,10832,83.42,11095,98.7,0.737,8.93,78841930.04,75791528.38,34421.96,
Rubiácea,3544400,rubiacense,JÚLIO CÉSAR FELISMINO,236.484,2700,11.42,2741,99.5,0.721,-,37067209.38,32966943.61,24710.59,
Rubinéia,3544509,rubineiense,ALEX OLIVO,242.877,3833,15.78,3965,100,0.759,-,51583041.56,51955705.46,32233.41,
Sabino,3544608,sabinense,FERNANDO HENRIQUE FLORINDO,305.285,5112,16.75,5185,97.2,0.728,-,56040005.39,47893736.25,31123.73,
Sagres,3544707,sagrense,ROBERTO BATISTA PIRES,147.935,2474,16.72,2519,99.2,0.730,41.67,30113697.47,24573714.31,22566.69,
Sales,3544806,salense,JOSEMAR FRANCISCO DE ABREU,308.555,6437,20.86,6612,100,0.751,-,61978499.65,59576073.17,26150.29,
Sales Oliveira,3544905,salense,FÁBIO GODOY GRATON,305.776,11411,37.32,11654,98.8,0.772,-,86834450.5,85138337.1,34473.89,
Salesópolis,3545001,salesopolense,RODOLFO RODRIGUES MARCONDES,424.997,15202,35.77,15396,98.4,0.732,5.59,118207549.36,108671455.84,14499.33,
Salmourão,3545100,salmourense,SÔNIA CRISTINA JACON GABAU,172.934,4808,27.80,4883,98.3,0.719,-,39925534.82,35884012.99,18037.04,
Saltinho,3545159,saltinhense,HELIO FRANZOL BERNARDINO,99.738,8161,81.82,8371,96.8,0.791,12.5,64788122.18,57404507.11,44465.92,
Salto,3545209,saltense,JOSÉ GERALDO GARCIA,133.057,134319,1009.48,140125,98.4,0.780,18.38,779578234.52,725373885.72,77029.01,
Salto de Pirapora,3545308,saltopiraporense,MATHEUS MARUM DE CAMPOS,280.412,43748,156.01,45138,98.6,0.729,13.46,288514357.36,268328757.75,47995.61,
Salto Grande,3545407,salto-grandense,MARIO LUCIANO ROSA,188.441,9050,48.03,9212,96.5,0.704,-,70192039.15,61412636.74,29155.3,
Sandovalina,3545506,sandovalino ou sandovalinense,MARCOS MENDES DA SILVA,455.856,3645,8.00,3699,98.2,0.709,-,63257668.79,51644030.22,72374.52,
Santa Adélia,3545605,santa-adeliense,CIRO CESAR COSTA,330.269,14018,42.44,14203,100,0.760,14.49,94176460.47,91705790.01,24461,
Santa Albertina,3545704,santa-albertinense,GERSON FORMIGONI JUNIOR,272.692,6393,23.44,6543,98.8,0.728,28.99,55066157.4,51040081.6,35584.96,
Santa Bárbara d'Oeste,3545803,barbarense,RAFAEL PIOVEZAN,271.030,183347,676.48,189338,98.4,0.781,10.15,974166419.1,971781509.14,40073.67,
Santa Branca,3546009,santa-branquense,ADRIANO MARCHESANI LEVORIN,272.238,13975,51.33,14212,98.8,0.735,13.07,93989739.43,86943193.17,20959.37,
Santa Clara d'Oeste,3546108,santa-clarense,JOSÉ BASILIO DE FARIA,183.458,2598,14.16,2677,98.5,0.733,-,45204576.52,40581100.74,45847.14,
Santa Cruz da Conceição,3546207,santa-cruzense,CARLOS EDUARDO ARANHA DE ALBUQUERQUE,150.130,4277,28.49,4365,99.6,0.790,-,48830966.61,42149705.61,35264.11,
Santa Cruz da Esperança,3546256,santacruzense,MARCOS ANTONIO BAZILIO,148.062,2116,14.29,2162,86.2,0.743,-,33434806.68,32265321.81,29296.72,
Santa Cruz das Palmeiras,3546306,palmeirense,LUIZ FERNANDO STOCCO,295.337,28864,97.73,29525,97.3,0.728,14.62,146994091.3,132571705.49,18687.66,
Santa Cruz do Rio Pardo,3546405,santa-cruzense,OTACILIO PARRAS ASSIS,1114.747,46442,41.66,47677,96.3,0.762,8.99,330103796.16,309997844.61,57811.23,
Santa Ernestina,3546504,santa-ernestinense,JOSÉ CARLOS SIMÃO,134.421,6118,45.51,6256,99.2,0.738,-,43266982.71,34545185.45,18714.85,
Santa Fé do Sul,3546603,santa-fé-sulense,EVANDRO FARIAS MURA,206.537,34794,168.46,36098,97.9,0.784,8.31,317688881.38,328003436.94,41007.46,
Santa Gertrudes,3546702,santa-gertrudense,LAZARO NOE DA SILVA,98.291,23611,240.22,24107,98.3,0.737,3.32,264772826.58,217270886.58,139885.74,
Santa Isabel,3546801,isabelense,CARLOS AUGUSTO CHINCHILLA ALFONZO,363.332,53174,146.35,54586,97.8,0.738,1.7,296204858.94,280022357.83,28340.36,
Santa Lúcia,3546900,santa-luciense,ANTONIO CARLOS ABUABUD JUNIOR,153.860,7149,46.46,7181,98.6,0.737,-,43006290,38267533.55,14751.7,
Santa Maria da Serra,3547007,serrense,JOSIAS ZANI NETO,252.621,5243,20.75,5314,97.5,0.686,15.38,47019282.85,45327605.85,24297.18,
Santa Mercedes,3547106,mercedense,VALDIR VERONA,166.753,2956,17.73,3012,98.8,0.739,22.22,34726572,29892900.5,23436.56,
Santana da Ponte Pensa,3547205,santanense-da-ponte-pensa,VAGNER HERNANDES,129.888,1670,12.86,1698,100,0.773,-,33730807.15,28972382,27564.35,
Santana de Parnaíba,3547304,parnaibano,ELVIS LEONARDO CEZAR,179.949,154105,856.38,162341,97.3,0.814,7.85,1812308985,1591855402.2,79579.96,
Santa Rita d'Oeste,3547403,santa-ritense,OSMAR SAMPAIO,209.800,2733,13.03,2790,100,0.761,142.86,34214573.3,28355716.5,27518.08,
Santa Rita do Passa Quatro,3547502,santa-ritense,MARCELO SIMAO,754.141,24833,32.93,25060,97.8,0.775,9.85,174931218.98,167006391.6,29877.17,
Santa Rosa de Viterbo,3547601,santa-rosense,OMAR NAGIB MOUSSA,288.576,23411,81.13,23725,97.9,0.770,4.98,132167966.65,119233695.09,30914.1,
Santa Salete,3547650,saletense,JÚLIO CESAR MARTINS MILIATTI,79.192,1645,20.77,1686,100,0.772,-,29434130.52,24671445.81,27025.83,
Santo Anastácio,3547700,anastaciano,LUIZ INFANTE,552.876,17963,32.49,18045,98.5,0.753,10.87,101593387.73,87260943.13,26650.73,
Santo André,3547809,andreense,GILVAN FERREIRA DE SOUZA JUNIOR,175.782,748919,4260.50,778711,97.4,0.815,8.4,4351170371.35,4529441326.37,45062.56,
Santo Antônio da Alegria,3547908,alegriense,DENILSON DE CARVALHO,310.311,6775,21.83,6917,97.5,0.702,-,58731831.28,51551420.26,30114.17,
Santo Antônio de Posse,3548005,possense,JOSÉ RICARDO CORTEZ,154.133,23244,150.80,23779,97.3,0.702,14.39,190234541.22,178636583.21,78794.3,
Santo Antônio do Aracanguá,3548054,aracanguaense,LUIZ CARLOS DOS REIS NONATO,1308.432,8379,6.40,8568,98.9,0.757,26.32,96878944.02,83842093.04,33916.19,
Santo Antônio do Jardim,3548104,jardinense,OSVALDO MOREIRA,109.956,6126,55.71,6237,97,0.714,15.63,43532928.03,39125912.22,37602.53,
Santo Antônio do Pinhal,3548203,pinhalense,ANDERSON JOSE MENDONÇA,133.008,7133,53.63,7294,98.3,0.706,10.64,61437977.34,56618025.29,21690.65,
Santo Expedito,3548302,expeditense,ANDERSON JOSE BETIO,94.465,3000,31.76,3063,99.1,0.732,32.26,28989293.27,26899314.76,14964.67,
Santópolis do Aguapeí,3548401,santopolitano,GERSON ALVES DE LIMA JUNIOR,128.026,3899,30.45,3933,98.6,0.740,-,40854018.61,41978631.1,16609.02,
Santos,3548500,santista,ROGÉRIO PEREIRA DOS SANTOS,281.033,418608,1489.53,429567,98.2,0.840,8.04,5188075858.69,5171875878.5,55508.46,
São Bento do Sapucaí,3548609,sambentista,GILBERTO DONIZETI DE SOUZA,252.579,11674,46.22,11948,98.5,0.720,38.1,72112335.58,61146175.19,37283.14,
São Bernardo do Campo,3548708,são-bernardense,MARCELO DE LIMA FERNANDES,409.532,810729,1979.65,840499,97.6,0.805,8.7,6713152432.73,6585201421.73,68571.36,
São Caetano do Sul,3548807,sul-caetanense,ANACLETO CAMPANELLA JUNIOR,15.331,165655,10805.23,172109,97.4,0.862,4.46,2759824130.67,2734922611.95,95640.71,
São Carlos,3548906,são-carlense,ANTONIO DONATO NETTO,1136.907,254857,224.17,265294,97.9,0.805,11.78,1633952078.98,1685839653.61,55044.88,
São Francisco,3549003,são-francisquense,SEBASTIÃO DE OLIVEIRA BAPTISTA,75.579,2602,34.43,2629,100,0.723,-,30803574.83,31239102.79,18189.76,
São João da Boa Vista,3549102,são-joanense,VANDERLEI BORGES DE CARVALHO,516.399,92547,179.22,95762,97.2,0.797,7.54,676280497.31,684037088.96,44794.34,
São João das Duas Pontes,3549201,são-joanense,JOSÉ CARLOS BARUCI JÚNIOR,129.462,2580,19.93,2622,99.4,0.720,30.3,31449480.77,29822485.84,20591.79,
São João de Iracema,3549250,iracemense,LUIZ AUGUSTO TORRES,178.396,1846,10.35,1880,98.1,0.748,-,34900530.99,31427445.58,26507.78,
São João do Pau d'Alho,3549300,são-joanense,LUCAS DE OLIVEIRA BARBOSA,117.665,2242,19.05,2288,99.2,0.750,-,29900137.52,25106924.46,27920.27,
São Joaquim da Barra,3549409,joaquinense,WAGNER JOSE SCHMIDT,410.863,48558,118.19,49815,96.7,0.762,7.09,286861037.85,261552160.06,41547.41,
São José da Bela Vista,3549508,bela-vistense,WALTER CÁSSIO CARVALHO FACCIROLLI,276.952,7626,27.54,7690,97.9,0.693,-,51919148.19,49609364.14,25749.88,
São José do Barreiro,3549607,barreirense,LUIS EDUARDO SANTOS RIBEIRO,570.685,3853,6.75,3898,95.5,0.684,48.78,53143007.65,44082801.21,15297.56,
São José do Rio Pardo,3549706,rio-pardense,MARCIO CALLEGARI ZANETTI,419.684,52205,124.39,53416,97.6,0.774,9.62,339878777.91,370372919.88,42952.13,
São José do Rio Preto,3549805,rio-pretense,FÁBIO ROGÉRIO CANDIDO,431.944,480393,1112.17,501597,98,0.797,9.06,3281046948.71,3157201622.94,44679.93,
São José dos Campos,3549904,joseense,ANDERSON FARIAS FERREIRA,1099.409,697054,634.03,724756,97.4,0.807,9.77,4806703588.73,4887415434.24,61315.88,
São Lourenço da Serra,3549953,são-lourensano,FELIPE GEFERSON SEME AMED,186.456,16067,86.17,16458,97.2,0.728,31.45,94949111.97,86082220.52,17697.76,
São Luiz do Paraitinga,3550001,luizense,ALEX EUZÉBIO TORRES,617.315,10337,16.75,10497,100,0.697,29.7,71461717.03,67594214.44,19098.4,
São Manuel,3550100,são-manuelense,ODIRLEI JOSÉ FÉLIX,650.734,37289,57.30,38166,97.3,0.744,15.11,234708957.82,234781233.18,32463.42,
São Miguel Arcanjo,3550209,são-miguelense,ELIAS RODRIGUES DE PAULA,930.339,32039,34.44,32904,95.9,0.710,22.22,165139463.71,144337850,28853.83,
São Paulo,3550308,paulistano,RICARDO LUIS REIS NUNES,1521.202,11451999,7528.26,11895578,96,0.805,10.99,109711891708.12,123909183626.77,66872.84,
São Pedro,3550407,são-pedrense,THIAGO SILVERIO DA SILVA,611.278,38256,62.58,39725,94.8,0.755,7.65,253060348.11,229120852.74,24418.31,
São Pedro do Turvo,3550506,são-pedrense,LUIZ FELIPE DE CASTRO TAVARES,731.221,7217,9.87,7333,97.4,0.703,-,68889005.38,58498422.6,30342.39,
São Roque,3550605,são-roquense,MARCOS AUGUSTO ISSA HENRIQUES DE ARAÚJO,306.908,79484,258.98,81342,97.6,0.768,9.21,585529437.32,566703384.17,37074.85,
São Sebastião,3550704,sebastianense,REINALDO ALVES MOREIRA FILHO,402.395,81595,202.77,84019,98.2,0.772,11.74,1646871455.4,2275810682.34,174696.31,
São Sebastião da Grama,3550803,gramense,JOSÉ FRANCISCO MARTHA,252.410,10441,41.37,10484,98.3,0.701,12.5,66431401.98,59212981.41,35304.59,
São Simão,3550902,simonense,IZAIAS LEAO DE SOUZA,617.252,13442,21.78,13590,99.8,0.766,7.94,102276638.82,89749191.48,32456.75,
São Vicente,3551009,vicentino,KAYO FELYPE NACHTAJLER AMADO,148.151,329911,2226.86,338407,96.7,0.768,13.93,1652092491.53,1788500394.84,16506.51,
Sarapuí,3551108,sarapuiano,GUSTAVO DE SOUZA BARROS VIEIRA,352.592,10369,29.41,10632,99,0.707,-,71626936.1,63920225.99,19433.04,
Sarutaiá,3551207,sarutaiano,JOÃO ANTONIO FULONI,141.608,3704,26.16,3769,98.7,0.688,-,42257210.19,36046762.77,26651.32,
Sebastianópolis do Sul,3551306,sebastianopolense,JOSE ANTONIO ABREU DO VALLE,167.848,3130,18.65,3187,99,0.773,-,57358445.41,52802784.15,116133.14,
Serra Azul,3551405,serra-azulense,DEBORA CRISTINA RIBEIRO DA SILVA,283.144,12746,45.02,13058,96.9,0.686,9.43,66188725.6,57087050.5,12785.98,
Serrana,3551504,serranense,LEONARDO CARESSATO CAPITELI,126.046,43909,348.36,45408,97.5,0.729,15.71,253280211.17,241221168.09,29221.73,
Serra Negra,3551603,serrano ou serra-negrense,ELMIR KALIL ABI CHEDID,203.734,29894,146.73,30920,97.8,0.767,3.94,201139843.99,212963032.6,28485.03,
Sertãozinho,3551702,sertanezino,JOSÉ ALBERTO GIMENEZ,403.089,126887,314.79,131600,98.5,0.761,19.43,957932105.01,864866651.07,55352.42,
Sete Barras,3551801,barrense,ITALO DONIZETH COSTA ROBERTO,1062.699,12730,11.98,12912,96.1,0.673,11.49,88924072.34,83000458.68,29783.21,
Severínia,3551900,severinense,GUILHERME AUGUSTO DE ALMEIDA SECCHIERI,140.460,14576,103.77,14724,96,0.715,26.49,105794500.08,98239177.83,15258.78,
Silveiras,3552007,silveirense,EDSON MENDES MOTA,414.782,6186,14.91,6313,98.2,0.678,12.66,53258555.73,47481639.48,14518.99,
Socorro,3552106,socorrense,MAURICIO DE OLIVEIRA SANTOS,449.029,40122,89.35,41405,97.7,0.729,15.67,224074422.65,208702739.76,26870.22,
Sorocaba,3552205,sorocabano,RODRIGO MAGANHATO,449.872,723682,1608.64,757459,98.1,0.798,10.86,5186769031.15,5261275982.47,64046.61,
Sud Mennucci,3552304,sud-mennucciano,JOSÉ URBINO DOS SANTOS NETO,594.744,7355,12.37,7466,98.3,0.747,11.24,75948353.98,67624589.06,29307.88,
Sumaré,3552403,sumareense,HENRIQUE STEIN SCIASCIO,153.465,279545,1821.56,289787,97.7,0.762,10.21,1344423901.32,1254248870.76,55816.79,
Suzano,3552502,suzanense,PEDRO CHARLES SHIRAKAWA ISHI,206.236,307429,1490.67,318765,96.7,0.765,12.18,1582070486.21,1399883716.12,48818.92,
Suzanápolis,3552551,suzanapolense,GERSO ANTONIO DE OLIVEIRA,330.587,3408,10.31,3464,99.8,0.699,-,53112540.56,44145580.06,84169.56,
Tabapuã,3552601,tabapuãnense,SILVIO CESAR SARTORELLO,345.792,11323,32.75,11499,98.4,0.735,17.86,82520160.42,71726688.23,22859.37,
Tabatinga,3552700,tabatinguense,VALTER VALENTIM CAMARGO,368.604,14769,40.07,14994,96.5,0.704,-,98799054.92,96002839.82,20278.99,
Taboão da Serra,3552809,taboanense,DANIEL PLANA BOGALHO,20.388,273542,13416.81,284274,96.9,0.769,10.62,1197684224.55,1400206552.94,34588.58,
Taciba,3552908,tacibense,IZIDORO ARCESTI RICCI,606.766,6260,10.31,6399,99.3,0.723,22.47,68275237.2,54404060.38,29259.48,
Taguaí,3553005,taguaíno,EDER CARLOS FOGAÇA DA CRUZ,145.332,12669,87.17,13006,97.3,0.709,5.46,80371730.96,73999422.92,23824.33,
Taiaçu,3553104,taiaçuense,SUELI APARECIDA MENDES BIANCARDI,107.059,5677,53.03,5751,97.8,0.710,-,45135375.77,38524672.51,17319.16,
Taiúva,3553203,taiuvense,MAURO VICENTE BERSI,132.459,6548,49.43,6733,97.8,0.760,-,45888700.32,38543370.85,25108.07,
Tambaú,3553302,tambauense,LEONARDO TEIXEIRA SPIGA REAL,561.788,21435,38.15,21682,97.7,0.731,-,154659932.31,137522949.07,30119.07,
Tanabi,3553401,tanabiense,ALEXANDRE SILVEIRA BERTOLINI,747.218,25265,33.81,26021,99,0.748,11.41,166442577.81,147054758.91,50458.24,
Tapiraí,3553500,tapiraiense,ARALDO TODESCO,755.101,7996,10.59,8122,98.3,0.681,-,56729385.87,54111609.02,23966.14,
Tapiratiba,3553609,tapiratibense,RAMON JESUS VIEIRA,221.891,11816,53.25,11936,98.2,0.751,18.52,79091494.85,73815275.17,23275.49,
Taquaral,3553658,taquaralense,ARI FERNANDO JACINTO,53.892,2619,48.60,2652,98.2,0.759,35.71,32844878.22,26780583.29,16647.2,
Taquaritinga,3553708,taquaritinguense,FULVIO ZUPPANI,594.335,52260,87.93,53322,98.2,0.748,18.07,313382907.29,310397997.03,28846.24,
Taquarituba,3553807,taquaritubense,ÉDER MIANO PEREIRA,448.515,24350,54.29,24863,97.8,0.701,6.99,168841133.34,164637485.86,42424.52,
Taquarivaí,3553856,taquarivaiense,RUBENS CARLOS SOUTO DE BARROS,231.792,6876,29.66,7112,99.4,0.679,-,59688606.24,52705809.94,61548.88,
Tarabai,3553906,tarabaiense,RUBENS PINAFFI JUNIOR,201.385,6536,32.46,6635,99.2,0.726,24.1,53222329.57,47621941.86,22125.16,
Tarumã,3553955,tarumaense,ADRIANA BALEJO PIEDADE DA SILVA,302.913,14882,49.13,15248,99,0.753,22.73,131654687.58,118506374.64,58396.99,
Tatuí,3554003,tatuiano,MIGUEL LOPES CARDOSO JUNIOR,523.749,123942,236.64,128560,97.6,0.752,13.99,696109787.4,662201429.94,40892.85,
Taubaté,3554102,taubateano,SERGIO LUIZ VICTOR JUNIOR,625.003,310739,497.18,321298,98.1,0.800,12.04,1899745781.33,2071062723.05,50495.56,
Tejupá,3554201,tejupaense,VALTER BORANELLI,296.189,4127,13.93,4142,98.4,0.668,-,43565685.17,35659100.93,31023.44,
Teodoro Sampaio,3554300,teodorense,CLAUDIO EVANGELISTA DA SILVA JUNIOR,1555.803,22173,14.25,22559,97.1,0.741,14.39,144425066.54,130179768.84,26801.81,
Terra Roxa,3554409,terra-roxense,ROGERIO RAFAEL FURLINI,221.541,7904,35.68,7985,98.9,0.749,21.05,51458624.45,47844356.52,18410.36,
Tietê,3554508,tieteense,JOSÉ CARLOS REGONHA JUNIOR,404.396,37663,93.13,38690,97.1,0.778,11.71,266676473.76,239083438.66,50258.52,
Timburi,3554607,timburiense,CRISTIANO DA CUNHA AMORIM,196.790,2464,12.52,2490,99.7,0.710,-,37843767.59,35349248.8,25047.71,
Torre de Pedra,3554656,torrepedrense,CIRO LUIZ PEDROSO,71.348,2046,28.68,2063,98.4,0.714,-,31237507.4,26384327.46,15524.93,
Torrinha,3554706,torrinhense,ARI RODOLFO BUZATO,315.267,9335,29.61,9484,96.4,0.744,12.2,67554686.72,59197932.91,28177.45,
Trabiju,3554755,trabijuense,MARCELO RODRIGUES FONSECA,63.421,1682,26.52,1719,98.4,0.722,-,27881787.43,23164488.85,25639,
Tremembé,3554805,tremembeense,CLEMENTE ANTONIO DE LIMA NETO,191.094,51173,267.79,53083,97.8,0.785,11.63,249014720.04,216511249.36,18591.56,
Três Fronteiras,3554904,trifonteirano,FLÁVIO LUIZ RENDA DE OLIVEIRA,151.594,6804,44.88,7013,98.8,0.753,46.15,43216113.91,40296093.8,20839.4,
Tuiuti,3554953,tuiutiense,ALEXANDRE TADEU GONÇALVES,126.731,6778,53.48,6947,97.3,0.728,-,44360992.74,35808668.27,25756.65,
Tupã,3555000,tupãense,RENAN VICTOR PONTELLI,627.986,63928,101.80,65416,97.3,0.771,6.23,362353998.09,347767171.64,33732.18,
Tupi Paulista,3555109,tupiense,JULIANO VIGILATO GUIRO,244.770,15854,64.77,16206,99.4,0.769,29.63,89255720.22,84148237.6,21720.31,
Turiúba,3555208,turiubano,JORGE AUGUSTO MOLINA,153.235,1818,11.86,1839,100,0.751,-,39625031.18,33126664.38,27877.78,
Turmalina,3555307,turmalinense,PRISCILLA TATIANA DIAS MASSONI,147.797,1669,11.29,1672,97.1,0.736,-,34199345.76,31887278.24,44206.07,
Ubarana,3555356,ubaranense,VANDERLEI RODRIGUES DA CRUZ,209.861,5365,25.56,5456,99.7,0.700,16.39,58361532.56,51146832.21,32774.2,
Ubatuba,3555406,ubatubano,FLAVIA COMITTE DO NASCIMENTO,708.105,92981,131.31,96598,97.7,0.751,14.06,758915655.92,767763652.74,29152.88,
Ubirajara,3555505,ubirajarense,LEILA ALVIM BORDIM,282.179,5132,18.19,5265,98.9,0.727,53.57,44225819.7,38501835.74,23709.14,
Uchoa,3555604,uchoense,JOSÉ CLAUDIO MARTINS,252.434,10394,41.18,10627,98.2,0.721,10.87,78984378.37,76836386.29,39430.92,
União Paulista,3555703,união-paulistense,KENDREA ALVES PAPILE CAVATÃO,79.056,1603,20.28,1628,96.8,0.749,-,31777578.18,29844094.66,30538.05,
Urânia,3555802,uraniense,IVAN SOUBHIA GARCIA,209.262,8833,42.21,8973,100,0.746,20.83,50557382.53,49183901.01,31344.02,
Uru,3555901,uruense,ROBSON EDUARDO FORTE,146.901,1387,9.44,1419,95.1,0.712,-,31729593.42,25909024.71,40623.52,
Urupês,3556008,urupeense,ROBERTO CACCIARI FILHO,323.916,13744,42.43,14038,99.1,0.745,24.39,99988088.55,89898587.35,34609.7,
Valentim Gentil,3556107,valentim-gentilense,CLAUDINEI CARVASSAN RODRIGUES,149.741,14098,94.15,14531,98.8,0.735,25.16,91230750.97,79932871.44,31863.26,
Valinhos,3556206,valinhense,FRANKLIN DUARTE DE LIMA,148.538,126373,850.78,131277,97.2,0.819,4.8,1193806483.37,1123338348.89,59842.76,
Valparaíso,3556305,valparaisense,CARLOS ALEXANDRE PEREIRA,857.661,24241,28.26,24723,98,0.725,12.35,179525925.21,164488038.03,45529.09,
Vargem,3556354,vargense,LEODECIO ALVES DE LIMA,142.595,10512,73.72,10805,98.1,0.699,22.9,71478432.01,65391803.03,14148.82,
Vargem Grande do Sul,3556404,vargem-grandense,CELSO LUIS RIBEIRO,267.178,40133,150.21,41226,98.8,0.737,4.04,257623229.52,267114687.59,29684.07,
Vargem Grande Paulista,3556453,vargem-grandense,PITER APARECIDO DOS SANTOS,42.489,50415,1186.54,52103,97.2,0.770,17.65,330798637.98,297907338.84,53359.16,
Várzea Paulista,3556503,varzino,RODOLFO WILSON RODRIGUES BRAGA,35.120,115771,3296.44,119576,96.9,0.759,14.62,560197235.28,513935928.88,31913.34,
Vera Cruz,3556602,vera-cruzense,RODOLFO SILVA DAVOLI,247.716,10176,41.08,10294,99,0.754,34.09,65511066.22,65617719.73,22231.9,
Vinhedo,3556701,vinhedense,DARIO PACHECO DE MORAIS,80.950,76540,945.52,79235,97.5,0.817,6.35,1052107691.27,996046008.81,154054.53,
Viradouro,3556800,viradourense,NILTON AUGUSTO ALVES FILHO,217.726,17414,79.98,17681,98.4,0.739,-,146397905.18,128184365.23,23190.53,
Vista Alegre do Alto,3556909,vista-alegrense,NELSON ANTONIO ROZANI,95.429,8109,84.97,8327,100,0.744,10.87,69193586.64,62391758.77,46388.5,
Vitória Brasil,3556958,vitoriabrasiliense,PAULO HENRIQUE MIOTTO,49.832,1794,36.00,1826,98.5,0.725,-,28525618.55,23844275.85,24394.51,
Votorantim,3557006,votorantinense,WEBER MAGANHATO JUNIOR,184.186,127923,694.53,132849,97.8,0.767,14.65,653005119.04,770176830.37,31487.9,
Votuporanga,3557105,votuporanguense,JORGE AUGUSTO SEBA,420.703,96634,229.70,100159,98.8,0.790,9.62,646686502.89,547566546.66,40190.41,
Zacarias,3557154,zacariense,HEDER JEAN BRUNO DE OLIVEIRA,319.056,2692,8.44,2761,98.6,0.729,-,55781324.55,41167216.12,46763.19,
Chavantes,3557204,chavantense,LUIZ FILIPE DE PAULA JACINTO,188.727,12211,64.70,12411,98.6,0.729,7.41,75415988.22,68544054.11,21448.28,
Estiva Gerbi,3557303,estivense,MARCIO ROBERTO PAVAN,74.144,11295,152.34,11566,98.6,0.740,7.75,94700600.58,85029540.54,33843.06,

<table class="fontes-container"><tr><th>Notas:</th></tr><tr><td>Escolarização <span>6 a 14 anos</span>: [população residente no município de 6 a 14 anos de idade matriculada no ensino regular/total de população residente no município de 6 a 14 anos de idade] x 100</td></tr><tr><th>Fontes:</th></tr><tr><td>Área Territorial: Área territorial brasileira 2022. Rio de Janeiro: IBGE, 2023</td></tr><tr><td>População no último censo: Censo 2022: População e Domicílios - Primeiros Resultados - Atualizado em 22/12/2023</td></tr><tr><td>Densidade demográfica: Censo 2022: População e Domicílios - Primeiros Resultados - Atualizado em 22/12/2023</td></tr><tr><td>População estimada: IBGE, Diretoria de Pesquisas, Coordenação de População e Indicadores Sociais, Estimativas da população residente com data de referência 1o de julho de 2024</td></tr><tr><td>Escolarização <span>6 a 14 anos</span>: IBGE, Censo Demográfico 2010</td></tr><tr><td>IDHM <span>Índice de desenvolvimento humano municipal</span>: Programa das Nações Unidas para o Desenvolvimento - PNUD</td></tr><tr><td>Mortalidade infantil: Ministério da Saúde, Departamento de Informática do Sistema Único de Saúde - DATASUS 2022</td></tr><tr><td>Total de receitas brutas realizadas: Siconfi: Sistema de Informações Contábeis e Fiscais do Setor Público Brasileiro. Brasília, DF, [2023]. Disponível em: https://siconfi.tesouro.gov.br/siconfi/pages/public/consulta_finbra/finbra_list.jsf. Acesso em: jun. 2024, Contas anuais. Receitas orçamentárias realizadas (Anexo I-C) 2023 e Despesas orçamentárias empenhadas (Anexo I-D) 2023. In: Brasil. Secretaria do Tesouro Nacional</td></tr><tr><td>Total de despesas brutas empenhadas: Siconfi: Sistema de Informações Contábeis e Fiscais do Setor Público Brasileiro. Brasília, DF, [2023]. Disponível em: https://siconfi.tesouro.gov.br/siconfi/pages/public/consulta_finbra/finbra_list.jsf. Acesso em: jun. 2024, Contas anuais. Receitas orçamentárias realizadas (Anexo I-C) 2023 e Despesas orçamentárias empenhadas (Anexo I-D) 2023. In: Brasil. Secretaria do Tesouro Nacional</td></tr><tr><td>PIB per capita: IBGE, em parceria com os Órgãos Estaduais de Estatística, Secretarias Estaduais de Governo e Superintendência da Zona Franca de Manaus - SUFRAMA</td></tr></table>