Santa Catarina | Todos os Munic&iacute;pios
Munic&iacute;pio [-],C&oacute;digo [-],Gent&iacute;lico [-],Prefeito [2025],&Aacute;rea Territorial - km&sup2; [2024],Popula&ccedil;&atilde;o no &uacute;ltimo censo - pessoas [2022],Densidade demogr&aacute;fica - hab/km&sup2; [2022],Popula&ccedil;&atilde;o estimada - pessoas [2024],Escolariza&ccedil;&atilde;o &lt;span&gt;6 a 14 anos&lt;/span&gt; - % [2010],IDHM &lt;span&gt;&Iacute;ndice de desenvolvimento humano municipal&lt;/span&gt; [2010],Mortalidade infantil - &oacute;bitos por mil nascidos vivos [2023],Total de receitas brutas realizadas - R$ [2024],Total de despesas brutas empenhadas - R$ [2024],PIB per capita - R$ [2021],
Abdon Batista,4200051,abdonense,LUCIMAR ANTONIO SALMORIA,237.517,2598,10.94,2633,100,0.694,33.33,48387430.76,39500560.8,29646.51,
Abelardo Luz,4200101,abelardense,NERCI SANTIN,953.992,17392,18.23,17736,97.1,0.696,23.17,151291144.53,141286192.81,43621.44,
Agrol&acirc;ndia,4200200,agrolandense,GIANFRANCO CHRISTIANO MOHR,206.815,10990,53.14,11491,97,0.725,-,81574553.17,74828047.78,35492.31,
Agron&ocirc;mica,4200309,agronomense,VOLNEI RODRIGUES,129.774,6055,46.66,6394,94.4,0.741,-,52327681.35,47150921.13,41807.92,
&Aacute;gua Doce,4200408,&aacute;gua-docense,GIOVANI LUIZ BRANDALISE,1327.911,6508,4.93,6625,97.9,0.698,23.26,96999971.85,84268447.04,90930.69,
&Aacute;guas de Chapec&oacute;,4200507,aguense,OSCAR BARELA,139.511,6036,43.27,6128,99.3,0.713,14.29,48598366.15,42487013.12,21040.34,
&Aacute;guas Frias,4200556,&aacute;guasfriense,WESLEY TERRIBILE,76.631,2839,37.05,2963,100,0.745,-,41508838.86,37708388.32,69655.52,
&Aacute;guas Mornas,4200606,&aacute;guas-mornense,PEDRO FRANCISCO GARCIA,326.660,6743,20.64,7082,98.7,0.723,-,55351396.33,52015352.71,30026.7,
Alfredo Wagner,4200705,alfredense,GILMAR SANI,733.489,10481,14.29,10862,92.8,0.668,10.99,57693608.95,53815599.9,33191.8,
Alto Bela Vista,4200754,bela-vistense,ADIR FLAVIO SVIDERSKEI,103.433,1856,17.94,1860,98.7,0.755,-,38820916.3,46756998.41,41248.18,
Anchieta,4200804,anchietense,MOACIR PEDRO PIOVEZANI,232.348,5943,25.58,5984,99.8,0.699,-,49890552.55,47202310.85,37207.3,
Angelina,4200903,angelinense,ELISEU JOSE COELHO,499.998,5358,10.72,5472,99.3,0.687,22.22,50507192.45,45411810.94,37247.98,
Anita Garibaldi,4201000,anita-garibaldense,HENRIQUE MENEGAZZO,589.812,8285,14.05,8367,96.1,0.688,-,63445203.23,55598608.54,34127.28,
Anit&aacute;polis,4201109,anitapolitano,SOLANGE BACK,540.636,3593,6.65,3726,98.5,0.674,-,41705535.41,35386927.29,26235.15,
Ant&ocirc;nio Carlos,4201208,ant&ocirc;nio-carlense,ON&Eacute;LIO RICHARTZ,234.422,11224,47.88,12118,96.5,0.749,23.44,97165335.75,89001967.53,91422.34,
Api&uacute;na,4201257,apiunense,MARCELO DOUTEL DA SILVA,493.490,9811,19.88,10020,97.8,0.708,7.14,91433005.89,78418287.67,40398.52,
Arabut&atilde;,4201273,arabutanense,OLGUIN RICARDO METZ,132.585,4378,32.97,4487,99.6,0.733,23.81,63447080.28,54457767.63,66635.06,
Araquari,4201307,araquariense,LUDGERO JASPER JUNIOR,386.693,45283,117.10,50178,96,0.703,5.07,475175645.27,410071390.71,183116.55,
Ararangu&aacute;,4201406,araranguaense,C&Eacute;SAR ANTONIO CESA,301.806,71922,238.30,75597,98.4,0.760,13.56,359577805.82,357952618.84,34317.67,
Armaz&eacute;m,4201505,armazenense,LUIZ PAULO RODRIGUES MENDES,173.958,8834,50.78,9188,98.4,0.770,8.55,65096408.81,62492683.04,30763.41,
Arroio Trinta,4201604,arroio-trintense,ANTONIO SERIGHELLI,93.530,3556,38.02,3628,99.3,0.764,25,50047743.21,42522439.59,35505.67,
Arvoredo,4201653,arvoredense,AGENOR JOSE ZANCO,90.503,2510,27.73,2600,97.6,0.715,-,41328738.03,35373508.35,91500.25,
Ascurra,4201703,ascurrense,ARAO JOSINO DA SILVA,112.884,8319,73.70,8635,98,0.742,9.71,55722362.64,49177149.52,30537.45,
Atalanta,4201802,atalantense,CLAUDIO VOLNEI SENS,94.383,3227,34.19,3270,98.9,0.733,19.61,38014379.06,32198216.32,39623.72,
Aurora,4201901,aurorense,VANDERLEI ZANDONAI,207.045,6780,32.75,7127,99.3,0.733,9.62,63661337.15,60349146.03,71547.9,
Balne&aacute;rio Arroio do Silva,4201950,arroio-silvense,EVANDRO SCAINI,94.315,15820,167.45,17215,98.1,0.746,18.29,99592483.09,91392146.34,16094.47,
Balne&aacute;rio Cambori&uacute;,4202008,balneocamboriuense,JULIANA PAVAN VON BORSTEL,45.214,139155,3077.70,148758,98.3,0.845,7.86,1865980258.16,1820267490.61,49301.41,
Balne&aacute;rio Barra do Sul,4202057,barrassulense,ADEMAR HENRIQUE BORGES,108.914,14912,136.92,16360,98.7,0.716,5.92,115513785.19,114382103.7,22583.61,
Balne&aacute;rio Gaivota,4202073,gaivotense,EVERALDO DOS SANTOS,146.834,15669,106.71,17306,98.7,0.728,4.9,108491983.14,102502247.53,18802.13,
Bandeirante,4202081,bandeirantense,EDER LUIZ MARCON,148.074,3144,21.23,3243,99.3,0.672,47.62,40585323.16,33634389.38,39039.04,
Barra Bonita,4202099,barrabonitense,AGNALDO DERESZ,92.934,1668,18.02,1662,96.5,0.701,-,34827457.78,29384264.25,32170.94,
Barra Velha,4202107,barra-velhense,DANIEL PONTES DA CUNHA,138.947,45369,326.52,50730,96.8,0.738,15.44,341762252.72,283827884.67,77674.67,
Bela Vista do Toldo,4202131,bela vistense,FRANCISCO CARLOS SCHIESSL,535.682,5872,10.96,5950,98.9,0.675,19.23,51223173.18,41583978.29,30823.44,
Belmonte,4202156,belmontense,JAIR ANTONIO GIUMBELLI,93.852,2658,28.32,2709,100,0.705,-,38759961.06,34401851.44,21255.57,
Benedito Novo,4202206,benedito-novense,JEAN MICHEL GRUNDMANN,388.291,10520,27.09,10738,98.2,0.740,8.4,77037230.31,66150672.57,39514.66,
Bigua&ccedil;u,4202305,bigua&ccedil;uense,SALMIR DA SILVA,365.755,76773,209.90,82028,96.9,0.739,5.77,465085994.24,419445526.88,37884.91,
Blumenau,4202404,blumenauense,EGIDIO MACIEL FERRARI,518.635,361261,696.58,380597,97,0.806,10.16,3007233595.32,3013593288.02,56155.65,
Bocaina do Sul,4202438,bocainense,JO&Atilde;O EDUARDO DELLA JUSTINA,510.673,3515,6.88,3618,96.8,0.647,18.18,42215425.69,35405840.65,38814.82,
Bombinhas,4202453,bombinense,ALEXANDRE DA SILVA,35.143,25058,713.03,27732,99,0.781,17.49,327554305.07,294745412.51,41998.46,
Bom Jardim da Serra,4202503,bom-jardinense,PEDRO LUIZ OSTETTO,938.516,4026,4.29,4028,97.9,0.696,-,49844028.84,44444310.83,77409.04,
Bom Jesus,4202537,bonjesuense,VILMAR PECCINI,63.883,2777,43.47,2872,97.9,0.718,-,36844944.96,34794391.32,51609.65,
Bom Jesus do Oeste,4202578,bonjesuense,MARCIO JOSE STORCK,67.777,2187,32.27,2234,100,0.712,-,40584176.86,28421708.52,34501.29,
Bom Retiro,4202602,bom-retirense,HELENA SCHILD DE OLIVEIRA,1057.034,8418,7.96,8468,96.3,0.699,25,57486401.24,50792289.75,41595.46,
Botuver&aacute;,4202701,botuveraense,VICTOR JOSE WIETCOWSKY,296.256,5363,18.10,5623,99,0.724,-,59198646.94,51867162.81,79794.37,
Bra&ccedil;o do Norte,4202800,bra&ccedil;o-nortense,LAURO BOEING JUNIOR,212.045,33773,159.27,35534,98.9,0.778,19.4,205846611.36,191902375.26,50875.18,
Bra&ccedil;o do Trombudo,4202859,bra&ccedil;o trombudense,ADRIANO TREINATTI,89.411,4026,45.03,4203,99,0.780,-,51865176.56,43074831.41,65924.69,
Brun&oacute;polis,4202875,brunopolitense,TANIA CONCEI&Ccedil;&Atilde;O BORTOLINI,336.439,2489,7.40,2466,98.7,0.661,-,43954544.69,42140531.87,59513.45,
Brusque,4202909,brusquense,ANDRE VECHI,284.675,141385,496.65,151949,98,0.795,5.8,1030392568.85,896751566.11,62044.42,
Ca&ccedil;ador,4203006,ca&ccedil;adorense,ALENCAR MENDES,983.424,73720,74.96,75998,96,0.735,6.32,468512566.87,438167237.49,58773.87,
Caibi,4203105,caibiense,EDER PICOLI,173.079,6304,36.42,6431,98.7,0.728,-,58185273.93,49645465.35,51823.35,
Calmon,4203154,calmonense,HELIO MARCELO OLENKA,636.208,3443,5.41,3513,95.6,0.622,18.18,41792485.41,38375026.11,29378.94,
Cambori&uacute;,4203204,camboriuense,LEONEL ARCANGELO PAVAN,210.568,103074,489.50,113525,96.6,0.726,5.45,546837231.14,499959516.64,25718.35,
Cap&atilde;o Alto,4203253,cap&atilde;o altense,SADIANA ARRUDA MELO COELHO LOPES,1331.962,2625,1.97,2647,99.3,0.654,-,46553089.11,39960666.25,95262.07,
Campo Alegre,4203303,campo-alegrense,RUBENS BLASZKOWSKI,500.173,12501,25.04,12815,98.6,0.714,35.21,134865423.16,127853614.28,58375.96,
Campo Belo do Sul,4203402,campo-belense,C&Eacute;LIO PEREIRA,1025.638,7257,7.08,7342,95.7,0.641,-,52905808.9,43898894.04,48338.42,
Campo Er&ecirc;,4203501,campo-erense,ROZANE BORTONCELLO MOREIRA,479.161,9623,20.08,9838,98.7,0.690,18.29,75110995.27,67452989.04,52668.42,
Campos Novos,4203600,campos-novense,DIRCEU JOS&Eacute; KAIPER,1717.579,36932,21.50,38656,97.3,0.742,3.95,328455832.72,276804851.95,70809.55,
Canelinha,4203709,canelense,DIOGO FRANCISCO ALVES MACIEL,150.904,12821,84.90,13413,98.5,0.697,-,103645540.27,92620543.29,23547.81,
Canoinhas,4203808,canoinhense,JULIANA MACIEL HOPPE,1148.036,55016,47.92,56721,98.8,0.757,8.08,324987002.29,306590820.13,40376.72,
Capinzal,4203907,capinzalense,AGUINALDO PEDRO PAGGI,244.326,23314,95.53,24176,97.8,0.752,3.4,180785900.11,161298292.63,46110.8,
Capivari de Baixo,4203956,capivariense,CLAUDIR ANTONIO DE BITENCOURT,53.222,23975,450.47,24799,97.6,0.767,7.38,158761367.19,152324163.73,52929.03,
Catanduvas,4204004,catanduvense,MONALISA RUARO,199.166,10566,53.05,10938,96.2,0.714,19.48,87426680.28,71159319.88,47796.53,
Caxambu do Sul,4204103,caxambuense,EDI MARCOS ANTUNES DE MELLO,140.873,4614,32.75,4732,96.1,0.691,-,51520551.95,51000140.88,47409.88,
Celso Ramos,4204152,celso-ramense,ALECSANDRO PELOZATTO,208.391,2805,13.46,2860,99,0.719,-,44006601.96,39174160.09,24325.15,
Cerro Negro,4204178,cerronegrense,ADELAR JOS&Eacute; DE MORAIS,418.544,3317,7.93,3326,96.3,0.621,-,38205571.2,32414279.78,46933.43,
Chapad&atilde;o do Lageado,4204194,lageadense,EUGENIO ANTONIO ROLING,124.866,2950,23.63,3036,99.4,0.704,23.26,36384084.83,31510569.63,32372.27,
Chapec&oacute;,4204202,chapecoense,JO&Atilde;O RODRIGUES,624.673,254785,407.76,275959,98.4,0.790,6.78,1750183891.13,1630094272.3,60166.46,
Cocal do Sul,4204251,sul-cocalense,ADEMIR MAGAGNIN,70.965,17240,242.94,17912,98.8,0.780,-,143291372.26,132746845.74,52196.27,
Conc&oacute;rdia,4204301,concordiense,EDILSON MASSOCCO,799.195,81646,102.16,85982,98.4,0.800,14.69,731626744.87,619136552.5,60241.75,
Cordilheira Alta,4204350,cordilheiraltense,WILSON LUIZ DA SILVA,85.276,4781,57.22,5099,99.4,0.747,-,56328842.31,51441383.99,94779.48,
Coronel Freitas,4204400,freitense ou freitano,MARTA I&Ocirc;NE TOZETTO,232.470,10388,44.45,10583,99.6,0.744,-,75988934.48,71374317.78,38539.31,
Coronel Martins,4204459,coronel martiense,MOACIR BRESOLIN,107.502,2065,19.21,2028,99.3,0.696,-,33507242.89,28650004.37,22411.37,
Corup&aacute;,4204509,corupaense,EDDY EDGARD EIPPER,405.761,15267,37.63,15781,99.1,0.780,-,115372366.28,103897547.11,48927.49,
Correia Pinto,4204558,correia-pintense,LUCIA RAQUEL RODRIGUES ORTIZ,647.388,15727,24.29,16163,97.3,0.702,4.95,115576500.52,99138045.38,48011.32,
Crici&uacute;ma,4204608,criciumense,VAGNER ESPINDOLA RODRIGUES,234.794,214493,913.26,225281,98.5,0.788,8.34,1419845438.19,1319547247.05,45871.13,
Cunha Por&atilde;,4204707,cunha-porense,LUZIA ILIANE VACARIN,220.099,10953,49.76,11208,99.3,0.742,-,100080220.04,77028615.95,83184.26,
Cunhata&iacute;,4204756,cunhataiense,DIRCEU HOSS,54.811,1968,35.91,2018,100,0.754,-,37811057.41,32965863.46,33782.2,
Curitibanos,4204806,curitibanense,KLEBERSON LUCIANO LIMA,949.994,40045,42.16,41512,97.7,0.721,10.34,245018510.41,224576416.59,46834.52,
Descanso,4204905,descansense,JULIANO JUNIOR KASPER,287.057,8530,29.72,8660,99.2,0.743,10.2,63437540.84,54752632.51,36746.79,
Dion&iacute;sio Cerqueira,4205001,cerqueirense,BIANCA MOREIRA MARAN BERTAMONI,378.843,15008,39.62,15294,96.6,0.706,4.78,112857502.32,110781228.68,40805.41,
Dona Emma,4205100,donemense,ELLEN SIGRID SCHUENKE,178.157,4221,23.69,4388,98.1,0.742,-,44732256.72,40576751.94,39232.06,
Doutor Pedrinho,4205159,pedrinhense,GELEADE GADIEL WOLLERT,374.205,3637,9.72,3719,98.4,0.716,-,40856857.05,36538813.33,42194.15,
Entre Rios,4205175,entrerriense,EVANDRO ANTONIO DOS PASSOS,103.838,3402,32.75,3525,97.3,0.657,-,36254712.49,32908763.8,18989.84,
Ermo,4205191,ermense,PAULO DELLA VECCHIA,65.311,2269,34.74,2349,97.9,0.726,-,47956106.34,40430277.58,85741.16,
Erval Velho,4205209,ervalhense,LENITA DADALT FONTANA,208.841,4885,23.39,5081,97.5,0.723,35.71,50818838.46,43886071.15,41403.62,
Faxinal dos Guedes,4205308,faxinalense,JADER ADRIEL DANIELLI,340.070,11192,32.91,11486,97.4,0.758,11.9,102149665.12,92774532.6,71337.18,
Flor do Sert&atilde;o,4205357,flor-sertanense,VALDEMAR GRANDO,58.457,1783,30.50,1850,99.1,0.708,45.45,36008237,29527515.01,40808.13,
Florian&oacute;polis,4205407,florianopolitano,TOPAZIO SILVEIRA NETO,674.844,537211,796.05,576361,98.4,0.847,6.54,3823377666.5,3837714148.01,45602.98,
Formosa do Sul,4205431,formoense do sul,DOVALDO PALMORIO,100.408,2682,26.71,2743,98.9,0.715,28.57,37762562.35,32061404,31692.37,
Forquilhinha,4205456,forquilhinhense,JOS&Eacute; CLAUDIO GON&Ccedil;ALVES,183.351,31431,171.43,33929,98.3,0.753,12.27,250824562.37,233381843,44327.22,
Fraiburgo,4205506,fraiburgense,WILSON RIBEIRO CARDOSO JUNIOR,549.188,33481,60.96,34148,98.1,0.731,10.04,249397812.98,226276148.77,34677.27,
Frei Rog&eacute;rio,4205555,frei rogeriense,IVO JOS&Eacute; MAZZUCO,158.775,2411,15.19,2442,100,0.682,-,37046731.39,29813261.03,53228.76,
Galv&atilde;o,4205605,galv&atilde;oense,HILARIO JOS&Eacute; ROSIAK,139.836,3210,22.96,3200,97.9,0.708,-,46693257.71,44344262.32,36868.88,
Garopaba,4205704,garopabense,JUNIOR DE ABREU BENTO,114.773,29959,261.03,32962,99.6,0.753,2.76,240138745.92,198882365.88,32120.12,
Garuva,4205803,garuvense,PLOTINO DE BITENCOURT,503.595,18545,36.83,19554,98,0.725,4.44,180948453.53,156210522.92,108052.68,
Gaspar,4205902,gasparense,PAULO NORBERTO KOERICH,386.599,72570,187.71,76982,97.3,0.765,8.88,483646121.51,465923729.64,57793.4,
Governador Celso Ramos,4206009,gancheiro,MARCOS HENRIQUE DA SILVA,127.556,16915,132.61,17920,97.9,0.747,13.76,199191616.8,200890063.07,30505.62,
Gr&atilde;o-Par&aacute;,4206108,gr&atilde;o-paraense,HELIO ALBERTON JUNIOR,334.362,6277,18.77,6397,98.2,0.736,12.99,72497365.31,55481860.09,49711.35,
Gravatal,4206207,gravatalense,CLEINILS RODRIGUES DA SILVA,165.718,12435,75.04,12989,98,0.757,37.74,76131239.96,68467880.5,33232.99,
Guabiruba,4206306,guabirubense,VALMIR ZIRKE,172.173,24543,142.55,26082,97.6,0.754,12.82,157839172.3,134970849.91,50664.89,
Guaraciaba,4206405,guaraciabense,DOMINGOS MARCON,331.766,10796,32.54,11040,99.4,0.751,-,80190248.19,75602504.77,45623.37,
Guaramirim,4206504,guaramirense,ADRIANO MARCEL ZIMMERMANN,267.514,46711,174.61,49941,96.7,0.751,5.77,366914652.05,305628496.85,53769.65,
Guaruj&aacute; do Sul,4206603,guarujaense,ELIANE APARECIDA DE SOUZA FANTON,100.630,4829,47.99,4899,98.2,0.730,-,50118856.44,44644275.59,38980.39,
Guatamb&uacute;,4206652,guatambuense,LUIZ ANDRE SPEROTTO,206.196,8425,40.86,9267,98.8,0.717,7.09,71712225.67,75849693.68,75652.73,
Herval d'Oeste,4206702,hervalense,RONALDO LOREN&Ccedil;O DA ROSA,216.581,21724,100.30,22173,97.4,0.758,16.72,147869085.46,136356772.82,27341.12,
Ibiam,4206751,ibianense,CAMILO CEZAR MINOSSO GATTI,146.009,2008,13.75,2055,100,0.725,-,40634306.24,35254516.7,38731.28,
Ibicar&eacute;,4206801,ibicareense,ROBERTO SERGIO BESEN,156.231,3269,20.90,3304,98.4,0.708,-,47635829.24,38020270.2,46101.95,
Ibirama,4206900,ibiramense,DU&Iacute;LIO GEHRKE,247.102,19862,80.38,20663,98.8,0.737,4.12,125070618.41,108136674.54,31141.54,
I&ccedil;ara,4207007,i&ccedil;arense,DALVANIA PEREIRA CARDOSO,230.487,59035,256.24,62455,96.4,0.741,6.44,383206393.97,347109494.9,60654.48,
Ilhota,4207106,ilhotense,JOEL JOSE SOARES,253.024,17046,67.37,18197,97,0.738,17.39,140135301.71,130765086.16,83624.84,
Imaru&iacute;,4207205,imaruense,PATRICK CORREA,542.238,11881,21.91,12127,97.5,0.667,8.77,68944210.62,60932885.19,25889.78,
Imbituba,4207304,imbitubense,MICHELL NUNES,181.577,52579,289.57,56107,99.1,0.765,1.58,311293726.51,290850297.14,54744.62,
Imbuia,4207403,imbuiense,ANTONIO OSCAR LAURINDO,119.113,5982,50.22,6139,99.7,0.713,26.67,48196365.95,40999932.07,41481.11,
Indaial,4207502,indaialense,SILVIO C&Eacute;SAR DA SILVA,430.799,71549,166.08,76333,98.1,0.777,14.18,582320173.35,539259402.44,50804.13,
Iomer&ecirc;,4207577,iomerense,LUCI PERETTI,113.986,2877,25.24,2953,100,0.795,32.26,48051450.19,39016306.65,76457.16,
Ipira,4207601,ipirense,MARCELO BALDISSERA,156.187,4578,29.41,4635,99.5,0.736,-,38809989.35,40833561.24,24529.33,
Ipor&atilde; do Oeste,4207650,ipor&atilde;-oestino,MICHEL NEDEL BARTH,201.118,9335,46.45,9672,98.8,0.759,-,72352273.23,65244938.56,41930.24,
Ipua&ccedil;u,4207684,ipua&ccedil;uense,NELSON BRISOLA,261.130,7730,29.61,8046,95.7,0.660,29.63,69070297.36,55682403.29,42060.38,
Ipumirim,4207700,ipumiriense,VALDIR ZANELLA,246.115,7816,31.78,8065,99.7,0.738,9.26,70425211.08,60842418.54,60897.95,
Iraceminha,4207759,iraceminhense,ROBERTO FORESTI,165.147,3986,24.14,4005,98.9,0.722,23.26,50256833.27,42986513.05,34297.27,
Irani,4207809,iraniense,VANDERLEI CANCI,325.862,10195,31.29,10497,98.2,0.742,13.7,80171417.51,71407444.19,26727.48,
Irati,4207858,iratiense,ODIRLEI CARLOS BERGAMASCHI,77.912,2069,26.56,2100,97.8,0.707,-,36207487.07,30903529.37,30001.45,
Irine&oacute;polis,4207908,irineopolitense,JULIANO POZZI PEREIRA,589.698,10285,17.44,10437,97.5,0.699,-,88473800.24,76744488.1,40421.58,
It&aacute;,4208005,itaense,CLEMOR ANTONIO BATTISTI,166.265,7067,42.50,7310,98.4,0.771,33.71,101662884.79,90321812.3,66440.04,
Itai&oacute;polis,4208104,itaiopolense,IVAN RECH,1297.543,22051,16.99,22741,97.3,0.708,14.49,138917085.08,121055256.55,47859.71,
Itaja&iacute;,4208203,itajaiense,ROBISON JOS&Eacute; COELHO,289.215,264054,913.00,287289,97.9,0.795,11.8,3214985424.64,2833080170.97,210729.12,
Itapema,4208302,itapemense,CARLOS ALEXANDRE DE SOUZA RIBEIRO,58.210,75940,1304.59,83330,98,0.796,7.99,687125064.66,652455476.34,41670.53,
Itapiranga,4208401,itapiranguense,ALEXANDRE GOMES RIBAS,281.782,16638,59.05,17149,99.8,0.775,24.15,158079863.64,137184117.72,62122.97,
Itapo&aacute;,4208450,itapoaense,JEFERSON RUBENS GARCIA,245.394,30750,125.31,34546,98.7,0.761,15.67,368405163.19,327204651.39,77581.19,
Ituporanga,4208500,ituporanguense,GEISON KURTZ,336.588,26525,78.81,28042,98,0.748,12.25,168493831.83,148795977.97,54630.43,
Jabor&aacute;,4208609,jaboraense,CLEVSON RODRIGO FREITAS,182.483,4310,23.62,4435,99.6,0.732,18.52,51926178.83,50475471.71,46508.96,
Jacinto Machado,4208708,jacinto-machadense,SANDER JUST,430.704,10624,24.67,10813,98.3,0.716,7.58,73557938.03,64655840.11,51246.68,
Jaguaruna,4208807,jaguarunense,LAERTE SILVA DOS SANTOS,326.362,20375,62.43,21284,97.3,0.721,-,137468335.31,117266571.57,41458.46,
Jaragu&aacute; do Sul,4208906,jaraguaense,JOS&Eacute; JAIR FRANZNER,530.818,182660,344.06,195753,98.3,0.803,10.16,1497760648.17,1464814467.81,65295.54,
Jardin&oacute;polis,4208955,jardinopolense,SADI GOMES FERREIRA,68.499,1776,25.93,1808,100,0.709,-,34974402.03,27096631.02,44286.54,
Joa&ccedil;aba,4209003,joa&ccedil;abense,VILSON SARTORI,241.637,30146,124.76,31509,99.8,0.827,5.38,323373548.59,318182363.31,77597.18,
Joinville,4209102,joinvilense,ADRIANO BORNSCHEIN SILVA,1127.837,616317,546.41,654888,97.3,0.809,6.84,4289685570.76,4189511651.39,74531.62,
Jos&eacute; Boiteux,4209151,jos&eacute;-boatense,GEOVANI LUNELLI,405.552,5985,14.76,6307,98.3,0.694,19.8,52671584.22,50690843.63,25993.68,
Jupi&aacute;,4209177,jupiaense,VALDELIRIO LOCATELLI DA CRUZ,91.448,2555,27.94,2675,99.1,0.719,-,36289146.72,29835329.28,42358.08,
Lacerd&oacute;polis,4209201,lacerdopolitano,HILARIO CHIAMOLERA,69.036,2248,32.56,2296,99.6,0.781,-,37240754.66,28706090.51,61277.74,
Lages,4209300,lageano,CARMEN EMILIA BONF&Aacute; ZANOTTO,2637.660,164981,62.55,171609,97.3,0.770,12.32,1042246877.85,961630591.71,41846.27,
Laguna,4209409,lagunense,PETERSON CRIPPA DA SILVA,333.259,42785,128.38,43992,97.7,0.752,6.9,227658220.14,201031278.71,23556.74,
Lajeado Grande,4209458,lajeado grandense,ANDERSON ELIAS BIANCHI,65.348,1702,26.05,1771,96,0.771,-,35500909.38,32468468.75,42366.11,
Laurentino,4209508,laurentinense,AGENOR AVI,79.333,7932,99.98,8427,97.6,0.749,9.62,59088918.14,3469051.79,62169.55,
Lauro M&uuml;ller,4209607,lauro-milense,VALDIR FONTANELLA,271.852,14381,52.90,14622,98.7,0.735,26.85,108978556.28,89637161.07,27226.41,
Lebon R&eacute;gis,4209706,lebon-regense,MARCELO SPAUTZ,941.640,11472,12.18,11605,95.3,0.649,17.65,88286684.06,74524435.84,34381.16,
Leoberto Leal,4209805,leobertense,MAICON SCHEIMANN,293.600,3330,11.34,3381,98.9,0.686,29.41,44346714.6,39016883.12,40465.25,
Lind&oacute;ia do Sul,4209854,lindoiense,FLAVIO LUIZ BENINI,190.171,4549,23.92,4611,98.1,0.743,21.74,53117124.32,50593405.21,33533.32,
Lontras,4209904,lontrense,RUBENS ROBERTO DOS SANTOS,197.586,12873,65.15,13586,98.5,0.704,6.67,91248876.5,85091549.99,37301.37,
Luiz Alves,4210001,luizalvense ou  luiz-alvense,BERTOLINO BACHMANN,260.106,11684,44.92,12126,96.7,0.737,24.39,98759071.12,98147513.19,59391.43,
Luzerna,4210035,luzernense,JULIANO SCHNEIDER,117.099,5794,49.48,5931,99.6,0.789,14.71,56137366.53,51351966.1,51550.66,
Macieira,4210050,macieirense,SIMONE CAMPAGNIM ZANELLA,261.208,1778,6.81,1800,94.1,0.662,-,36190122.67,29202606.5,33661.59,
Mafra,4210100,mafrense,EMERSON MAAS,1404.084,55286,39.38,57023,98.9,0.777,11.14,367002210.66,341401139.55,43817.87,
Major Gercino,4210209,majorense,RODRIGO DOS SANTOS,306.058,3214,10.50,3258,98,0.698,33.33,37139396.36,32973305.71,17931.82,
Major Vieira,4210308,major-vieirense,ALINE DAIANE RUTHES IARENHUK DA SILVA,520.816,7425,14.26,7545,97.8,0.690,11.63,67891515.85,52836147.67,36581.74,
Maracaj&aacute;,4210407,maracajaense,ANIBAL BRAMBILA,62.902,7815,124.24,8213,98.5,0.768,-,80575619.94,70836499.71,36595.2,
Maravilha,4210506,maravilhense,VINICIUS VENTURA,170.339,28251,165.85,30155,97.7,0.781,-,228343128.5,207163683,67792.65,
Marema,4210555,maremense,MAURI DAL BELLO,104.184,2184,20.96,2219,100,0.743,-,41213208.37,32982737.57,57602.29,
Massaranduba,4210605,massarandubense,MOACIR KASMIRSKI,374.459,17162,45.83,17897,98.4,0.774,-,143348940.76,121672325.07,43380.49,
Matos Costa,4210704,matos-costense,DANUZA RODRIGUES,435.391,2761,6.34,2795,98.4,0.657,-,38872973.2,34237361.95,25628.34,
Meleiro,4210803,meleirense,ANDERSON SCARDUELI,186.439,7006,37.58,7127,99.7,0.738,12.82,60767489.77,55246592.68,48697.4,
Mirim Doce,4210852,mirindocense,BERNARDO PERON,337.991,2511,7.43,2554,96.7,0.708,27.78,36248701.31,35312362.91,39625.65,
Modelo,4210902,modelense,BARBARA MILENA GELLER BARON,92.346,4080,44.18,4156,100,0.760,-,49654031.7,43602811.29,40285.25,
Monda&iacute;,4211009,mondaiense,ELIZANDRO MAINARDI,200.276,10066,50.26,10216,96.1,0.748,-,90887981.37,75573096.11,90503.33,
Monte Carlo,4211058,montecarlense,ALCIONE ROBERTO BUYNO,191.278,9117,47.66,9235,98.6,0.643,7.35,66662894.37,62245978.87,23468.47,
Monte Castelo,4211108,monte-castelense,SIRINEU RATOCHINSKI,560.743,7736,13.80,7787,98.4,0.675,8.26,62291702.62,55487405.58,28731.69,
Morro da Fuma&ccedil;a,4211207,fumacense,EDUARDO SARTOR GUOLLO,82.878,18537,223.83,19265,98.1,0.738,16.19,138062392.49,122278278.61,50954.44,
Morro Grande,4211256,morrograndense,CLELIO DANIEL OLIVO,260.143,3010,11.57,3085,100,0.701,-,39269988.83,35710021.52,50318.4,
Navegantes,4211306,navegantino,LIBARDONI LAURO CLAUDINO FRONZA,111.377,86401,775.75,93619,97.4,0.736,16.75,812529141.1,703196319.09,71643.41,
Nova Erechim,4211405,nova-erechinense,IARA CRISTINA PERIN,65.087,5155,79.20,5408,99.5,0.765,-,52134273.75,48614226.35,47845.46,
Nova Itaberaba,4211454,nova itaberadense,MARCIANO MAURO PAGLIARINI,137.069,4536,33.02,4648,98.4,0.736,17.86,49400455.27,42590376.83,43777.23,
Nova Trento,4211504,nova-trentino,MAXILIANO DE OLIVEIRA,402.852,13727,34.07,14252,99.1,0.748,6.13,117817736.54,105471590.81,46066.99,
Nova Veneza,4211603,veneziano,ANGELA MARIANA PANATO GHISLANDI DE MELO,295.063,13664,46.31,13968,99.4,0.768,-,112444530.15,99654285.14,69255.25,
Novo Horizonte,4211652,novo-horizontino,NAUDIR JOSE CADORE,151.722,2643,17.42,2670,100,0.706,-,38790763.63,32516408.33,50649.44,
Orleans,4211702,orleanense,FERNANDO CRUZETTA,549.859,23661,43.03,24474,98.1,0.755,9.55,166033208.58,146518354.26,51296.22,
Otac&iacute;lio Costa,4211751,otaciliense,FABIANO BALDESSAR DE SOUZA,847.253,17312,20.43,17780,96,0.740,4.44,156888106.09,136798250.74,51975.52,
Ouro,4211801,ourense,CLAUDIR DUARTE,213.543,7032,32.93,7091,98.8,0.774,-,65402331.08,53299170.36,34837.08,
Ouro Verde,4211850,ouro-verdense,MOACIR MOTTIN,188.568,2181,11.57,2203,98.1,0.695,64.52,38187939.98,33393066.06,62475.82,
Paial,4211876,paialense,ADELMO LUIS BRAATZ,86.048,1927,22.39,1992,100,0.718,-,39148476.24,32370406.85,40380.45,
Painel,4211892,painelense,MARCIO JOS&Eacute; BRANCO DE ANDRADE,738.331,2215,3.00,2228,97.4,0.664,-,40752430.78,28289499.26,36111.89,
Palho&ccedil;a,4211900,palhocense,EDUARDO FRECCIA,394.850,222598,563.75,245477,97.6,0.757,9.31,1291039689.06,1218958743.67,45940.71,
Palma Sola,4212007,palma-solense,MARCIO SANSIGOLO,330.878,7605,22.98,7709,98.7,0.704,38.46,60914183.93,51866736.31,45384.13,
Palmeira,4212056,palmeirense,SANDRO ALEX MASSELAI,289.097,2561,8.86,2640,92.8,0.671,-,43595160.73,41265120.07,70290.94,
Palmitos,4212106,palmitense,GIOVANA GIACOMOLLI,351.051,15626,44.51,15812,99,0.737,11.83,113914520.52,104257879.65,56599.05,
Papanduva,4212205,papanduvense,TAFAREL SCHONS,764.737,19150,25.04,19667,98.1,0.704,25.75,117541314.27,97253971.17,43734.95,
Para&iacute;so,4212239,paraisense,GILBERTO BELEGANTE,180.338,4267,23.66,4376,100,0.700,44.44,40830812.09,34910973.84,43632.07,
Passo de Torres,4212254,passo-torrense / passotorrense,VALMIR AUGUSTO RODRIGUES,92.638,12897,139.22,14284,97.5,0.720,14.93,95949582.6,93214684.36,25600.25,
Passos Maia,4212270,passosmaiense,NEIMAR LUIZ NERVIS,617.092,4034,6.54,4032,96.8,0.659,17.86,47500930.77,43186705.42,43019.07,
Paulo Lopes,4212304,paulo-lopense,FERNANDA RODRIGUES LEITE,446.165,9063,20.31,9661,98.9,0.716,-,70849492.35,61396193.22,32715.7,
Pedras Grandes,4212403,pedras-grandense,AGNALDO FILIPPI,159.892,4245,26.55,4343,98.8,0.728,-,44959021.73,52188287.83,61922.73,
Penha,4212502,penhense,LUIZ AMERICO PEREIRA,57.752,33663,582.89,36124,97.6,0.743,-,244234296.04,243002365.79,30475.02,
Peritiba,4212601,peritibense,PAULO JOS&Eacute; DEITOS,95.632,2992,31.11,3039,98.5,0.766,26.32,46293576.7,40968856.48,44253.39,
Pescaria Brava,4212650,bravense,LUIZ HENRIQUE CASTRO DE SOUZA,106.853,10190,95.36,10531,-,-,-,66796185.92,62655142.83,11680.06,
Petrol&acirc;ndia,4212700,petrolandense,RODRIGO DE SOUZA,306.760,6716,21.89,6942,99.3,0.716,-,54204040.18,50586209.75,38062.83,
Balne&aacute;rio Pi&ccedil;arras,4212809,pi&ccedil;arrense,TIAGO MACIEL BALTT,99.355,27127,273.03,29725,95.5,0.756,5.14,361607148.09,336136922.47,62076.5,
Pinhalzinho,4212908,pinhalense,ALESSANDRO BELTRAME,128.726,21972,170.69,23379,99.2,0.783,9.09,171719770.5,140723956.43,71746.97,
Pinheiro Preto,4213005,pinheiro-pretense,MAURO NEY OSMARIN,61.011,3473,56.92,3598,100,0.777,-,53220471.56,50620080.63,62514.45,
Piratuba,4213104,piratubense,VANDERLEI WEBER,146.088,5769,39.49,6053,99.7,0.758,12.2,83277366.51,74100517.17,220268.82,
Planalto Alegre,4213153,planaltoalegrense,EVANDRO CLEBER BET,63.100,2946,46.69,3053,100,0.751,30.3,38039480.57,33403086.49,48822.21,
Pomerode,4213203,pomerodense,RAFAEL RAMTHUN,214.299,34289,160.01,36392,98.7,0.780,5.62,290231395.04,327153959.6,81195.67,
Ponte Alta,4213302,ponte-altense,EDSON JULIO WOLINGER,575.170,4437,7.71,4430,98.4,0.673,19.61,45233172.47,36926958.25,38051.45,
Ponte Alta do Norte,4213351,norte pontealtense,MICHEL MOREIRA DA SILVA,396.882,3210,8.09,3249,97.9,0.689,-,36878557.62,29097409.35,48636.59,
Ponte Serrada,4213401,ponte-serradense,ADENIR FREITAS,560.731,10649,18.99,10764,98.4,0.693,16.22,74421473.21,71036637.63,24929.88,
Porto Belo,4213500,porto-belense,JOEL ORLANDO LUCINDA,93.673,27688,295.58,30590,97.4,0.760,11.27,382249306.19,333345508.24,65515.91,
Porto Uni&atilde;o,4213609,porto-unionense,JULIANO HASSAN,848.779,32970,38.84,33727,98.2,0.786,10.96,189128432.04,171571341.61,32220.81,
Pouso Redondo,4213708,pouso-redondense,RAFAEL NEITZKE TAMBOZI,356.539,17123,48.03,17836,98.6,0.720,12.24,119778598.33,113107865.6,40021.42,
Praia Grande,4213807,praia-grandense,ELISANDRO PEREIRA MACHADO,284.360,8270,29.08,8602,99,0.718,-,69718742.95,59645129.77,30559.62,
Presidente Castello Branco,4213906,castelinense,NEIVA KLEEMANN TONIELO,65.433,1689,25.81,1711,100,0.770,58.82,37222346.64,28995749.97,49750.06,
Presidente Get&uacute;lio,4214003,getulense,JACI JOS&Eacute; FILLAGRANNA BORTOLON,297.160,20010,67.34,21293,98,0.759,6.92,129677360.84,138131176.07,54804.92,
Presidente Nereu,4214102,nereusense,JIMMI LESKE,224.748,2301,10.24,2345,99.4,0.737,-,33324147.1,25380620.39,27528.44,
Princesa,4214151,princesense,DIANGELE FABIELE KLEIN MARMITT,85.598,2964,34.63,3054,99.3,0.706,20.83,41338798.64,36958626.17,46068.84,
Quilombo,4214201,quilombense,JAKSOM NATAL CASTELLI,278.983,11022,39.51,11359,97.3,0.730,7.19,94606425.29,87650744.45,47332.67,
Rancho Queimado,4214300,rancho-queimadense,TIAGO SCHUTZ,286.461,3279,11.45,3435,98.4,0.753,-,58040637.68,52028918.43,57206.61,
Rio das Antas,4214409,rio-antense,GILVANE APARECIDA DE MORAES,314.913,6253,19.86,6386,97.1,0.697,13.7,70970925.97,68000217.94,46469.64,
Rio do Campo,4214508,rio-campense,VIDAL BALAK,502.095,6452,12.85,6613,99.3,0.729,9.9,62392004.23,58058957.87,36309.6,
Rio do Oeste,4214607,riense-do-oeste,BRUNO PESSATTI,245.057,7747,31.61,8008,97.6,0.754,-,59999719,49541737.96,36560.56,
Rio dos Cedros,4214706,rio-cedrense,JORGE LUIZ STOLF,555.473,10865,19.56,11163,96.4,0.729,15.15,98701811.41,87844824.98,39786.84,
Rio do Sul,4214805,rio-sulense,MANOEL ARISOLI PEREIRA,260.817,72587,278.31,76390,96.5,0.802,6.62,589158168.1,530494721.34,50593.32,
Rio Fortuna,4214904,rio-fortunense,LINDOMAR BALLMANN,302.390,4847,16.03,5006,99,0.806,13.7,50837078.71,44744491.12,65391.05,
Rio Negrinho,4215000,rio-negrinhense,CAIO CESAR TREML,907.420,39261,43.27,40168,97.9,0.738,3.75,339664731.6,302169995.74,37822.98,
Rio Rufino,4215059,rio rufinense,ADEMAR DE BONA SARTOR,282.571,2397,8.48,2432,99.2,0.653,43.48,36111241.18,32199245.2,28204.81,
Riqueza,4215075,riquezense,JULIANO LUIZ BORTOLANZA,191.061,4768,24.96,4835,98.5,0.714,-,44639082.59,35310405.3,32629.64,
Rodeio,4215109,rodeiense,NEI PAULO VENTURI,129.001,12757,98.89,13321,96.5,0.754,7.94,77118766.26,73815933.28,33485.74,
Romel&acirc;ndia,4215208,romelandino,JUAREZ FURTADO,223.333,4823,21.60,4757,97.8,0.692,-,43143052.48,35318836.65,24284.48,
Salete,4215307,saletense,ANADIR KOCH BELLI,177.887,7489,42.10,7643,98.7,0.744,10.31,74098879.29,69035894.06,41456.71,
Saltinho,4215356,saltinhense,EDIMAR NORONHA DE FREITAS,156.568,3632,23.20,3633,98.6,0.654,-,41860460.37,34114991.44,25119.64,
Salto Veloso,4215406,velosoense,NEREU BORGA,104.974,4390,42.00,4486,98.4,0.784,-,58455799.48,49575015.89,55697.51,
Sang&atilde;o,4215455,sang&atilde;oense,CASTILHO SILVANO VIEIRA,82.984,12882,155.23,13567,94.9,0.700,14.56,82576611.13,70193555.05,35541.99,
Santa Cec&iacute;lia,4215505,ceciliense,CARLOS ENRIQUE GARCIA LANGER,1145.716,15546,13.57,15764,96.8,0.698,17.7,119942589.25,102248423.93,38931.54,
Santa Helena,4215554,santaelenense,CLOVIS LAZAROTTO,81.004,2425,29.94,2473,100,0.727,-,37275932.05,30550765.61,47568.58,
Santa Rosa de Lima,4215604,rosa-limense,SIUZETE VANDRESEN BAUMANN,203.218,2088,10.27,2128,97.7,0.757,-,34413295.74,27055124.78,33855.46,
Santa Rosa do Sul,4215653,sul-santarrosense,ALMIDES ROBERG SILVA DA ROSA,150.299,9792,65.15,10288,99.2,0.705,8.77,72512783.04,68927153.53,23706.37,
Santa Terezinha,4215679,terezinhense,VALQUIRIA SCHWARZ,715.551,8066,11.27,8077,97.4,0.669,-,57024672.23,50372988.9,30704.73,
Santa Terezinha do Progresso,4215687,terezinhano,ELISEU ALVES DA SILVA,119.653,2576,21.53,2562,98.5,0.682,51.28,35173777.28,31161755.34,28102.67,
Santiago do Sul,4215695,santiaguense,ALACIR DURANTE,73.335,1651,22.51,1714,99,0.728,-,32754603.54,30165096.09,40030.46,
Santo Amaro da Imperatriz,4215703,santo-amarense,GUSTAVO JOSE DE ABREU,344.235,27272,79.22,29392,99,0.781,3.18,211702527.24,202768515.31,52551.44,
S&atilde;o Bernardino,4215752,bernardinense,DALVIR LUIZ LUDWIG,149.891,2684,17.91,2719,99.4,0.677,-,37528099.93,32938194.06,39373.42,
S&atilde;o Bento do Sul,4215802,s&atilde;o-bentense,ANTONIO JOAQUIM TOMAZINI FILHO,495.002,83277,167.97,86851,97.8,0.782,4.9,699035152.9,609217109.55,54415.88,
S&atilde;o Bonif&aacute;cio,4215901,s&atilde;o-bonifacense,SAULO BUSS,461.438,2946,6.38,2986,98.9,0.731,-,34102820.79,28684426.56,40278.89,
S&atilde;o Carlos,4216008,s&atilde;o-carlense,DELTON PAULO BALBINOT,162.120,10282,63.42,10460,98.9,0.769,-,95311224.44,83444830.81,45458.73,
S&atilde;o Crist&oacute;v&atilde;o do Sul,4216057,s&atilde;o-cristovense,JAIME CESCA,345.903,6084,17.59,6389,97.3,0.665,14.71,52593941.31,48856012.41,38928.81,
S&atilde;o Domingos,4216107,dominguense,M&Aacute;RCIO LUIZ BIGOLIN GROSBELLI,367.525,9226,25.10,9356,98.2,0.765,9.62,64745495.99,60863477.1,47756.65,
S&atilde;o Francisco do Sul,4216206,francisquense,GODOFREDO GOMES MOREIRA FILHO,493.266,52674,106.79,55784,98.5,0.762,10.94,622672923.84,555441977.66,155542.28,
S&atilde;o Jo&atilde;o do Oeste,4216255,s&atilde;o-joanense,S&Eacute;RGIO LU&Iacute;S THEISEN,163.589,6295,38.44,6446,100,0.761,-,59181305.87,49795344.65,54990.07,
S&atilde;o Jo&atilde;o Batista,4216305,batistense,JULIANO PEIXER,200.765,32687,162.81,34733,94.9,0.740,6.52,222419642.31,203840899.09,25923.12,
S&atilde;o Jo&atilde;o do Itaperi&uacute;,4216354,itaperiuense,ROV&Acirc;NI DELMONEGO,151.885,4463,29.38,4732,98.6,0.738,-,55378544.82,41965171.43,89358.69,
S&atilde;o Jo&atilde;o do Sul,4216404,jo&atilde;o-sulense,ALEX SANDRO PEREIRA BIANCHIN,184.375,8668,47.01,9126,98.3,0.695,10.2,64680705.9,56258808.89,38582.35,
S&atilde;o Joaquim,4216503,joaquinense,JOSE TEODORO DE SENA AMARAL,1888.634,25939,13.73,26852,95.7,0.687,12.86,171854208.09,137417628.66,41474.58,
S&atilde;o Jos&eacute;,4216602,josefense,ORVINO COELHO DE &Aacute;VILA,150.499,270299,1796.02,289949,97.5,0.809,8.64,1488709278.06,1387126994.09,54544.43,
S&atilde;o Jos&eacute; do Cedro,4216701,cedrense,FERNANDO J&Uacute;LIO WILL,280.760,14167,50.46,14491,98.9,0.731,12.2,108820393.63,96042157.33,41136.18,
S&atilde;o Jos&eacute; do Cerrito,4216800,cerritense,TAINARA BARBOSA RAITZ,948.714,8708,9.18,8755,96.8,0.636,-,55394028.1,48252964.89,39583.67,
S&atilde;o Louren&ccedil;o do Oeste,4216909,lourencense ou lourenciano,AGUSTINHO ASSIS MENEGATTI,356.193,24791,69.60,25770,99,0.749,12.35,211774879.56,191034937.43,56707.72,
S&atilde;o Ludgero,4217006,s&atilde;o-ludgerense,PAULO SERGIO LORENZETTI,106.765,13509,126.53,14211,99.1,0.755,9.13,114414185.28,100974621.49,66911.55,
S&atilde;o Martinho,4217105,s&atilde;o-martinhense,ANELISE WIEMES,224.566,3405,15.16,3501,96.6,0.742,-,39416672.97,34997122.54,34550.76,
S&atilde;o Miguel da Boa Vista,4217154,boa-vistense,VANDERLEI BONALDO,72.755,1781,24.48,1788,98.5,0.710,-,37181125.43,32929533.43,28035.68,
S&atilde;o Miguel do Oeste,4217204,miguel-oestino,VARDELIDIO EDENILSON ZANARDI,233.830,44330,189.28,46969,97.7,0.801,9.85,278038772.9,261173671.72,52711.62,
S&atilde;o Pedro de Alc&acirc;ntara,4217253,alcantarense,CHARLES DA CUNHA,139.196,5776,41.50,6076,98.4,0.734,-,59382148.85,53034017.29,16725.49,
Saudades,4217303,saudadense,MACIEL SCHNEIDER,205.781,10265,49.88,10680,99.4,0.755,33.61,82839302.97,72771844.24,53385.25,
Schroeder,4217402,cheredense,JAIR BRIDAROLI,165.237,20061,121.41,21273,98.2,0.769,8.47,140356857.73,119692525.74,33593.65,
Seara,4217501,searaense,GILBERTO DE MORAES GON&Ccedil;ALVES,309.627,18620,60.14,19241,98.6,0.779,7.38,144546349.16,124196818.74,66924.22,
Serra Alta,4217550,serra-altense,RAFAEL MARIN,90.564,3303,36.47,3367,100,0.773,-,41408145.01,32161938.82,36326.4,
Sider&oacute;polis,4217600,sideropolitano,ANGELO FRANQUI SALVARO,262.003,13714,52.34,14087,99.4,0.774,6.33,97059367.1,91827256.15,47931.8,
Sombrio,4217709,sombriense,GISLANE DIAS DA CUNHA,143.457,29991,209.06,31397,97.6,0.728,5.12,195322154.14,170575331.36,29282.87,
Sul Brasil,4217758,sul brasilense,VANDERLEI GALLINA,113.125,2832,25.03,2894,99.3,0.707,-,41722903.87,36697692.58,34948.22,
Tai&oacute;,4217808,taioense,ARISTIDES ELOI VALENTINI,693.847,18310,26.39,18808,97.4,0.761,7.25,150592900.94,139938818.74,45466.26,
Tangar&aacute;,4217907,tangaraense,ALDAIR BIASIOLO,390.044,8143,20.88,8189,98.4,0.737,9.62,82813204.84,71579503.28,69474.97,
Tigrinhos,4217956,tigrinhense,SIDNEI CARLOS BERNHARD,56.962,2329,40.89,2480,100,0.717,33.33,35807059.07,31084919.24,40814.27,
Tijucas,4218004,tijuquense,MAICKON CAMPOS SGROTT,279.263,51592,184.81,56674,96.5,0.760,7.93,374686399.57,337795748.9,61114.71,
Timb&eacute; do Sul,4218103,timbeense,VILMAR MAFFIOLETTE,328.507,5386,16.40,5495,98.3,0.720,16.39,55437668.6,50798650.46,29011.31,
Timb&oacute;,4218202,timboense,FL&Aacute;VIO GERMANO BUZZI,128.313,46099,359.27,48903,98.2,0.784,15.63,311874530.74,319336291.71,55453.4,
Timb&oacute; Grande,4218251,timb&oacute;-grandense,ARI JOS&Eacute; GALESKI,596.344,7342,12.31,7503,95.2,0.659,8.62,65969284.7,60552290.05,37894.78,
Tr&ecirc;s Barras,4218301,tr&ecirc;s-barrense,ANA CLAUDIA DA SILVEIRA QUEGE,436.496,19746,45.24,20373,96.2,0.706,12.5,183994358.12,181830606.36,78265.31,
Treviso,4218350,trevisano,LUCIANO RUBENS MIOTELLI,156.610,3782,24.15,3895,99.8,0.774,-,53489857.97,48765258.59,58025.97,
Treze de Maio,4218400,treze-maioense,JAILSO BARDINI,159.833,7362,46.06,7585,97.1,0.729,18.35,48177973.47,46664081.55,28110.99,
Treze T&iacute;lias,4218509,treze-tiliense,ARMINDO ANSILIERO JUNIOR,176.927,8787,47.26,9308,97.7,0.795,6.71,91172540.77,84468248.39,101924.63,
Trombudo Central,4218608,trombudense,MARLON GOEDE,109.648,7274,66.34,7532,99.7,0.775,20,63920987.9,54766278.25,58343.18,
Tubar&atilde;o,4218707,tubaronense,ESTENER SORATTO DA SILVA JUNIOR,301.485,110088,365.15,115495,98.8,0.796,12.87,525063166.58,516905462,44956.12,
Tun&aacute;polis,4218756,tunapolitano,MARINO JOSE FREY,132.939,4916,36.98,5054,99.4,0.752,-,54447294.17,42008140.22,40447.82,
Turvo,4218806,turvense,HERIBERTO AFONSO SCHMIDT,235.104,13043,55.48,13492,98.5,0.740,6.37,92749865.44,90310688.03,56408.72,
Uni&atilde;o do Oeste,4218855,uni&atilde;o-oestense,EVERALDO LUIS CASONATTO,92.857,2774,29.87,2801,100,0.705,-,43664912.28,34916120.79,36007.99,
Urubici,4218905,urubiciense,LEANDRO DE SOUZA CORR&Ecirc;A,1021.371,10834,10.61,11048,96.7,0.694,-,85488886.44,76509376.27,31497.18,
Urupema,4218954,urupemense,CRISTIANE MUNIZ PAGANI ALMEIDA,350.472,2656,7.58,2735,99.7,0.699,-,34226634.92,29372326.29,36058.38,
Urussanga,4219002,urussanguense,STELA MARIS DE AGOSTIN TALAMINI,254.954,20919,82.05,21395,97.6,0.772,9.35,148859591.76,133186026.05,50731.67,
Varge&atilde;o,4219101,vargeonense,AMARILDO PAGLIA,166.685,3634,21.80,3716,94,0.686,-,52430014.71,45318496.06,56315.85,
Vargem,4219150,vargense,NELSON GASPERIN JUNIOR,350.606,2627,7.49,2632,98.9,0.629,41.67,34214613.25,30970767.3,48655.31,
Vargem Bonita,4219176,vargembonitense,NADIR PONTIN,299.807,4576,15.26,4615,99.3,0.718,-,67156765.54,52306403.76,122393.1,
Vidal Ramos,4219200,vidal-ramense,LAERCIO DA CRUZ,346.932,6189,17.84,6275,99.3,0.700,-,61532930.39,52149413.85,56130.12,
Videira,4219309,videirense,WILMAR CARELLI,384.126,55466,144.39,58299,96.9,0.764,9.14,459394131.73,421965879.14,63823.38,
Vitor Meireles,4219358,vitor-meirelense,MARCELO DAROLT,370.414,5370,14.50,5492,96.9,0.673,-,45372397.61,41798356.15,28993.17,
Witmarsum,4219408,witmarsumense,PAUL ZERNA,153.776,4255,27.67,4451,98.1,0.710,-,52221764.25,58856353,43449.39,
Xanxer&ecirc;,4219507,xanxerense,OSCAR MARTARELLO,377.426,51607,136.73,54194,98.6,0.775,7.33,303146780.83,256913590.05,51194.26,
Xavantina,4219606,xavantinense,VALDENIR JOSE MARCHIORO,218.032,3653,16.75,3627,99.4,0.749,-,53301522.49,43158832.32,54703.92,
Xaxim,4219705,xaxiense,EDILSON ANTONIO FOLLE,293.628,31918,108.70,33902,96.4,0.752,12.08,204924306.09,193112170.7,50967.99,
Zort&eacute;a,4219853,zorteense,ROSANE ANTUNES PIRES INFELD,190.028,3930,20.66,4170,98.9,0.761,-,49750304.38,43137803.9,30199.01,
Balne&aacute;rio Rinc&atilde;o,4220000,balneo-rinconense,LUIZ GUSTAVO DA LUZ NETO,63.512,15981,251.99,17226,-,-,5.08,127936190.32,118323779.32,22440.07,

<table class="fontes-container"><tr><th>Notas:</th></tr><tr><td>Escolariza&ccedil;&atilde;o <span>6 a 14 anos</span>: [população residente no município de 6 a 14 anos de idade matriculada no ensino regular/total de população residente no município de 6 a 14 anos de idade] x 100</td></tr><tr><th>Fontes:</th></tr><tr><td>Área Territorial: Área territorial brasileira 2022. Rio de Janeiro: IBGE, 2023</td></tr><tr><td>Popula&ccedil;&atilde;o no &uacute;ltimo censo: Censo 2022: População e Domicílios - Primeiros Resultados - Atualizado em 22/12/2023</td></tr><tr><td>Densidade demogr&aacute;fica: Censo 2022: População e Domicílios - Primeiros Resultados - Atualizado em 22/12/2023</td></tr><tr><td>Popula&ccedil;&atilde;o estimada: IBGE, Diretoria de Pesquisas, Coordenação de População e Indicadores Sociais, Estimativas da população residente com data de referência 1o de julho de 2024</td></tr><tr><td>Escolariza&ccedil;&atilde;o <span>6 a 14 anos</span>: IBGE, Censo Demográfico 2010</td></tr><tr><td>IDHM <span>&Iacute;ndice de desenvolvimento humano municipal</span>: Programa das Nações Unidas para o Desenvolvimento - PNUD</td></tr><tr><td>Mortalidade infantil: Ministério da Saúde, Departamento de Informática do Sistema Único de Saúde - DATASUS 2022</td></tr><tr><td>Total de receitas brutas realizadas: Siconfi: Sistema de Informações Contábeis e Fiscais do Setor Público Brasileiro. Brasília, DF, [2023]. Disponível em: https://siconfi.tesouro.gov.br/siconfi/pages/public/consulta_finbra/finbra_list.jsf. Acesso em: jun. 2024, Contas anuais. Receitas orçamentárias realizadas (Anexo I-C) 2023 e Despesas orçamentárias empenhadas (Anexo I-D) 2023. In: Brasil. Secretaria do Tesouro Nacional</td></tr><tr><td>Total de despesas brutas empenhadas: Siconfi: Sistema de Informações Contábeis e Fiscais do Setor Público Brasileiro. Brasília, DF, [2023]. Disponível em: https://siconfi.tesouro.gov.br/siconfi/pages/public/consulta_finbra/finbra_list.jsf. Acesso em: jun. 2024, Contas anuais. Receitas orçamentárias realizadas (Anexo I-C) 2023 e Despesas orçamentárias empenhadas (Anexo I-D) 2023. In: Brasil. Secretaria do Tesouro Nacional</td></tr><tr><td>PIB per capita: IBGE, em parceria com os Órgãos Estaduais de Estatística, Secretarias Estaduais de Governo e Superintendência da Zona Franca de Manaus - SUFRAMA</td></tr></table>